site_id,ts_utc,asset_id,asset_class,event_type,data_source,sim_run_id
11111111-1111-1111-1111-111111111111,2026-06-24T01:14:23.001298Z,b14db297-e308-4ce6-8cce-88edbafce40e,tesla_model_y_robotaxi_2024,departure,twin,f653bef9-4453-43a9-9210-f9bd512f5607
11111111-1111-1111-1111-111111111111,2026-06-24T01:27:23.189906Z,58f68551-abe5-439c-9835-f1c46612ca05,zoox_robotaxi_2024,departure,twin,f653bef9-4453-43a9-9210-f9bd512f5607
11111111-1111-1111-1111-111111111111,2026-06-24T01:27:39.280230Z,30892fc2-9078-4ec6-a8dc-006bc667cea3,zoox_robotaxi_2024,departure,twin,f653bef9-4453-43a9-9210-f9bd512f5607
11111111-1111-1111-1111-111111111111,2026-06-24T01:30:03.855169Z,4b179b26-a48b-4f65-aad1-74ce3179a85d,zoox_robotaxi_2024,departure,twin,f653bef9-4453-43a9-9210-f9bd512f5607
11111111-1111-1111-1111-111111111111,2026-06-24T01:33:44.242579Z,c3333333-0003-0003-0003-000000000001,zoox_robotaxi_2024,departure,twin,f653bef9-4453-43a9-9210-f9bd512f5607
11111111-1111-1111-1111-111111111111,2026-06-24T01:34:50.322484Z,0d43459d-a82f-4d46-9579-43fc89feb981,waymo_jaguar_ipace_2024,departure,twin,f653bef9-4453-43a9-9210-f9bd512f5607
11111111-1111-1111-1111-111111111111,2026-06-24T01:35:48.684862Z,b9ef130e-5de8-4084-a334-4ad8191bc096,waymo_jaguar_ipace_2024,departure,twin,f653bef9-4453-43a9-9210-f9bd512f5607
11111111-1111-1111-1111-111111111111,2026-06-24T01:40:13.953088Z,0cb0532c-6fbb-4ec7-abfb-69e7681e6630,waymo_jaguar_ipace_2024,departure,twin,f653bef9-4453-43a9-9210-f9bd512f5607
11111111-1111-1111-1111-111111111111,2026-06-24T01:40:20.462769Z,f0077a3a-5a40-4d50-bbe9-95a81a4acc8d,tesla_model_y_robotaxi_2024,departure,twin,f653bef9-4453-43a9-9210-f9bd512f5607
11111111-1111-1111-1111-111111111111,2026-06-24T01:40:24.265622Z,bfbaf0b2-48ad-4283-8391-80f301eda2be,zoox_robotaxi_2024,departure,twin,f653bef9-4453-43a9-9210-f9bd512f5607
11111111-1111-1111-1111-111111111111,2026-06-24T01:47:17.395305Z,12cb06f0-cf74-436f-a37a-e660a52dc7e6,waymo_jaguar_ipace_2024,departure,twin,f653bef9-4453-43a9-9210-f9bd512f5607
11111111-1111-1111-1111-111111111111,2026-06-24T01:48:52.912500Z,aff36072-eff1-4a55-be44-a55f5f8891e7,tesla_model_y_robotaxi_2024,departure,twin,f653bef9-4453-43a9-9210-f9bd512f5607
11111111-1111-1111-1111-111111111111,2026-06-24T01:49:23.974274Z,0ea2ccfe-bbb0-4da0-b3c3-d4a9ef9a1fb7,waymo_jaguar_ipace_2024,departure,twin,f653bef9-4453-43a9-9210-f9bd512f5607
11111111-1111-1111-1111-111111111111,2026-06-24T01:50:13.759465Z,7a138260-7c7d-40f9-9aaa-f41286a0aa6a,tesla_model_y_robotaxi_2024,departure,twin,f653bef9-4453-43a9-9210-f9bd512f5607
11111111-1111-1111-1111-111111111111,2026-06-24T01:52:46.313712Z,1b9b6ea1-ed97-4a07-9b72-4be8a7189792,tesla_model_y_robotaxi_2024,departure,twin,f653bef9-4453-43a9-9210-f9bd512f5607
11111111-1111-1111-1111-111111111111,2026-06-24T01:53:30.956639Z,b2222222-0002-0002-0002-000000000003,tesla_model_y_robotaxi_2024,departure,twin,f653bef9-4453-43a9-9210-f9bd512f5607
11111111-1111-1111-1111-111111111111,2026-06-24T01:54:21.978948Z,0cb1b8c6-c948-4937-8bf6-187442a7be1a,waymo_jaguar_ipace_2024,departure,twin,f653bef9-4453-43a9-9210-f9bd512f5607
11111111-1111-1111-1111-111111111111,2026-06-24T01:55:19.301426Z,1ad24ec9-3039-4ab4-9b78-68c35a26f603,waymo_jaguar_ipace_2024,departure,twin,f653bef9-4453-43a9-9210-f9bd512f5607
11111111-1111-1111-1111-111111111111,2026-06-24T01:55:26.146921Z,c8ae20e3-3613-4ad1-b003-274321c4a101,waymo_jaguar_ipace_2024,departure,twin,f653bef9-4453-43a9-9210-f9bd512f5607
11111111-1111-1111-1111-111111111111,2026-06-24T01:55:34.088728Z,aee7a860-ffee-4629-bfda-3ffc5b74dd38,waymo_jaguar_ipace_2024,departure,twin,f653bef9-4453-43a9-9210-f9bd512f5607
11111111-1111-1111-1111-111111111111,2026-06-24T01:55:59.193302Z,99ddf4ff-96d7-4257-b1ce-cb9437335ce8,tesla_model_y_robotaxi_2024,departure,twin,f653bef9-4453-43a9-9210-f9bd512f5607
11111111-1111-1111-1111-111111111111,2026-06-24T01:56:16.081230Z,137ab789-9a83-4ee9-9610-7fcd8238fe43,waymo_jaguar_ipace_2024,departure,twin,f653bef9-4453-43a9-9210-f9bd512f5607
11111111-1111-1111-1111-111111111111,2026-06-24T01:56:16.659721Z,8f680446-212c-4aca-bf07-f55b7fa0223e,zoox_robotaxi_2024,departure,twin,f653bef9-4453-43a9-9210-f9bd512f5607
11111111-1111-1111-1111-111111111111,2026-06-24T01:56:19.826711Z,b73b5763-07e4-48e3-9e8c-3158301af418,tesla_model_y_robotaxi_2024,departure,twin,f653bef9-4453-43a9-9210-f9bd512f5607
11111111-1111-1111-1111-111111111111,2026-06-24T01:57:50.949363Z,dd1579b1-5ab4-407f-a648-f05cc56f401b,waymo_jaguar_ipace_2024,departure,twin,f653bef9-4453-43a9-9210-f9bd512f5607
11111111-1111-1111-1111-111111111111,2026-06-24T01:57:55.885513Z,a1111111-0001-0001-0001-000000000003,waymo_jaguar_ipace_2024,departure,twin,f653bef9-4453-43a9-9210-f9bd512f5607
11111111-1111-1111-1111-111111111111,2026-06-24T01:57:57.139474Z,5f8af8a5-0a29-42e7-90d6-a933a2b56e64,tesla_model_y_robotaxi_2024,departure,twin,f653bef9-4453-43a9-9210-f9bd512f5607
11111111-1111-1111-1111-111111111111,2026-06-24T01:58:05.330190Z,03726c33-e4fb-4af4-b498-16f4dc5335b9,zoox_robotaxi_2024,departure,twin,f653bef9-4453-43a9-9210-f9bd512f5607
11111111-1111-1111-1111-111111111111,2026-06-24T01:58:06.909146Z,b2222222-0002-0002-0002-000000000002,tesla_model_y_robotaxi_2024,departure,twin,f653bef9-4453-43a9-9210-f9bd512f5607
11111111-1111-1111-1111-111111111111,2026-06-24T01:58:13.398908Z,4c3a7261-79d3-43bf-a498-1971ad39b937,tesla_model_y_robotaxi_2024,departure,twin,f653bef9-4453-43a9-9210-f9bd512f5607
11111111-1111-1111-1111-111111111111,2026-06-24T01:58:13.495945Z,fd6ec8c7-3bcc-4882-b77e-4b1fab99a064,zoox_robotaxi_2024,departure,twin,f653bef9-4453-43a9-9210-f9bd512f5607
11111111-1111-1111-1111-111111111111,2026-06-24T01:58:23.374672Z,6ef374e7-4d63-4d9e-a14b-8976ef9c9786,zoox_robotaxi_2024,departure,twin,f653bef9-4453-43a9-9210-f9bd512f5607
11111111-1111-1111-1111-111111111111,2026-06-24T01:58:35.679404Z,1225f10e-1355-45d5-ae28-2fdffd243425,waymo_jaguar_ipace_2024,departure,twin,f653bef9-4453-43a9-9210-f9bd512f5607
11111111-1111-1111-1111-111111111111,2026-06-24T01:58:48.894473Z,ca2624fc-c97d-4033-af1b-bf97756d3ad9,zoox_robotaxi_2024,departure,twin,f653bef9-4453-43a9-9210-f9bd512f5607
11111111-1111-1111-1111-111111111111,2026-06-24T01:58:59.748238Z,cadd7c81-433d-4158-90ac-b08ecbdcdf7a,waymo_jaguar_ipace_2024,departure,twin,f653bef9-4453-43a9-9210-f9bd512f5607
11111111-1111-1111-1111-111111111111,2026-06-24T01:59:01.459010Z,b2222222-0002-0002-0002-000000000001,tesla_model_y_robotaxi_2024,departure,twin,f653bef9-4453-43a9-9210-f9bd512f5607
11111111-1111-1111-1111-111111111111,2026-06-24T01:59:32.412011Z,c8c7cd10-99de-40ca-a0b2-03324d11ebaa,zoox_robotaxi_2024,departure,twin,f653bef9-4453-43a9-9210-f9bd512f5607
11111111-1111-1111-1111-111111111111,2026-06-24T01:59:39.140096Z,a1111111-0001-0001-0001-000000000005,waymo_jaguar_ipace_2024,departure,twin,f653bef9-4453-43a9-9210-f9bd512f5607
11111111-1111-1111-1111-111111111111,2026-06-24T01:59:42.131457Z,a24e3f67-3653-4bd0-9362-2dcfd3d6abe9,tesla_model_y_robotaxi_2024,departure,twin,f653bef9-4453-43a9-9210-f9bd512f5607
11111111-1111-1111-1111-111111111111,2026-06-24T01:59:51.054278Z,23cd462c-e81e-499c-ad8f-f9d57ea03fa9,waymo_jaguar_ipace_2024,departure,twin,f653bef9-4453-43a9-9210-f9bd512f5607
11111111-1111-1111-1111-111111111111,2026-06-24T01:59:58.468579Z,9e05d00e-41f2-4334-b25d-be7588560e82,zoox_robotaxi_2024,departure,twin,f653bef9-4453-43a9-9210-f9bd512f5607
11111111-1111-1111-1111-111111111111,2026-06-24T02:00:00.867414Z,5cee8fb3-d21e-46e2-88b1-5223114b1578,tesla_model_y_robotaxi_2024,departure,twin,f653bef9-4453-43a9-9210-f9bd512f5607
11111111-1111-1111-1111-111111111111,2026-06-24T02:00:10.705770Z,b2222222-0002-0002-0002-000000000006,tesla_model_y_robotaxi_2024,departure,twin,f653bef9-4453-43a9-9210-f9bd512f5607
11111111-1111-1111-1111-111111111111,2026-06-24T02:00:12.312649Z,3db69802-2cd3-433b-85ed-4f24ad8be006,waymo_jaguar_ipace_2024,departure,twin,f653bef9-4453-43a9-9210-f9bd512f5607
11111111-1111-1111-1111-111111111111,2026-06-24T02:06:43.197163Z,0d43459d-a82f-4d46-9579-43fc89feb981,waymo_jaguar_ipace_2024,arrival,twin,f653bef9-4453-43a9-9210-f9bd512f5607
11111111-1111-1111-1111-111111111111,2026-06-24T02:06:43.197163Z,cadd7c81-433d-4158-90ac-b08ecbdcdf7a,waymo_jaguar_ipace_2024,arrival,twin,f653bef9-4453-43a9-9210-f9bd512f5607
11111111-1111-1111-1111-111111111111,2026-06-24T02:06:43.197163Z,5f8af8a5-0a29-42e7-90d6-a933a2b56e64,tesla_model_y_robotaxi_2024,arrival,twin,f653bef9-4453-43a9-9210-f9bd512f5607
11111111-1111-1111-1111-111111111111,2026-06-24T02:06:43.197163Z,1ad24ec9-3039-4ab4-9b78-68c35a26f603,waymo_jaguar_ipace_2024,arrival,twin,f653bef9-4453-43a9-9210-f9bd512f5607
11111111-1111-1111-1111-111111111111,2026-06-24T02:06:43.197163Z,b14db297-e308-4ce6-8cce-88edbafce40e,tesla_model_y_robotaxi_2024,arrival,twin,f653bef9-4453-43a9-9210-f9bd512f5607
11111111-1111-1111-1111-111111111111,2026-06-24T02:06:43.197163Z,30892fc2-9078-4ec6-a8dc-006bc667cea3,zoox_robotaxi_2024,arrival,twin,f653bef9-4453-43a9-9210-f9bd512f5607
11111111-1111-1111-1111-111111111111,2026-06-24T02:06:43.197163Z,5cee8fb3-d21e-46e2-88b1-5223114b1578,tesla_model_y_robotaxi_2024,arrival,twin,f653bef9-4453-43a9-9210-f9bd512f5607
11111111-1111-1111-1111-111111111111,2026-06-24T02:06:43.197163Z,137ab789-9a83-4ee9-9610-7fcd8238fe43,waymo_jaguar_ipace_2024,arrival,twin,f653bef9-4453-43a9-9210-f9bd512f5607
11111111-1111-1111-1111-111111111111,2026-06-24T02:06:43.197163Z,dd1579b1-5ab4-407f-a648-f05cc56f401b,waymo_jaguar_ipace_2024,arrival,twin,f653bef9-4453-43a9-9210-f9bd512f5607
11111111-1111-1111-1111-111111111111,2026-06-24T02:06:43.197163Z,4c3a7261-79d3-43bf-a498-1971ad39b937,tesla_model_y_robotaxi_2024,arrival,twin,f653bef9-4453-43a9-9210-f9bd512f5607
11111111-1111-1111-1111-111111111111,2026-06-24T02:06:43.197163Z,7a138260-7c7d-40f9-9aaa-f41286a0aa6a,tesla_model_y_robotaxi_2024,arrival,twin,f653bef9-4453-43a9-9210-f9bd512f5607
11111111-1111-1111-1111-111111111111,2026-06-24T02:06:43.197163Z,4b179b26-a48b-4f65-aad1-74ce3179a85d,zoox_robotaxi_2024,arrival,twin,f653bef9-4453-43a9-9210-f9bd512f5607
11111111-1111-1111-1111-111111111111,2026-06-24T02:06:43.197163Z,58f68551-abe5-439c-9835-f1c46612ca05,zoox_robotaxi_2024,arrival,twin,f653bef9-4453-43a9-9210-f9bd512f5607
11111111-1111-1111-1111-111111111111,2026-06-24T02:06:43.197163Z,0ea2ccfe-bbb0-4da0-b3c3-d4a9ef9a1fb7,waymo_jaguar_ipace_2024,arrival,twin,f653bef9-4453-43a9-9210-f9bd512f5607
11111111-1111-1111-1111-111111111111,2026-06-24T02:06:43.197163Z,a1111111-0001-0001-0001-000000000003,waymo_jaguar_ipace_2024,arrival,twin,f653bef9-4453-43a9-9210-f9bd512f5607
11111111-1111-1111-1111-111111111111,2026-06-24T02:06:43.197163Z,aee7a860-ffee-4629-bfda-3ffc5b74dd38,waymo_jaguar_ipace_2024,arrival,twin,f653bef9-4453-43a9-9210-f9bd512f5607
11111111-1111-1111-1111-111111111111,2026-06-24T02:06:43.197163Z,a24e3f67-3653-4bd0-9362-2dcfd3d6abe9,tesla_model_y_robotaxi_2024,arrival,twin,f653bef9-4453-43a9-9210-f9bd512f5607
11111111-1111-1111-1111-111111111111,2026-06-24T02:06:43.197163Z,03726c33-e4fb-4af4-b498-16f4dc5335b9,zoox_robotaxi_2024,arrival,twin,f653bef9-4453-43a9-9210-f9bd512f5607
11111111-1111-1111-1111-111111111111,2026-06-24T02:06:43.197163Z,b9ef130e-5de8-4084-a334-4ad8191bc096,waymo_jaguar_ipace_2024,arrival,twin,f653bef9-4453-43a9-9210-f9bd512f5607
11111111-1111-1111-1111-111111111111,2026-06-24T02:06:43.197163Z,99ddf4ff-96d7-4257-b1ce-cb9437335ce8,tesla_model_y_robotaxi_2024,arrival,twin,f653bef9-4453-43a9-9210-f9bd512f5607
11111111-1111-1111-1111-111111111111,2026-06-24T02:06:43.197163Z,1b9b6ea1-ed97-4a07-9b72-4be8a7189792,tesla_model_y_robotaxi_2024,arrival,twin,f653bef9-4453-43a9-9210-f9bd512f5607
11111111-1111-1111-1111-111111111111,2026-06-24T02:06:43.197163Z,b73b5763-07e4-48e3-9e8c-3158301af418,tesla_model_y_robotaxi_2024,arrival,twin,f653bef9-4453-43a9-9210-f9bd512f5607
11111111-1111-1111-1111-111111111111,2026-06-24T02:06:43.197163Z,1225f10e-1355-45d5-ae28-2fdffd243425,waymo_jaguar_ipace_2024,arrival,twin,f653bef9-4453-43a9-9210-f9bd512f5607
11111111-1111-1111-1111-111111111111,2026-06-24T02:06:43.197163Z,b2222222-0002-0002-0002-000000000002,tesla_model_y_robotaxi_2024,arrival,twin,f653bef9-4453-43a9-9210-f9bd512f5607
11111111-1111-1111-1111-111111111111,2026-06-24T02:06:43.197163Z,6ef374e7-4d63-4d9e-a14b-8976ef9c9786,zoox_robotaxi_2024,arrival,twin,f653bef9-4453-43a9-9210-f9bd512f5607
11111111-1111-1111-1111-111111111111,2026-06-24T02:06:43.197163Z,f0077a3a-5a40-4d50-bbe9-95a81a4acc8d,tesla_model_y_robotaxi_2024,arrival,twin,f653bef9-4453-43a9-9210-f9bd512f5607
11111111-1111-1111-1111-111111111111,2026-06-24T02:06:43.197163Z,b2222222-0002-0002-0002-000000000001,tesla_model_y_robotaxi_2024,arrival,twin,f653bef9-4453-43a9-9210-f9bd512f5607
11111111-1111-1111-1111-111111111111,2026-06-24T02:06:43.197163Z,9e05d00e-41f2-4334-b25d-be7588560e82,zoox_robotaxi_2024,arrival,twin,f653bef9-4453-43a9-9210-f9bd512f5607
11111111-1111-1111-1111-111111111111,2026-06-24T02:06:43.197163Z,8f680446-212c-4aca-bf07-f55b7fa0223e,zoox_robotaxi_2024,arrival,twin,f653bef9-4453-43a9-9210-f9bd512f5607
11111111-1111-1111-1111-111111111111,2026-06-24T02:06:43.197163Z,ca2624fc-c97d-4033-af1b-bf97756d3ad9,zoox_robotaxi_2024,arrival,twin,f653bef9-4453-43a9-9210-f9bd512f5607
11111111-1111-1111-1111-111111111111,2026-06-24T02:06:43.197163Z,0cb1b8c6-c948-4937-8bf6-187442a7be1a,waymo_jaguar_ipace_2024,arrival,twin,f653bef9-4453-43a9-9210-f9bd512f5607
11111111-1111-1111-1111-111111111111,2026-06-24T02:06:43.197163Z,bfbaf0b2-48ad-4283-8391-80f301eda2be,zoox_robotaxi_2024,arrival,twin,f653bef9-4453-43a9-9210-f9bd512f5607
11111111-1111-1111-1111-111111111111,2026-06-24T02:06:43.197163Z,c8c7cd10-99de-40ca-a0b2-03324d11ebaa,zoox_robotaxi_2024,arrival,twin,f653bef9-4453-43a9-9210-f9bd512f5607
11111111-1111-1111-1111-111111111111,2026-06-24T02:06:43.197163Z,b2222222-0002-0002-0002-000000000006,tesla_model_y_robotaxi_2024,arrival,twin,f653bef9-4453-43a9-9210-f9bd512f5607
11111111-1111-1111-1111-111111111111,2026-06-24T02:06:43.197163Z,3db69802-2cd3-433b-85ed-4f24ad8be006,waymo_jaguar_ipace_2024,arrival,twin,f653bef9-4453-43a9-9210-f9bd512f5607
11111111-1111-1111-1111-111111111111,2026-06-24T02:06:43.197163Z,12cb06f0-cf74-436f-a37a-e660a52dc7e6,waymo_jaguar_ipace_2024,arrival,twin,f653bef9-4453-43a9-9210-f9bd512f5607
11111111-1111-1111-1111-111111111111,2026-06-24T02:06:43.197163Z,c8ae20e3-3613-4ad1-b003-274321c4a101,waymo_jaguar_ipace_2024,arrival,twin,f653bef9-4453-43a9-9210-f9bd512f5607
11111111-1111-1111-1111-111111111111,2026-06-24T02:06:43.197163Z,a1111111-0001-0001-0001-000000000005,waymo_jaguar_ipace_2024,arrival,twin,f653bef9-4453-43a9-9210-f9bd512f5607
11111111-1111-1111-1111-111111111111,2026-06-24T02:06:43.197163Z,23cd462c-e81e-499c-ad8f-f9d57ea03fa9,waymo_jaguar_ipace_2024,arrival,twin,f653bef9-4453-43a9-9210-f9bd512f5607
11111111-1111-1111-1111-111111111111,2026-06-24T02:06:43.197163Z,fd6ec8c7-3bcc-4882-b77e-4b1fab99a064,zoox_robotaxi_2024,arrival,twin,f653bef9-4453-43a9-9210-f9bd512f5607
11111111-1111-1111-1111-111111111111,2026-06-24T02:06:43.197163Z,aff36072-eff1-4a55-be44-a55f5f8891e7,tesla_model_y_robotaxi_2024,arrival,twin,f653bef9-4453-43a9-9210-f9bd512f5607
11111111-1111-1111-1111-111111111111,2026-06-24T02:06:43.197163Z,b2222222-0002-0002-0002-000000000003,tesla_model_y_robotaxi_2024,arrival,twin,f653bef9-4453-43a9-9210-f9bd512f5607
11111111-1111-1111-1111-111111111111,2026-06-24T02:06:43.197163Z,0cb0532c-6fbb-4ec7-abfb-69e7681e6630,waymo_jaguar_ipace_2024,arrival,twin,f653bef9-4453-43a9-9210-f9bd512f5607
11111111-1111-1111-1111-111111111111,2026-06-24T02:06:43.197163Z,c3333333-0003-0003-0003-000000000001,zoox_robotaxi_2024,arrival,twin,f653bef9-4453-43a9-9210-f9bd512f5607
11111111-1111-1111-1111-111111111111,2026-07-02T01:15:33.240850Z,aff36072-eff1-4a55-be44-a55f5f8891e7,tesla_model_y_robotaxi_2024,departure,twin,35aa33e3-a019-4ce7-ad4b-dca1a597412f
11111111-1111-1111-1111-111111111111,2026-07-02T01:17:03.697714Z,a1111111-0001-0001-0001-000000000005,waymo_jaguar_ipace_2024,departure,twin,35aa33e3-a019-4ce7-ad4b-dca1a597412f
11111111-1111-1111-1111-111111111111,2026-07-02T01:32:23.936869Z,1e6aa7f6-c47a-40fa-9d8e-8ea38d5f6173,waymo_jaguar_ipace_2024,departure,twin,35aa33e3-a019-4ce7-ad4b-dca1a597412f
11111111-1111-1111-1111-111111111111,2026-07-02T01:36:51.952342Z,3db69802-2cd3-433b-85ed-4f24ad8be006,waymo_jaguar_ipace_2024,departure,twin,35aa33e3-a019-4ce7-ad4b-dca1a597412f
11111111-1111-1111-1111-111111111111,2026-07-02T01:41:50.372838Z,1225f10e-1355-45d5-ae28-2fdffd243425,waymo_jaguar_ipace_2024,departure,twin,35aa33e3-a019-4ce7-ad4b-dca1a597412f
11111111-1111-1111-1111-111111111111,2026-07-02T01:52:51.084044Z,0ea2ccfe-bbb0-4da0-b3c3-d4a9ef9a1fb7,waymo_jaguar_ipace_2024,departure,twin,35aa33e3-a019-4ce7-ad4b-dca1a597412f
11111111-1111-1111-1111-111111111111,2026-07-02T01:54:54.094679Z,28417bea-eb30-4e9f-8ad8-3da0f1842398,zoox_robotaxi_2024,departure,twin,35aa33e3-a019-4ce7-ad4b-dca1a597412f
11111111-1111-1111-1111-111111111111,2026-07-02T01:57:14.812506Z,12cb06f0-cf74-436f-a37a-e660a52dc7e6,waymo_jaguar_ipace_2024,departure,twin,35aa33e3-a019-4ce7-ad4b-dca1a597412f
11111111-1111-1111-1111-111111111111,2026-07-02T01:58:15.897670Z,9458a4a5-a209-4e6d-a45b-470c4d664cbe,tesla_model_y_robotaxi_2024,departure,twin,35aa33e3-a019-4ce7-ad4b-dca1a597412f
11111111-1111-1111-1111-111111111111,2026-07-02T01:58:58.300505Z,d9d2a011-ac98-4567-87bd-ad70810ded40,zoox_robotaxi_2024,departure,twin,35aa33e3-a019-4ce7-ad4b-dca1a597412f
11111111-1111-1111-1111-111111111111,2026-07-02T01:59:14.667508Z,da022fb5-45f9-4a77-9fb8-d14db1e3a5b3,waymo_jaguar_ipace_2024,departure,twin,35aa33e3-a019-4ce7-ad4b-dca1a597412f
11111111-1111-1111-1111-111111111111,2026-07-02T02:00:29.206037Z,30892fc2-9078-4ec6-a8dc-006bc667cea3,zoox_robotaxi_2024,departure,twin,35aa33e3-a019-4ce7-ad4b-dca1a597412f
11111111-1111-1111-1111-111111111111,2026-07-02T02:04:19.366968Z,03d72f9c-de16-42ad-a6a2-2434511781c5,zoox_robotaxi_2024,departure,twin,35aa33e3-a019-4ce7-ad4b-dca1a597412f
11111111-1111-1111-1111-111111111111,2026-07-02T02:07:38.447180Z,b14db297-e308-4ce6-8cce-88edbafce40e,tesla_model_y_robotaxi_2024,departure,twin,35aa33e3-a019-4ce7-ad4b-dca1a597412f
11111111-1111-1111-1111-111111111111,2026-07-02T02:09:10.943571Z,34eff65e-af05-485c-bcc6-df10f99c219a,waymo_jaguar_ipace_2024,departure,twin,35aa33e3-a019-4ce7-ad4b-dca1a597412f
11111111-1111-1111-1111-111111111111,2026-07-02T02:10:55.875409Z,252ba623-b097-4ac4-8c0b-3cffa951448e,tesla_model_y_robotaxi_2024,departure,twin,35aa33e3-a019-4ce7-ad4b-dca1a597412f
11111111-1111-1111-1111-111111111111,2026-07-02T02:12:20.222293Z,cb4faba2-c3d5-467f-a1b9-e8f69f266401,waymo_jaguar_ipace_2024,departure,twin,35aa33e3-a019-4ce7-ad4b-dca1a597412f
11111111-1111-1111-1111-111111111111,2026-07-02T02:12:43.788415Z,814c9bc7-cf99-4028-93ba-1896279b574a,tesla_model_y_robotaxi_2024,departure,twin,35aa33e3-a019-4ce7-ad4b-dca1a597412f
11111111-1111-1111-1111-111111111111,2026-07-02T02:13:23.026148Z,c7d24f18-164f-46f1-88aa-6f747c6668fc,waymo_jaguar_ipace_2024,departure,twin,35aa33e3-a019-4ce7-ad4b-dca1a597412f
11111111-1111-1111-1111-111111111111,2026-07-02T02:13:55.415678Z,4c3a7261-79d3-43bf-a498-1971ad39b937,tesla_model_y_robotaxi_2024,departure,twin,35aa33e3-a019-4ce7-ad4b-dca1a597412f
11111111-1111-1111-1111-111111111111,2026-07-02T02:17:33.437513Z,c3333333-0003-0003-0003-000000000004,zoox_robotaxi_2024,departure,twin,35aa33e3-a019-4ce7-ad4b-dca1a597412f
11111111-1111-1111-1111-111111111111,2026-07-02T02:20:04.288888Z,b2222222-0002-0002-0002-000000000001,tesla_model_y_robotaxi_2024,departure,twin,35aa33e3-a019-4ce7-ad4b-dca1a597412f
11111111-1111-1111-1111-111111111111,2026-07-02T02:20:21.913672Z,ca2624fc-c97d-4033-af1b-bf97756d3ad9,zoox_robotaxi_2024,departure,twin,35aa33e3-a019-4ce7-ad4b-dca1a597412f
11111111-1111-1111-1111-111111111111,2026-07-02T02:20:59.869569Z,236edd3e-abd5-45f5-a053-7f66ab682162,zoox_robotaxi_2024,departure,twin,35aa33e3-a019-4ce7-ad4b-dca1a597412f
11111111-1111-1111-1111-111111111111,2026-07-02T02:21:19.095059Z,f0077a3a-5a40-4d50-bbe9-95a81a4acc8d,tesla_model_y_robotaxi_2024,departure,twin,35aa33e3-a019-4ce7-ad4b-dca1a597412f
11111111-1111-1111-1111-111111111111,2026-07-02T02:21:40.871138Z,1b9b6ea1-ed97-4a07-9b72-4be8a7189792,tesla_model_y_robotaxi_2024,departure,twin,35aa33e3-a019-4ce7-ad4b-dca1a597412f
11111111-1111-1111-1111-111111111111,2026-07-02T02:21:47.614223Z,77ecd026-12cb-458e-900a-4602511728d8,waymo_jaguar_ipace_2024,departure,twin,35aa33e3-a019-4ce7-ad4b-dca1a597412f
11111111-1111-1111-1111-111111111111,2026-07-02T02:22:16.468734Z,02ff42a9-de41-42d2-bfb9-00b681c02178,tesla_model_y_robotaxi_2024,departure,twin,35aa33e3-a019-4ce7-ad4b-dca1a597412f
11111111-1111-1111-1111-111111111111,2026-07-02T02:22:32.187989Z,b2222222-0002-0002-0002-000000000005,tesla_model_y_robotaxi_2024,departure,twin,35aa33e3-a019-4ce7-ad4b-dca1a597412f
11111111-1111-1111-1111-111111111111,2026-07-02T02:23:06.250689Z,b97789b5-3963-497d-9ca7-5b65e0168234,zoox_robotaxi_2024,departure,twin,35aa33e3-a019-4ce7-ad4b-dca1a597412f
11111111-1111-1111-1111-111111111111,2026-07-02T02:23:23.716365Z,54ec9dcb-76c1-4a7a-84e5-43ea4b3a7c8a,waymo_jaguar_ipace_2024,departure,twin,35aa33e3-a019-4ce7-ad4b-dca1a597412f
11111111-1111-1111-1111-111111111111,2026-07-02T02:23:58.607749Z,9f5d69bb-e932-4fa9-a659-4417bc861d00,zoox_robotaxi_2024,departure,twin,35aa33e3-a019-4ce7-ad4b-dca1a597412f
11111111-1111-1111-1111-111111111111,2026-07-02T02:24:39.675591Z,c8ae20e3-3613-4ad1-b003-274321c4a101,waymo_jaguar_ipace_2024,departure,twin,35aa33e3-a019-4ce7-ad4b-dca1a597412f
11111111-1111-1111-1111-111111111111,2026-07-02T02:25:04.276969Z,0cb1b8c6-c948-4937-8bf6-187442a7be1a,waymo_jaguar_ipace_2024,departure,twin,35aa33e3-a019-4ce7-ad4b-dca1a597412f
11111111-1111-1111-1111-111111111111,2026-07-02T02:25:17.666597Z,00cc3d0a-2518-446b-b9b7-e025e293e37b,waymo_jaguar_ipace_2024,departure,twin,35aa33e3-a019-4ce7-ad4b-dca1a597412f
11111111-1111-1111-1111-111111111111,2026-07-02T02:25:43.355672Z,cadd7c81-433d-4158-90ac-b08ecbdcdf7a,waymo_jaguar_ipace_2024,departure,twin,35aa33e3-a019-4ce7-ad4b-dca1a597412f
11111111-1111-1111-1111-111111111111,2026-07-02T02:26:25.771517Z,c3333333-0003-0003-0003-000000000003,zoox_robotaxi_2024,departure,twin,35aa33e3-a019-4ce7-ad4b-dca1a597412f
11111111-1111-1111-1111-111111111111,2026-07-02T02:27:14.270205Z,bfbaf0b2-48ad-4283-8391-80f301eda2be,zoox_robotaxi_2024,departure,twin,35aa33e3-a019-4ce7-ad4b-dca1a597412f
11111111-1111-1111-1111-111111111111,2026-07-02T02:27:37.803696Z,a1111111-0001-0001-0001-000000000004,waymo_jaguar_ipace_2024,departure,twin,35aa33e3-a019-4ce7-ad4b-dca1a597412f
11111111-1111-1111-1111-111111111111,2026-07-02T02:28:12.748840Z,9e05d00e-41f2-4334-b25d-be7588560e82,zoox_robotaxi_2024,departure,twin,35aa33e3-a019-4ce7-ad4b-dca1a597412f
11111111-1111-1111-1111-111111111111,2026-07-02T02:28:33.951646Z,616a06de-9b62-4c6a-8d87-70dd2a5a1aa0,tesla_model_y_robotaxi_2024,departure,twin,35aa33e3-a019-4ce7-ad4b-dca1a597412f
11111111-1111-1111-1111-111111111111,2026-07-02T02:28:39.822317Z,23cd462c-e81e-499c-ad8f-f9d57ea03fa9,waymo_jaguar_ipace_2024,departure,twin,35aa33e3-a019-4ce7-ad4b-dca1a597412f
11111111-1111-1111-1111-111111111111,2026-07-02T02:28:40.898139Z,37aee690-ce21-4aed-b9c1-12ff83521fa9,zoox_robotaxi_2024,departure,twin,35aa33e3-a019-4ce7-ad4b-dca1a597412f
11111111-1111-1111-1111-111111111111,2026-07-02T02:29:33.271101Z,8ef51846-f36e-47a8-8082-016079ed724c,waymo_jaguar_ipace_2024,departure,twin,35aa33e3-a019-4ce7-ad4b-dca1a597412f
11111111-1111-1111-1111-111111111111,2026-07-02T02:29:36.809933Z,f5c7d2a9-f6b6-46bb-8e61-5da2ec54b7db,waymo_jaguar_ipace_2024,departure,twin,35aa33e3-a019-4ce7-ad4b-dca1a597412f
11111111-1111-1111-1111-111111111111,2026-07-02T02:29:53.819749Z,a24e3f67-3653-4bd0-9362-2dcfd3d6abe9,tesla_model_y_robotaxi_2024,departure,twin,35aa33e3-a019-4ce7-ad4b-dca1a597412f
11111111-1111-1111-1111-111111111111,2026-07-02T02:29:55.439070Z,b2222222-0002-0002-0002-000000000004,tesla_model_y_robotaxi_2024,departure,twin,35aa33e3-a019-4ce7-ad4b-dca1a597412f
11111111-1111-1111-1111-111111111111,2026-07-02T02:29:55.761015Z,d0887837-3455-4e45-945a-2d9dd7f4bfbb,waymo_jaguar_ipace_2024,departure,twin,35aa33e3-a019-4ce7-ad4b-dca1a597412f
11111111-1111-1111-1111-111111111111,2026-07-02T02:30:00.009560Z,b19025e6-7990-4ab9-93a5-31eb9734e50b,tesla_model_y_robotaxi_2024,departure,twin,35aa33e3-a019-4ce7-ad4b-dca1a597412f
11111111-1111-1111-1111-111111111111,2026-07-02T02:30:02.453127Z,44444820-2eae-438b-8058-c3b01b89fef6,zoox_robotaxi_2024,departure,twin,35aa33e3-a019-4ce7-ad4b-dca1a597412f
11111111-1111-1111-1111-111111111111,2026-07-02T02:30:22.005767Z,5ea53696-baea-4459-8201-53059e64b6ec,waymo_jaguar_ipace_2024,departure,twin,35aa33e3-a019-4ce7-ad4b-dca1a597412f
11111111-1111-1111-1111-111111111111,2026-07-02T02:31:00.288905Z,72ccc3d4-87f6-47d2-be7f-044ac67e7cc0,waymo_jaguar_ipace_2024,departure,twin,35aa33e3-a019-4ce7-ad4b-dca1a597412f
11111111-1111-1111-1111-111111111111,2026-07-02T02:31:29.047809Z,2bc9a4a0-5f7d-4f1c-bdcd-d9a96efa9fc5,zoox_robotaxi_2024,departure,twin,35aa33e3-a019-4ce7-ad4b-dca1a597412f
11111111-1111-1111-1111-111111111111,2026-07-02T02:31:39.085118Z,8eeaaef3-086f-40c8-9e90-1b91d50d3333,waymo_jaguar_ipace_2024,departure,twin,35aa33e3-a019-4ce7-ad4b-dca1a597412f
11111111-1111-1111-1111-111111111111,2026-07-02T02:32:28.917870Z,d5dd0338-bbbb-4fd1-b529-d0fba31da0cd,tesla_model_y_robotaxi_2024,departure,twin,35aa33e3-a019-4ce7-ad4b-dca1a597412f
11111111-1111-1111-1111-111111111111,2026-07-02T02:32:30.685525Z,b2222222-0002-0002-0002-000000000006,tesla_model_y_robotaxi_2024,departure,twin,35aa33e3-a019-4ce7-ad4b-dca1a597412f
11111111-1111-1111-1111-111111111111,2026-07-02T02:32:38.236039Z,a45682eb-242b-42d2-9b15-703b54a3e4cc,tesla_model_y_robotaxi_2024,departure,twin,35aa33e3-a019-4ce7-ad4b-dca1a597412f
11111111-1111-1111-1111-111111111111,2026-07-02T02:32:49.598793Z,5cee8fb3-d21e-46e2-88b1-5223114b1578,tesla_model_y_robotaxi_2024,departure,twin,35aa33e3-a019-4ce7-ad4b-dca1a597412f
11111111-1111-1111-1111-111111111111,2026-07-02T02:32:52.105975Z,58f68551-abe5-439c-9835-f1c46612ca05,zoox_robotaxi_2024,departure,twin,35aa33e3-a019-4ce7-ad4b-dca1a597412f
11111111-1111-1111-1111-111111111111,2026-07-02T02:33:09.406927Z,c9746783-5432-47a5-aaf9-1f8a2978d03c,tesla_model_y_robotaxi_2024,departure,twin,35aa33e3-a019-4ce7-ad4b-dca1a597412f
11111111-1111-1111-1111-111111111111,2026-07-02T02:33:22.741201Z,b2222222-0002-0002-0002-000000000003,tesla_model_y_robotaxi_2024,departure,twin,35aa33e3-a019-4ce7-ad4b-dca1a597412f
11111111-1111-1111-1111-111111111111,2026-07-02T02:33:32.637707Z,5604331f-284d-4768-a521-b60693aebe25,zoox_robotaxi_2024,departure,twin,35aa33e3-a019-4ce7-ad4b-dca1a597412f
11111111-1111-1111-1111-111111111111,2026-07-02T02:33:34.947183Z,5fe5fe42-3237-4734-b819-37876ceb4454,waymo_jaguar_ipace_2024,departure,twin,35aa33e3-a019-4ce7-ad4b-dca1a597412f
11111111-1111-1111-1111-111111111111,2026-07-02T02:33:36.385444Z,ec5d2c18-bc65-400e-a9db-811be2b75659,tesla_model_y_robotaxi_2024,departure,twin,35aa33e3-a019-4ce7-ad4b-dca1a597412f
11111111-1111-1111-1111-111111111111,2026-07-02T02:33:43.173522Z,4b179b26-a48b-4f65-aad1-74ce3179a85d,zoox_robotaxi_2024,departure,twin,35aa33e3-a019-4ce7-ad4b-dca1a597412f
11111111-1111-1111-1111-111111111111,2026-07-02T02:33:43.996952Z,a8cb8731-fb8b-4b96-8f24-52064752feb8,tesla_model_y_robotaxi_2024,departure,twin,35aa33e3-a019-4ce7-ad4b-dca1a597412f
11111111-1111-1111-1111-111111111111,2026-07-02T02:33:44.006987Z,2cd2cbf3-9de8-48c0-9bd8-935aedb744d7,waymo_jaguar_ipace_2024,departure,twin,35aa33e3-a019-4ce7-ad4b-dca1a597412f
11111111-1111-1111-1111-111111111111,2026-07-02T02:33:45.880395Z,c3333333-0003-0003-0003-000000000001,zoox_robotaxi_2024,departure,twin,35aa33e3-a019-4ce7-ad4b-dca1a597412f
11111111-1111-1111-1111-111111111111,2026-07-02T02:33:54.853576Z,73e86c55-4eeb-43b3-943d-f700b40386af,waymo_jaguar_ipace_2024,departure,twin,35aa33e3-a019-4ce7-ad4b-dca1a597412f
11111111-1111-1111-1111-111111111111,2026-07-02T02:33:56.475387Z,a1111111-0001-0001-0001-000000000006,waymo_jaguar_ipace_2024,departure,twin,35aa33e3-a019-4ce7-ad4b-dca1a597412f
11111111-1111-1111-1111-111111111111,2026-07-02T02:34:03.682353Z,96b10b07-87e0-4dd5-8a2b-376532cbd8ec,waymo_jaguar_ipace_2024,departure,twin,35aa33e3-a019-4ce7-ad4b-dca1a597412f
11111111-1111-1111-1111-111111111111,2026-07-02T02:34:06.319834Z,6fdd7f85-9754-43fc-8b73-bafcfef54374,tesla_model_y_robotaxi_2024,departure,twin,35aa33e3-a019-4ce7-ad4b-dca1a597412f
11111111-1111-1111-1111-111111111111,2026-07-02T02:34:09.172280Z,a1111111-0001-0001-0001-000000000001,waymo_jaguar_ipace_2024,departure,twin,35aa33e3-a019-4ce7-ad4b-dca1a597412f
11111111-1111-1111-1111-111111111111,2026-07-02T02:34:10.538082Z,9be45c35-ab40-4b47-8ea6-c4eecb5860b4,tesla_model_y_robotaxi_2024,departure,twin,35aa33e3-a019-4ce7-ad4b-dca1a597412f
11111111-1111-1111-1111-111111111111,2026-07-02T02:34:11.294234Z,ab7adca4-c402-4577-aca1-8a420eea3b8f,tesla_model_y_robotaxi_2024,departure,twin,35aa33e3-a019-4ce7-ad4b-dca1a597412f
11111111-1111-1111-1111-111111111111,2026-07-02T02:34:13.161033Z,99ddf4ff-96d7-4257-b1ce-cb9437335ce8,tesla_model_y_robotaxi_2024,departure,twin,35aa33e3-a019-4ce7-ad4b-dca1a597412f
11111111-1111-1111-1111-111111111111,2026-07-02T02:34:13.205629Z,091fa637-9f10-4cef-81e1-3ac58ee652a4,waymo_jaguar_ipace_2024,departure,twin,35aa33e3-a019-4ce7-ad4b-dca1a597412f
11111111-1111-1111-1111-111111111111,2026-07-02T02:34:14.722441Z,54aeb4ca-1a75-491a-8dcd-974035642eb7,zoox_robotaxi_2024,departure,twin,35aa33e3-a019-4ce7-ad4b-dca1a597412f
11111111-1111-1111-1111-111111111111,2026-07-02T02:34:16.012010Z,9e209f49-b30d-4544-a310-c76b3fbe8529,tesla_model_y_robotaxi_2024,departure,twin,35aa33e3-a019-4ce7-ad4b-dca1a597412f
11111111-1111-1111-1111-111111111111,2026-07-02T02:34:16.632575Z,73e4a749-9f4f-4586-8c73-7351786ca4a9,waymo_jaguar_ipace_2024,departure,twin,35aa33e3-a019-4ce7-ad4b-dca1a597412f
11111111-1111-1111-1111-111111111111,2026-07-02T02:34:19.792568Z,dd1579b1-5ab4-407f-a648-f05cc56f401b,waymo_jaguar_ipace_2024,departure,twin,35aa33e3-a019-4ce7-ad4b-dca1a597412f
11111111-1111-1111-1111-111111111111,2026-07-02T02:34:25.725046Z,380f0f38-a540-4f24-9ee3-a7112d4c6f23,tesla_model_y_robotaxi_2024,departure,twin,35aa33e3-a019-4ce7-ad4b-dca1a597412f
11111111-1111-1111-1111-111111111111,2026-07-02T02:34:29.752923Z,0cb0532c-6fbb-4ec7-abfb-69e7681e6630,waymo_jaguar_ipace_2024,departure,twin,35aa33e3-a019-4ce7-ad4b-dca1a597412f
11111111-1111-1111-1111-111111111111,2026-07-02T02:44:00.324072Z,d5dd0338-bbbb-4fd1-b529-d0fba31da0cd,tesla_model_y_robotaxi_2024,arrival,twin,35aa33e3-a019-4ce7-ad4b-dca1a597412f
11111111-1111-1111-1111-111111111111,2026-07-02T02:46:00.207269Z,a1111111-0001-0001-0001-000000000006,waymo_jaguar_ipace_2024,arrival,twin,35aa33e3-a019-4ce7-ad4b-dca1a597412f
11111111-1111-1111-1111-111111111111,2026-07-02T02:54:00.227712Z,37aee690-ce21-4aed-b9c1-12ff83521fa9,zoox_robotaxi_2024,arrival,twin,35aa33e3-a019-4ce7-ad4b-dca1a597412f
11111111-1111-1111-1111-111111111111,2026-07-02T02:56:00.364802Z,c9746783-5432-47a5-aaf9-1f8a2978d03c,tesla_model_y_robotaxi_2024,arrival,twin,35aa33e3-a019-4ce7-ad4b-dca1a597412f
11111111-1111-1111-1111-111111111111,2026-07-02T02:56:00.364802Z,4b179b26-a48b-4f65-aad1-74ce3179a85d,zoox_robotaxi_2024,arrival,twin,35aa33e3-a019-4ce7-ad4b-dca1a597412f
11111111-1111-1111-1111-111111111111,2026-07-02T03:00:00.307287Z,f5c7d2a9-f6b6-46bb-8e61-5da2ec54b7db,waymo_jaguar_ipace_2024,arrival,twin,35aa33e3-a019-4ce7-ad4b-dca1a597412f
11111111-1111-1111-1111-111111111111,2026-07-02T03:04:00.315816Z,d0887837-3455-4e45-945a-2d9dd7f4bfbb,waymo_jaguar_ipace_2024,arrival,twin,35aa33e3-a019-4ce7-ad4b-dca1a597412f
11111111-1111-1111-1111-111111111111,2026-07-02T03:06:00.255647Z,dd1579b1-5ab4-407f-a648-f05cc56f401b,waymo_jaguar_ipace_2024,arrival,twin,35aa33e3-a019-4ce7-ad4b-dca1a597412f
11111111-1111-1111-1111-111111111111,2026-07-02T03:06:00.255647Z,cadd7c81-433d-4158-90ac-b08ecbdcdf7a,waymo_jaguar_ipace_2024,arrival,twin,35aa33e3-a019-4ce7-ad4b-dca1a597412f
11111111-1111-1111-1111-111111111111,2026-07-02T03:08:00.327108Z,5cee8fb3-d21e-46e2-88b1-5223114b1578,tesla_model_y_robotaxi_2024,arrival,twin,35aa33e3-a019-4ce7-ad4b-dca1a597412f
11111111-1111-1111-1111-111111111111,2026-07-02T03:10:00.251668Z,c3333333-0003-0003-0003-000000000001,zoox_robotaxi_2024,arrival,twin,35aa33e3-a019-4ce7-ad4b-dca1a597412f
11111111-1111-1111-1111-111111111111,2026-07-02T03:10:00.251668Z,b2222222-0002-0002-0002-000000000003,tesla_model_y_robotaxi_2024,arrival,twin,35aa33e3-a019-4ce7-ad4b-dca1a597412f
11111111-1111-1111-1111-111111111111,2026-07-02T03:10:00.251668Z,bfbaf0b2-48ad-4283-8391-80f301eda2be,zoox_robotaxi_2024,arrival,twin,35aa33e3-a019-4ce7-ad4b-dca1a597412f
11111111-1111-1111-1111-111111111111,2026-07-02T03:14:00.132922Z,380f0f38-a540-4f24-9ee3-a7112d4c6f23,tesla_model_y_robotaxi_2024,arrival,twin,35aa33e3-a019-4ce7-ad4b-dca1a597412f
11111111-1111-1111-1111-111111111111,2026-07-02T03:16:00.355576Z,5fe5fe42-3237-4734-b819-37876ceb4454,waymo_jaguar_ipace_2024,arrival,twin,35aa33e3-a019-4ce7-ad4b-dca1a597412f
11111111-1111-1111-1111-111111111111,2026-07-02T03:16:00.355576Z,b2222222-0002-0002-0002-000000000006,tesla_model_y_robotaxi_2024,arrival,twin,35aa33e3-a019-4ce7-ad4b-dca1a597412f
11111111-1111-1111-1111-111111111111,2026-07-02T03:20:00.330431Z,b97789b5-3963-497d-9ca7-5b65e0168234,zoox_robotaxi_2024,arrival,twin,35aa33e3-a019-4ce7-ad4b-dca1a597412f
11111111-1111-1111-1111-111111111111,2026-07-02T03:20:00.330431Z,8eeaaef3-086f-40c8-9e90-1b91d50d3333,waymo_jaguar_ipace_2024,arrival,twin,35aa33e3-a019-4ce7-ad4b-dca1a597412f
11111111-1111-1111-1111-111111111111,2026-07-02T03:20:00.330431Z,c8ae20e3-3613-4ad1-b003-274321c4a101,waymo_jaguar_ipace_2024,arrival,twin,35aa33e3-a019-4ce7-ad4b-dca1a597412f
11111111-1111-1111-1111-111111111111,2026-07-02T03:22:00.254219Z,252ba623-b097-4ac4-8c0b-3cffa951448e,tesla_model_y_robotaxi_2024,arrival,twin,35aa33e3-a019-4ce7-ad4b-dca1a597412f
11111111-1111-1111-1111-111111111111,2026-07-02T03:22:00.254219Z,ca2624fc-c97d-4033-af1b-bf97756d3ad9,zoox_robotaxi_2024,arrival,twin,35aa33e3-a019-4ce7-ad4b-dca1a597412f
11111111-1111-1111-1111-111111111111,2026-07-02T03:24:00.353036Z,72ccc3d4-87f6-47d2-be7f-044ac67e7cc0,waymo_jaguar_ipace_2024,arrival,twin,35aa33e3-a019-4ce7-ad4b-dca1a597412f
11111111-1111-1111-1111-111111111111,2026-07-02T03:24:00.353036Z,77ecd026-12cb-458e-900a-4602511728d8,waymo_jaguar_ipace_2024,arrival,twin,35aa33e3-a019-4ce7-ad4b-dca1a597412f
11111111-1111-1111-1111-111111111111,2026-07-02T03:28:00.269078Z,a24e3f67-3653-4bd0-9362-2dcfd3d6abe9,tesla_model_y_robotaxi_2024,arrival,twin,35aa33e3-a019-4ce7-ad4b-dca1a597412f
11111111-1111-1111-1111-111111111111,2026-07-02T03:28:00.269078Z,ab7adca4-c402-4577-aca1-8a420eea3b8f,tesla_model_y_robotaxi_2024,arrival,twin,35aa33e3-a019-4ce7-ad4b-dca1a597412f
11111111-1111-1111-1111-111111111111,2026-07-02T03:30:00.292496Z,54ec9dcb-76c1-4a7a-84e5-43ea4b3a7c8a,waymo_jaguar_ipace_2024,arrival,twin,35aa33e3-a019-4ce7-ad4b-dca1a597412f
11111111-1111-1111-1111-111111111111,2026-07-02T03:34:00.408232Z,73e4a749-9f4f-4586-8c73-7351786ca4a9,waymo_jaguar_ipace_2024,arrival,twin,35aa33e3-a019-4ce7-ad4b-dca1a597412f
11111111-1111-1111-1111-111111111111,2026-07-02T03:36:00.322751Z,f0077a3a-5a40-4d50-bbe9-95a81a4acc8d,tesla_model_y_robotaxi_2024,arrival,twin,35aa33e3-a019-4ce7-ad4b-dca1a597412f
11111111-1111-1111-1111-111111111111,2026-07-02T03:38:00.327048Z,5ea53696-baea-4459-8201-53059e64b6ec,waymo_jaguar_ipace_2024,arrival,twin,35aa33e3-a019-4ce7-ad4b-dca1a597412f
11111111-1111-1111-1111-111111111111,2026-07-02T03:40:00.285346Z,00cc3d0a-2518-446b-b9b7-e025e293e37b,waymo_jaguar_ipace_2024,arrival,twin,35aa33e3-a019-4ce7-ad4b-dca1a597412f
11111111-1111-1111-1111-111111111111,2026-07-02T03:42:00.325769Z,1b9b6ea1-ed97-4a07-9b72-4be8a7189792,tesla_model_y_robotaxi_2024,arrival,twin,35aa33e3-a019-4ce7-ad4b-dca1a597412f
11111111-1111-1111-1111-111111111111,2026-07-02T03:42:00.325769Z,58f68551-abe5-439c-9835-f1c46612ca05,zoox_robotaxi_2024,arrival,twin,35aa33e3-a019-4ce7-ad4b-dca1a597412f
11111111-1111-1111-1111-111111111111,2026-07-02T03:44:00.398436Z,a45682eb-242b-42d2-9b15-703b54a3e4cc,tesla_model_y_robotaxi_2024,arrival,twin,35aa33e3-a019-4ce7-ad4b-dca1a597412f
11111111-1111-1111-1111-111111111111,2026-07-02T03:44:00.398436Z,54aeb4ca-1a75-491a-8dcd-974035642eb7,zoox_robotaxi_2024,arrival,twin,35aa33e3-a019-4ce7-ad4b-dca1a597412f
11111111-1111-1111-1111-111111111111,2026-07-02T03:46:00.306712Z,ec5d2c18-bc65-400e-a9db-811be2b75659,tesla_model_y_robotaxi_2024,arrival,twin,35aa33e3-a019-4ce7-ad4b-dca1a597412f
11111111-1111-1111-1111-111111111111,2026-07-02T03:46:00.306712Z,2bc9a4a0-5f7d-4f1c-bdcd-d9a96efa9fc5,zoox_robotaxi_2024,arrival,twin,35aa33e3-a019-4ce7-ad4b-dca1a597412f
11111111-1111-1111-1111-111111111111,2026-07-02T03:52:00.332154Z,c3333333-0003-0003-0003-000000000003,zoox_robotaxi_2024,arrival,twin,35aa33e3-a019-4ce7-ad4b-dca1a597412f
11111111-1111-1111-1111-111111111111,2026-07-02T04:00:00.256336Z,9e209f49-b30d-4544-a310-c76b3fbe8529,tesla_model_y_robotaxi_2024,arrival,twin,35aa33e3-a019-4ce7-ad4b-dca1a597412f
11111111-1111-1111-1111-111111111111,2026-07-02T04:04:00.239332Z,b2222222-0002-0002-0002-000000000004,tesla_model_y_robotaxi_2024,arrival,twin,35aa33e3-a019-4ce7-ad4b-dca1a597412f
11111111-1111-1111-1111-111111111111,2026-07-02T04:04:00.239332Z,6fdd7f85-9754-43fc-8b73-bafcfef54374,tesla_model_y_robotaxi_2024,arrival,twin,35aa33e3-a019-4ce7-ad4b-dca1a597412f
11111111-1111-1111-1111-111111111111,2026-07-02T04:12:00.303845Z,44444820-2eae-438b-8058-c3b01b89fef6,zoox_robotaxi_2024,arrival,twin,35aa33e3-a019-4ce7-ad4b-dca1a597412f
11111111-1111-1111-1111-111111111111,2026-07-02T04:14:00.242316Z,0cb1b8c6-c948-4937-8bf6-187442a7be1a,waymo_jaguar_ipace_2024,arrival,twin,35aa33e3-a019-4ce7-ad4b-dca1a597412f
11111111-1111-1111-1111-111111111111,2026-07-02T04:20:00.317928Z,34eff65e-af05-485c-bcc6-df10f99c219a,waymo_jaguar_ipace_2024,arrival,twin,35aa33e3-a019-4ce7-ad4b-dca1a597412f
11111111-1111-1111-1111-111111111111,2026-07-02T04:20:00.317928Z,a8cb8731-fb8b-4b96-8f24-52064752feb8,tesla_model_y_robotaxi_2024,arrival,twin,35aa33e3-a019-4ce7-ad4b-dca1a597412f
11111111-1111-1111-1111-111111111111,2026-07-02T04:22:00.241853Z,cb4faba2-c3d5-467f-a1b9-e8f69f266401,waymo_jaguar_ipace_2024,arrival,twin,35aa33e3-a019-4ce7-ad4b-dca1a597412f
11111111-1111-1111-1111-111111111111,2026-07-02T04:32:00.235790Z,8ef51846-f36e-47a8-8082-016079ed724c,waymo_jaguar_ipace_2024,arrival,twin,35aa33e3-a019-4ce7-ad4b-dca1a597412f
11111111-1111-1111-1111-111111111111,2026-07-02T04:32:00.235790Z,99ddf4ff-96d7-4257-b1ce-cb9437335ce8,tesla_model_y_robotaxi_2024,arrival,twin,35aa33e3-a019-4ce7-ad4b-dca1a597412f
11111111-1111-1111-1111-111111111111,2026-07-02T04:32:00.235790Z,5604331f-284d-4768-a521-b60693aebe25,zoox_robotaxi_2024,arrival,twin,35aa33e3-a019-4ce7-ad4b-dca1a597412f
11111111-1111-1111-1111-111111111111,2026-07-02T04:38:00.270231Z,2cd2cbf3-9de8-48c0-9bd8-935aedb744d7,waymo_jaguar_ipace_2024,arrival,twin,35aa33e3-a019-4ce7-ad4b-dca1a597412f
11111111-1111-1111-1111-111111111111,2026-07-02T04:40:00.290290Z,616a06de-9b62-4c6a-8d87-70dd2a5a1aa0,tesla_model_y_robotaxi_2024,arrival,twin,35aa33e3-a019-4ce7-ad4b-dca1a597412f
11111111-1111-1111-1111-111111111111,2026-07-02T04:40:00.290290Z,a1111111-0001-0001-0001-000000000001,waymo_jaguar_ipace_2024,arrival,twin,35aa33e3-a019-4ce7-ad4b-dca1a597412f
11111111-1111-1111-1111-111111111111,2026-07-02T04:52:00.291472Z,9e05d00e-41f2-4334-b25d-be7588560e82,zoox_robotaxi_2024,arrival,twin,35aa33e3-a019-4ce7-ad4b-dca1a597412f
11111111-1111-1111-1111-111111111111,2026-07-02T04:56:00.355408Z,236edd3e-abd5-45f5-a053-7f66ab682162,zoox_robotaxi_2024,arrival,twin,35aa33e3-a019-4ce7-ad4b-dca1a597412f
11111111-1111-1111-1111-111111111111,2026-07-02T05:00:00.332364Z,0cb0532c-6fbb-4ec7-abfb-69e7681e6630,waymo_jaguar_ipace_2024,arrival,twin,35aa33e3-a019-4ce7-ad4b-dca1a597412f
11111111-1111-1111-1111-111111111111,2026-07-02T05:04:00.581542Z,12cb06f0-cf74-436f-a37a-e660a52dc7e6,waymo_jaguar_ipace_2024,arrival,twin,35aa33e3-a019-4ce7-ad4b-dca1a597412f
11111111-1111-1111-1111-111111111111,2026-07-02T05:06:00.252862Z,02ff42a9-de41-42d2-bfb9-00b681c02178,tesla_model_y_robotaxi_2024,arrival,twin,35aa33e3-a019-4ce7-ad4b-dca1a597412f
11111111-1111-1111-1111-111111111111,2026-07-02T05:08:00.258404Z,9458a4a5-a209-4e6d-a45b-470c4d664cbe,tesla_model_y_robotaxi_2024,arrival,twin,35aa33e3-a019-4ce7-ad4b-dca1a597412f
11111111-1111-1111-1111-111111111111,2026-07-02T05:10:00.332671Z,1e6aa7f6-c47a-40fa-9d8e-8ea38d5f6173,waymo_jaguar_ipace_2024,arrival,twin,35aa33e3-a019-4ce7-ad4b-dca1a597412f
11111111-1111-1111-1111-111111111111,2026-07-02T05:14:00.275408Z,b2222222-0002-0002-0002-000000000001,tesla_model_y_robotaxi_2024,arrival,twin,35aa33e3-a019-4ce7-ad4b-dca1a597412f
11111111-1111-1111-1111-111111111111,2026-07-02T05:14:00.275408Z,4c3a7261-79d3-43bf-a498-1971ad39b937,tesla_model_y_robotaxi_2024,arrival,twin,35aa33e3-a019-4ce7-ad4b-dca1a597412f
11111111-1111-1111-1111-111111111111,2026-07-02T05:20:00.292267Z,d9d2a011-ac98-4567-87bd-ad70810ded40,zoox_robotaxi_2024,arrival,twin,35aa33e3-a019-4ce7-ad4b-dca1a597412f
11111111-1111-1111-1111-111111111111,2026-07-02T05:22:00.344482Z,30892fc2-9078-4ec6-a8dc-006bc667cea3,zoox_robotaxi_2024,arrival,twin,35aa33e3-a019-4ce7-ad4b-dca1a597412f
11111111-1111-1111-1111-111111111111,2026-07-02T05:40:00.290127Z,da022fb5-45f9-4a77-9fb8-d14db1e3a5b3,waymo_jaguar_ipace_2024,arrival,twin,35aa33e3-a019-4ce7-ad4b-dca1a597412f
11111111-1111-1111-1111-111111111111,2026-07-02T05:44:00.364055Z,96b10b07-87e0-4dd5-8a2b-376532cbd8ec,waymo_jaguar_ipace_2024,arrival,twin,35aa33e3-a019-4ce7-ad4b-dca1a597412f
11111111-1111-1111-1111-111111111111,2026-07-02T05:44:00.364055Z,b14db297-e308-4ce6-8cce-88edbafce40e,tesla_model_y_robotaxi_2024,arrival,twin,35aa33e3-a019-4ce7-ad4b-dca1a597412f
11111111-1111-1111-1111-111111111111,2026-07-02T05:56:00.269933Z,73e86c55-4eeb-43b3-943d-f700b40386af,waymo_jaguar_ipace_2024,arrival,twin,35aa33e3-a019-4ce7-ad4b-dca1a597412f
11111111-1111-1111-1111-111111111111,2026-07-02T06:02:00.266490Z,3db69802-2cd3-433b-85ed-4f24ad8be006,waymo_jaguar_ipace_2024,arrival,twin,35aa33e3-a019-4ce7-ad4b-dca1a597412f
11111111-1111-1111-1111-111111111111,2026-07-02T06:02:00.266490Z,23cd462c-e81e-499c-ad8f-f9d57ea03fa9,waymo_jaguar_ipace_2024,arrival,twin,35aa33e3-a019-4ce7-ad4b-dca1a597412f
11111111-1111-1111-1111-111111111111,2026-07-02T06:06:00.267087Z,a1111111-0001-0001-0001-000000000004,waymo_jaguar_ipace_2024,arrival,twin,35aa33e3-a019-4ce7-ad4b-dca1a597412f
11111111-1111-1111-1111-111111111111,2026-07-02T06:18:00.351140Z,0ea2ccfe-bbb0-4da0-b3c3-d4a9ef9a1fb7,waymo_jaguar_ipace_2024,arrival,twin,35aa33e3-a019-4ce7-ad4b-dca1a597412f
11111111-1111-1111-1111-111111111111,2026-07-02T06:18:00.351140Z,814c9bc7-cf99-4028-93ba-1896279b574a,tesla_model_y_robotaxi_2024,arrival,twin,35aa33e3-a019-4ce7-ad4b-dca1a597412f
11111111-1111-1111-1111-111111111111,2026-07-02T06:20:00.286082Z,c7d24f18-164f-46f1-88aa-6f747c6668fc,waymo_jaguar_ipace_2024,arrival,twin,35aa33e3-a019-4ce7-ad4b-dca1a597412f
11111111-1111-1111-1111-111111111111,2026-07-02T06:46:00.352155Z,28417bea-eb30-4e9f-8ad8-3da0f1842398,zoox_robotaxi_2024,arrival,twin,35aa33e3-a019-4ce7-ad4b-dca1a597412f
11111111-1111-1111-1111-111111111111,2026-07-02T06:46:00.352155Z,03d72f9c-de16-42ad-a6a2-2434511781c5,zoox_robotaxi_2024,arrival,twin,35aa33e3-a019-4ce7-ad4b-dca1a597412f
11111111-1111-1111-1111-111111111111,2026-07-02T06:54:00.218335Z,091fa637-9f10-4cef-81e1-3ac58ee652a4,waymo_jaguar_ipace_2024,arrival,twin,35aa33e3-a019-4ce7-ad4b-dca1a597412f
11111111-1111-1111-1111-111111111111,2026-07-02T06:56:00.337266Z,b19025e6-7990-4ab9-93a5-31eb9734e50b,tesla_model_y_robotaxi_2024,arrival,twin,35aa33e3-a019-4ce7-ad4b-dca1a597412f
11111111-1111-1111-1111-111111111111,2026-07-02T07:40:00.418321Z,c3333333-0003-0003-0003-000000000004,zoox_robotaxi_2024,arrival,twin,35aa33e3-a019-4ce7-ad4b-dca1a597412f
11111111-1111-1111-1111-111111111111,2026-07-02T07:42:00.235177Z,9be45c35-ab40-4b47-8ea6-c4eecb5860b4,tesla_model_y_robotaxi_2024,arrival,twin,35aa33e3-a019-4ce7-ad4b-dca1a597412f
11111111-1111-1111-1111-111111111111,2026-07-02T08:04:00.373155Z,b2222222-0002-0002-0002-000000000005,tesla_model_y_robotaxi_2024,arrival,twin,35aa33e3-a019-4ce7-ad4b-dca1a597412f
11111111-1111-1111-1111-111111111111,2026-07-02T09:54:00.359403Z,1225f10e-1355-45d5-ae28-2fdffd243425,waymo_jaguar_ipace_2024,arrival,twin,35aa33e3-a019-4ce7-ad4b-dca1a597412f
11111111-1111-1111-1111-111111111111,2026-07-02T11:54:00.283264Z,aff36072-eff1-4a55-be44-a55f5f8891e7,tesla_model_y_robotaxi_2024,arrival,twin,35aa33e3-a019-4ce7-ad4b-dca1a597412f
11111111-1111-1111-1111-111111111111,2026-07-02T18:00:00.273071Z,9f5d69bb-e932-4fa9-a659-4417bc861d00,zoox_robotaxi_2024,arrival,twin,35aa33e3-a019-4ce7-ad4b-dca1a597412f
11111111-1111-1111-1111-111111111111,2026-07-02T19:54:00.274451Z,a1111111-0001-0001-0001-000000000005,waymo_jaguar_ipace_2024,arrival,twin,35aa33e3-a019-4ce7-ad4b-dca1a597412f
11111111-1111-1111-1111-111111111111,2026-07-07T15:56:50.304382Z,cb4faba2-c3d5-467f-a1b9-e8f69f266401,waymo_jaguar_ipace_2024,departure,twin,237029f1-4e1f-4dc4-81ea-26b45ba99cb6
11111111-1111-1111-1111-111111111111,2026-07-07T16:07:47.869575Z,ab7adca4-c402-4577-aca1-8a420eea3b8f,tesla_model_y_robotaxi_2024,departure,twin,237029f1-4e1f-4dc4-81ea-26b45ba99cb6
11111111-1111-1111-1111-111111111111,2026-07-07T16:29:41.069423Z,b2222222-0002-0002-0002-000000000006,tesla_model_y_robotaxi_2024,departure,twin,237029f1-4e1f-4dc4-81ea-26b45ba99cb6
11111111-1111-1111-1111-111111111111,2026-07-07T16:59:44.210782Z,a8cb8731-fb8b-4b96-8f24-52064752feb8,tesla_model_y_robotaxi_2024,departure,twin,237029f1-4e1f-4dc4-81ea-26b45ba99cb6
11111111-1111-1111-1111-111111111111,2026-07-07T17:06:03.763169Z,9e209f49-b30d-4544-a310-c76b3fbe8529,tesla_model_y_robotaxi_2024,departure,twin,237029f1-4e1f-4dc4-81ea-26b45ba99cb6
11111111-1111-1111-1111-111111111111,2026-07-07T17:08:25.744929Z,d5dd0338-bbbb-4fd1-b529-d0fba31da0cd,tesla_model_y_robotaxi_2024,departure,twin,237029f1-4e1f-4dc4-81ea-26b45ba99cb6
11111111-1111-1111-1111-111111111111,2026-07-07T17:09:12.815255Z,2cd2cbf3-9de8-48c0-9bd8-935aedb744d7,waymo_jaguar_ipace_2024,departure,twin,237029f1-4e1f-4dc4-81ea-26b45ba99cb6
11111111-1111-1111-1111-111111111111,2026-07-07T17:19:23.195393Z,b2222222-0002-0002-0002-000000000003,tesla_model_y_robotaxi_2024,departure,twin,237029f1-4e1f-4dc4-81ea-26b45ba99cb6
11111111-1111-1111-1111-111111111111,2026-07-07T17:22:01.349639Z,a1111111-0001-0001-0001-000000000006,waymo_jaguar_ipace_2024,departure,twin,237029f1-4e1f-4dc4-81ea-26b45ba99cb6
11111111-1111-1111-1111-111111111111,2026-07-07T17:24:06.304778Z,73e4a749-9f4f-4586-8c73-7351786ca4a9,waymo_jaguar_ipace_2024,departure,twin,237029f1-4e1f-4dc4-81ea-26b45ba99cb6
11111111-1111-1111-1111-111111111111,2026-07-07T17:27:27.181399Z,58f68551-abe5-439c-9835-f1c46612ca05,zoox_robotaxi_2024,departure,twin,237029f1-4e1f-4dc4-81ea-26b45ba99cb6
11111111-1111-1111-1111-111111111111,2026-07-07T17:28:39.350525Z,28417bea-eb30-4e9f-8ad8-3da0f1842398,zoox_robotaxi_2024,departure,twin,237029f1-4e1f-4dc4-81ea-26b45ba99cb6
11111111-1111-1111-1111-111111111111,2026-07-07T17:35:34.432947Z,a1111111-0001-0001-0001-000000000004,waymo_jaguar_ipace_2024,departure,twin,237029f1-4e1f-4dc4-81ea-26b45ba99cb6
11111111-1111-1111-1111-111111111111,2026-07-07T17:35:51.530040Z,1b9b6ea1-ed97-4a07-9b72-4be8a7189792,tesla_model_y_robotaxi_2024,departure,twin,237029f1-4e1f-4dc4-81ea-26b45ba99cb6
11111111-1111-1111-1111-111111111111,2026-07-07T17:37:40.336903Z,da022fb5-45f9-4a77-9fb8-d14db1e3a5b3,waymo_jaguar_ipace_2024,departure,twin,237029f1-4e1f-4dc4-81ea-26b45ba99cb6
11111111-1111-1111-1111-111111111111,2026-07-07T17:37:59.821924Z,616a06de-9b62-4c6a-8d87-70dd2a5a1aa0,tesla_model_y_robotaxi_2024,departure,twin,237029f1-4e1f-4dc4-81ea-26b45ba99cb6
11111111-1111-1111-1111-111111111111,2026-07-07T17:38:31.867927Z,cadd7c81-433d-4158-90ac-b08ecbdcdf7a,waymo_jaguar_ipace_2024,departure,twin,237029f1-4e1f-4dc4-81ea-26b45ba99cb6
11111111-1111-1111-1111-111111111111,2026-07-07T17:38:33.852643Z,a1111111-0001-0001-0001-000000000001,waymo_jaguar_ipace_2024,departure,twin,237029f1-4e1f-4dc4-81ea-26b45ba99cb6
11111111-1111-1111-1111-111111111111,2026-07-07T17:38:51.676642Z,5ea53696-baea-4459-8201-53059e64b6ec,waymo_jaguar_ipace_2024,departure,twin,237029f1-4e1f-4dc4-81ea-26b45ba99cb6
11111111-1111-1111-1111-111111111111,2026-07-07T17:39:18.107188Z,37aee690-ce21-4aed-b9c1-12ff83521fa9,zoox_robotaxi_2024,departure,twin,237029f1-4e1f-4dc4-81ea-26b45ba99cb6
11111111-1111-1111-1111-111111111111,2026-07-07T17:39:40.218886Z,c3333333-0003-0003-0003-000000000001,zoox_robotaxi_2024,departure,twin,237029f1-4e1f-4dc4-81ea-26b45ba99cb6
11111111-1111-1111-1111-111111111111,2026-07-07T17:40:41.240754Z,02ff42a9-de41-42d2-bfb9-00b681c02178,tesla_model_y_robotaxi_2024,departure,twin,237029f1-4e1f-4dc4-81ea-26b45ba99cb6
11111111-1111-1111-1111-111111111111,2026-07-07T17:41:27.853668Z,77ecd026-12cb-458e-900a-4602511728d8,waymo_jaguar_ipace_2024,departure,twin,237029f1-4e1f-4dc4-81ea-26b45ba99cb6
11111111-1111-1111-1111-111111111111,2026-07-07T17:43:34.457300Z,4c3a7261-79d3-43bf-a498-1971ad39b937,tesla_model_y_robotaxi_2024,departure,twin,237029f1-4e1f-4dc4-81ea-26b45ba99cb6
11111111-1111-1111-1111-111111111111,2026-07-07T17:44:29.795435Z,c3333333-0003-0003-0003-000000000004,zoox_robotaxi_2024,departure,twin,237029f1-4e1f-4dc4-81ea-26b45ba99cb6
11111111-1111-1111-1111-111111111111,2026-07-07T17:45:39.914868Z,9458a4a5-a209-4e6d-a45b-470c4d664cbe,tesla_model_y_robotaxi_2024,departure,twin,237029f1-4e1f-4dc4-81ea-26b45ba99cb6
11111111-1111-1111-1111-111111111111,2026-07-07T17:46:12.884719Z,814c9bc7-cf99-4028-93ba-1896279b574a,tesla_model_y_robotaxi_2024,departure,twin,237029f1-4e1f-4dc4-81ea-26b45ba99cb6
11111111-1111-1111-1111-111111111111,2026-07-07T17:46:34.316887Z,03d72f9c-de16-42ad-a6a2-2434511781c5,zoox_robotaxi_2024,departure,twin,237029f1-4e1f-4dc4-81ea-26b45ba99cb6
11111111-1111-1111-1111-111111111111,2026-07-07T17:47:05.567997Z,f5c7d2a9-f6b6-46bb-8e61-5da2ec54b7db,waymo_jaguar_ipace_2024,departure,twin,237029f1-4e1f-4dc4-81ea-26b45ba99cb6
11111111-1111-1111-1111-111111111111,2026-07-07T17:48:08.932165Z,73e86c55-4eeb-43b3-943d-f700b40386af,waymo_jaguar_ipace_2024,departure,twin,237029f1-4e1f-4dc4-81ea-26b45ba99cb6
11111111-1111-1111-1111-111111111111,2026-07-07T17:48:24.324766Z,f0077a3a-5a40-4d50-bbe9-95a81a4acc8d,tesla_model_y_robotaxi_2024,departure,twin,237029f1-4e1f-4dc4-81ea-26b45ba99cb6
11111111-1111-1111-1111-111111111111,2026-07-07T17:48:32.671913Z,b2222222-0002-0002-0002-000000000005,tesla_model_y_robotaxi_2024,departure,twin,237029f1-4e1f-4dc4-81ea-26b45ba99cb6
11111111-1111-1111-1111-111111111111,2026-07-07T17:50:52.047064Z,c7d24f18-164f-46f1-88aa-6f747c6668fc,waymo_jaguar_ipace_2024,departure,twin,237029f1-4e1f-4dc4-81ea-26b45ba99cb6
11111111-1111-1111-1111-111111111111,2026-07-07T17:51:08.121424Z,b19025e6-7990-4ab9-93a5-31eb9734e50b,tesla_model_y_robotaxi_2024,departure,twin,237029f1-4e1f-4dc4-81ea-26b45ba99cb6
11111111-1111-1111-1111-111111111111,2026-07-07T17:51:11.527201Z,a24e3f67-3653-4bd0-9362-2dcfd3d6abe9,tesla_model_y_robotaxi_2024,departure,twin,237029f1-4e1f-4dc4-81ea-26b45ba99cb6
11111111-1111-1111-1111-111111111111,2026-07-07T17:51:37.287780Z,ec5d2c18-bc65-400e-a9db-811be2b75659,tesla_model_y_robotaxi_2024,departure,twin,237029f1-4e1f-4dc4-81ea-26b45ba99cb6
11111111-1111-1111-1111-111111111111,2026-07-07T17:51:48.141287Z,9f5d69bb-e932-4fa9-a659-4417bc861d00,zoox_robotaxi_2024,departure,twin,237029f1-4e1f-4dc4-81ea-26b45ba99cb6
11111111-1111-1111-1111-111111111111,2026-07-07T17:52:29.993990Z,dd1579b1-5ab4-407f-a648-f05cc56f401b,waymo_jaguar_ipace_2024,departure,twin,237029f1-4e1f-4dc4-81ea-26b45ba99cb6
11111111-1111-1111-1111-111111111111,2026-07-07T17:52:31.647964Z,bfbaf0b2-48ad-4283-8391-80f301eda2be,zoox_robotaxi_2024,departure,twin,237029f1-4e1f-4dc4-81ea-26b45ba99cb6
11111111-1111-1111-1111-111111111111,2026-07-07T17:53:07.001031Z,b97789b5-3963-497d-9ca7-5b65e0168234,zoox_robotaxi_2024,departure,twin,237029f1-4e1f-4dc4-81ea-26b45ba99cb6
11111111-1111-1111-1111-111111111111,2026-07-07T17:53:07.029973Z,96b10b07-87e0-4dd5-8a2b-376532cbd8ec,waymo_jaguar_ipace_2024,departure,twin,237029f1-4e1f-4dc4-81ea-26b45ba99cb6
11111111-1111-1111-1111-111111111111,2026-07-07T17:53:31.744137Z,0cb1b8c6-c948-4937-8bf6-187442a7be1a,waymo_jaguar_ipace_2024,departure,twin,237029f1-4e1f-4dc4-81ea-26b45ba99cb6
11111111-1111-1111-1111-111111111111,2026-07-07T17:54:06.480175Z,9be45c35-ab40-4b47-8ea6-c4eecb5860b4,tesla_model_y_robotaxi_2024,departure,twin,237029f1-4e1f-4dc4-81ea-26b45ba99cb6
11111111-1111-1111-1111-111111111111,2026-07-07T17:54:26.421838Z,30892fc2-9078-4ec6-a8dc-006bc667cea3,zoox_robotaxi_2024,departure,twin,237029f1-4e1f-4dc4-81ea-26b45ba99cb6
11111111-1111-1111-1111-111111111111,2026-07-07T17:54:45.489857Z,44444820-2eae-438b-8058-c3b01b89fef6,zoox_robotaxi_2024,departure,twin,237029f1-4e1f-4dc4-81ea-26b45ba99cb6
11111111-1111-1111-1111-111111111111,2026-07-07T17:54:45.584222Z,a1111111-0001-0001-0001-000000000005,waymo_jaguar_ipace_2024,departure,twin,237029f1-4e1f-4dc4-81ea-26b45ba99cb6
11111111-1111-1111-1111-111111111111,2026-07-07T17:55:01.850179Z,aff36072-eff1-4a55-be44-a55f5f8891e7,tesla_model_y_robotaxi_2024,departure,twin,237029f1-4e1f-4dc4-81ea-26b45ba99cb6
11111111-1111-1111-1111-111111111111,2026-07-07T17:55:09.911001Z,2bc9a4a0-5f7d-4f1c-bdcd-d9a96efa9fc5,zoox_robotaxi_2024,departure,twin,237029f1-4e1f-4dc4-81ea-26b45ba99cb6
11111111-1111-1111-1111-111111111111,2026-07-07T17:55:20.806564Z,54aeb4ca-1a75-491a-8dcd-974035642eb7,zoox_robotaxi_2024,departure,twin,237029f1-4e1f-4dc4-81ea-26b45ba99cb6
11111111-1111-1111-1111-111111111111,2026-07-07T17:56:03.929898Z,5604331f-284d-4768-a521-b60693aebe25,zoox_robotaxi_2024,departure,twin,237029f1-4e1f-4dc4-81ea-26b45ba99cb6
11111111-1111-1111-1111-111111111111,2026-07-07T17:56:24.856978Z,c9746783-5432-47a5-aaf9-1f8a2978d03c,tesla_model_y_robotaxi_2024,departure,twin,237029f1-4e1f-4dc4-81ea-26b45ba99cb6
11111111-1111-1111-1111-111111111111,2026-07-07T17:56:46.882214Z,b2222222-0002-0002-0002-000000000001,tesla_model_y_robotaxi_2024,departure,twin,237029f1-4e1f-4dc4-81ea-26b45ba99cb6
11111111-1111-1111-1111-111111111111,2026-07-07T17:56:52.888957Z,380f0f38-a540-4f24-9ee3-a7112d4c6f23,tesla_model_y_robotaxi_2024,departure,twin,237029f1-4e1f-4dc4-81ea-26b45ba99cb6
11111111-1111-1111-1111-111111111111,2026-07-07T17:56:58.275593Z,252ba623-b097-4ac4-8c0b-3cffa951448e,tesla_model_y_robotaxi_2024,departure,twin,237029f1-4e1f-4dc4-81ea-26b45ba99cb6
11111111-1111-1111-1111-111111111111,2026-07-07T17:57:18.125155Z,12cb06f0-cf74-436f-a37a-e660a52dc7e6,waymo_jaguar_ipace_2024,departure,twin,237029f1-4e1f-4dc4-81ea-26b45ba99cb6
11111111-1111-1111-1111-111111111111,2026-07-07T17:57:43.419153Z,5cee8fb3-d21e-46e2-88b1-5223114b1578,tesla_model_y_robotaxi_2024,departure,twin,237029f1-4e1f-4dc4-81ea-26b45ba99cb6
11111111-1111-1111-1111-111111111111,2026-07-07T17:57:53.206082Z,ca2624fc-c97d-4033-af1b-bf97756d3ad9,zoox_robotaxi_2024,departure,twin,237029f1-4e1f-4dc4-81ea-26b45ba99cb6
11111111-1111-1111-1111-111111111111,2026-07-07T17:57:57.551319Z,8ef51846-f36e-47a8-8082-016079ed724c,waymo_jaguar_ipace_2024,departure,twin,237029f1-4e1f-4dc4-81ea-26b45ba99cb6
11111111-1111-1111-1111-111111111111,2026-07-07T17:58:00.412351Z,6fdd7f85-9754-43fc-8b73-bafcfef54374,tesla_model_y_robotaxi_2024,departure,twin,237029f1-4e1f-4dc4-81ea-26b45ba99cb6
11111111-1111-1111-1111-111111111111,2026-07-07T17:58:03.981707Z,3db69802-2cd3-433b-85ed-4f24ad8be006,waymo_jaguar_ipace_2024,departure,twin,237029f1-4e1f-4dc4-81ea-26b45ba99cb6
11111111-1111-1111-1111-111111111111,2026-07-07T17:58:06.243435Z,8eeaaef3-086f-40c8-9e90-1b91d50d3333,waymo_jaguar_ipace_2024,departure,twin,237029f1-4e1f-4dc4-81ea-26b45ba99cb6
11111111-1111-1111-1111-111111111111,2026-07-07T17:58:09.356025Z,34eff65e-af05-485c-bcc6-df10f99c219a,waymo_jaguar_ipace_2024,departure,twin,237029f1-4e1f-4dc4-81ea-26b45ba99cb6
11111111-1111-1111-1111-111111111111,2026-07-07T17:58:16.361784Z,b14db297-e308-4ce6-8cce-88edbafce40e,tesla_model_y_robotaxi_2024,departure,twin,237029f1-4e1f-4dc4-81ea-26b45ba99cb6
11111111-1111-1111-1111-111111111111,2026-07-07T17:58:17.079318Z,5fe5fe42-3237-4734-b819-37876ceb4454,waymo_jaguar_ipace_2024,departure,twin,237029f1-4e1f-4dc4-81ea-26b45ba99cb6
11111111-1111-1111-1111-111111111111,2026-07-07T17:58:34.056778Z,4b179b26-a48b-4f65-aad1-74ce3179a85d,zoox_robotaxi_2024,departure,twin,237029f1-4e1f-4dc4-81ea-26b45ba99cb6
11111111-1111-1111-1111-111111111111,2026-07-07T17:58:35.788950Z,9e05d00e-41f2-4334-b25d-be7588560e82,zoox_robotaxi_2024,departure,twin,237029f1-4e1f-4dc4-81ea-26b45ba99cb6
11111111-1111-1111-1111-111111111111,2026-07-07T17:58:37.503943Z,091fa637-9f10-4cef-81e1-3ac58ee652a4,waymo_jaguar_ipace_2024,departure,twin,237029f1-4e1f-4dc4-81ea-26b45ba99cb6
11111111-1111-1111-1111-111111111111,2026-07-07T17:58:44.972176Z,00cc3d0a-2518-446b-b9b7-e025e293e37b,waymo_jaguar_ipace_2024,departure,twin,237029f1-4e1f-4dc4-81ea-26b45ba99cb6
11111111-1111-1111-1111-111111111111,2026-07-07T17:58:49.546093Z,99ddf4ff-96d7-4257-b1ce-cb9437335ce8,tesla_model_y_robotaxi_2024,departure,twin,237029f1-4e1f-4dc4-81ea-26b45ba99cb6
11111111-1111-1111-1111-111111111111,2026-07-07T17:58:49.572121Z,0cb0532c-6fbb-4ec7-abfb-69e7681e6630,waymo_jaguar_ipace_2024,departure,twin,237029f1-4e1f-4dc4-81ea-26b45ba99cb6
11111111-1111-1111-1111-111111111111,2026-07-07T17:58:51.203342Z,0ea2ccfe-bbb0-4da0-b3c3-d4a9ef9a1fb7,waymo_jaguar_ipace_2024,departure,twin,237029f1-4e1f-4dc4-81ea-26b45ba99cb6
11111111-1111-1111-1111-111111111111,2026-07-07T17:58:51.850467Z,236edd3e-abd5-45f5-a053-7f66ab682162,zoox_robotaxi_2024,departure,twin,237029f1-4e1f-4dc4-81ea-26b45ba99cb6
11111111-1111-1111-1111-111111111111,2026-07-07T17:58:56.816206Z,d0887837-3455-4e45-945a-2d9dd7f4bfbb,waymo_jaguar_ipace_2024,departure,twin,237029f1-4e1f-4dc4-81ea-26b45ba99cb6
11111111-1111-1111-1111-111111111111,2026-07-07T17:58:57.069909Z,b2222222-0002-0002-0002-000000000004,tesla_model_y_robotaxi_2024,departure,twin,237029f1-4e1f-4dc4-81ea-26b45ba99cb6
11111111-1111-1111-1111-111111111111,2026-07-07T17:58:58.887471Z,d9d2a011-ac98-4567-87bd-ad70810ded40,zoox_robotaxi_2024,departure,twin,237029f1-4e1f-4dc4-81ea-26b45ba99cb6
11111111-1111-1111-1111-111111111111,2026-07-07T17:58:59.681210Z,c8ae20e3-3613-4ad1-b003-274321c4a101,waymo_jaguar_ipace_2024,departure,twin,237029f1-4e1f-4dc4-81ea-26b45ba99cb6
11111111-1111-1111-1111-111111111111,2026-07-07T17:59:02.572416Z,c3333333-0003-0003-0003-000000000003,zoox_robotaxi_2024,departure,twin,237029f1-4e1f-4dc4-81ea-26b45ba99cb6
11111111-1111-1111-1111-111111111111,2026-07-07T17:59:05.817408Z,1e6aa7f6-c47a-40fa-9d8e-8ea38d5f6173,waymo_jaguar_ipace_2024,departure,twin,237029f1-4e1f-4dc4-81ea-26b45ba99cb6
11111111-1111-1111-1111-111111111111,2026-07-07T17:59:07.985332Z,72ccc3d4-87f6-47d2-be7f-044ac67e7cc0,waymo_jaguar_ipace_2024,departure,twin,237029f1-4e1f-4dc4-81ea-26b45ba99cb6
11111111-1111-1111-1111-111111111111,2026-07-07T17:59:08.939138Z,23cd462c-e81e-499c-ad8f-f9d57ea03fa9,waymo_jaguar_ipace_2024,departure,twin,237029f1-4e1f-4dc4-81ea-26b45ba99cb6
11111111-1111-1111-1111-111111111111,2026-07-07T17:59:09.609856Z,a45682eb-242b-42d2-9b15-703b54a3e4cc,tesla_model_y_robotaxi_2024,departure,twin,237029f1-4e1f-4dc4-81ea-26b45ba99cb6
11111111-1111-1111-1111-111111111111,2026-07-07T17:59:09.848457Z,1225f10e-1355-45d5-ae28-2fdffd243425,waymo_jaguar_ipace_2024,departure,twin,237029f1-4e1f-4dc4-81ea-26b45ba99cb6
11111111-1111-1111-1111-111111111111,2026-07-07T17:59:10.000914Z,54ec9dcb-76c1-4a7a-84e5-43ea4b3a7c8a,waymo_jaguar_ipace_2024,departure,twin,237029f1-4e1f-4dc4-81ea-26b45ba99cb6
11111111-1111-1111-1111-111111111111,2026-07-07T18:18:00.266867Z,99ddf4ff-96d7-4257-b1ce-cb9437335ce8,tesla_model_y_robotaxi_2024,arrival,twin,237029f1-4e1f-4dc4-81ea-26b45ba99cb6
11111111-1111-1111-1111-111111111111,2026-07-07T18:20:00.360832Z,8eeaaef3-086f-40c8-9e90-1b91d50d3333,waymo_jaguar_ipace_2024,arrival,twin,237029f1-4e1f-4dc4-81ea-26b45ba99cb6
11111111-1111-1111-1111-111111111111,2026-07-07T18:22:00.330559Z,380f0f38-a540-4f24-9ee3-a7112d4c6f23,tesla_model_y_robotaxi_2024,arrival,twin,237029f1-4e1f-4dc4-81ea-26b45ba99cb6
11111111-1111-1111-1111-111111111111,2026-07-07T18:22:00.330559Z,34eff65e-af05-485c-bcc6-df10f99c219a,waymo_jaguar_ipace_2024,arrival,twin,237029f1-4e1f-4dc4-81ea-26b45ba99cb6
11111111-1111-1111-1111-111111111111,2026-07-07T18:22:00.330559Z,54aeb4ca-1a75-491a-8dcd-974035642eb7,zoox_robotaxi_2024,arrival,twin,237029f1-4e1f-4dc4-81ea-26b45ba99cb6
11111111-1111-1111-1111-111111111111,2026-07-07T18:24:00.338690Z,c8ae20e3-3613-4ad1-b003-274321c4a101,waymo_jaguar_ipace_2024,arrival,twin,237029f1-4e1f-4dc4-81ea-26b45ba99cb6
11111111-1111-1111-1111-111111111111,2026-07-07T18:26:00.179069Z,d0887837-3455-4e45-945a-2d9dd7f4bfbb,waymo_jaguar_ipace_2024,arrival,twin,237029f1-4e1f-4dc4-81ea-26b45ba99cb6
11111111-1111-1111-1111-111111111111,2026-07-07T18:26:00.179069Z,a45682eb-242b-42d2-9b15-703b54a3e4cc,tesla_model_y_robotaxi_2024,arrival,twin,237029f1-4e1f-4dc4-81ea-26b45ba99cb6
11111111-1111-1111-1111-111111111111,2026-07-07T18:26:00.179069Z,c3333333-0003-0003-0003-000000000003,zoox_robotaxi_2024,arrival,twin,237029f1-4e1f-4dc4-81ea-26b45ba99cb6
11111111-1111-1111-1111-111111111111,2026-07-07T18:28:00.221546Z,9e05d00e-41f2-4334-b25d-be7588560e82,zoox_robotaxi_2024,arrival,twin,237029f1-4e1f-4dc4-81ea-26b45ba99cb6
11111111-1111-1111-1111-111111111111,2026-07-07T18:30:00.313317Z,00cc3d0a-2518-446b-b9b7-e025e293e37b,waymo_jaguar_ipace_2024,arrival,twin,237029f1-4e1f-4dc4-81ea-26b45ba99cb6
11111111-1111-1111-1111-111111111111,2026-07-07T18:30:00.313317Z,4c3a7261-79d3-43bf-a498-1971ad39b937,tesla_model_y_robotaxi_2024,arrival,twin,237029f1-4e1f-4dc4-81ea-26b45ba99cb6
11111111-1111-1111-1111-111111111111,2026-07-07T18:34:00.269143Z,091fa637-9f10-4cef-81e1-3ac58ee652a4,waymo_jaguar_ipace_2024,arrival,twin,237029f1-4e1f-4dc4-81ea-26b45ba99cb6
11111111-1111-1111-1111-111111111111,2026-07-07T18:38:00.347837Z,ec5d2c18-bc65-400e-a9db-811be2b75659,tesla_model_y_robotaxi_2024,arrival,twin,237029f1-4e1f-4dc4-81ea-26b45ba99cb6
11111111-1111-1111-1111-111111111111,2026-07-07T18:38:00.347837Z,c9746783-5432-47a5-aaf9-1f8a2978d03c,tesla_model_y_robotaxi_2024,arrival,twin,237029f1-4e1f-4dc4-81ea-26b45ba99cb6
11111111-1111-1111-1111-111111111111,2026-07-07T18:38:00.347837Z,72ccc3d4-87f6-47d2-be7f-044ac67e7cc0,waymo_jaguar_ipace_2024,arrival,twin,237029f1-4e1f-4dc4-81ea-26b45ba99cb6
11111111-1111-1111-1111-111111111111,2026-07-07T18:40:00.342540Z,12cb06f0-cf74-436f-a37a-e660a52dc7e6,waymo_jaguar_ipace_2024,arrival,twin,237029f1-4e1f-4dc4-81ea-26b45ba99cb6
11111111-1111-1111-1111-111111111111,2026-07-07T18:40:00.342540Z,9be45c35-ab40-4b47-8ea6-c4eecb5860b4,tesla_model_y_robotaxi_2024,arrival,twin,237029f1-4e1f-4dc4-81ea-26b45ba99cb6
11111111-1111-1111-1111-111111111111,2026-07-07T18:44:00.337464Z,96b10b07-87e0-4dd5-8a2b-376532cbd8ec,waymo_jaguar_ipace_2024,arrival,twin,237029f1-4e1f-4dc4-81ea-26b45ba99cb6
11111111-1111-1111-1111-111111111111,2026-07-07T18:44:00.337464Z,b97789b5-3963-497d-9ca7-5b65e0168234,zoox_robotaxi_2024,arrival,twin,237029f1-4e1f-4dc4-81ea-26b45ba99cb6
11111111-1111-1111-1111-111111111111,2026-07-07T18:48:00.283066Z,3db69802-2cd3-433b-85ed-4f24ad8be006,waymo_jaguar_ipace_2024,arrival,twin,237029f1-4e1f-4dc4-81ea-26b45ba99cb6
11111111-1111-1111-1111-111111111111,2026-07-07T18:50:00.453904Z,5604331f-284d-4768-a521-b60693aebe25,zoox_robotaxi_2024,arrival,twin,237029f1-4e1f-4dc4-81ea-26b45ba99cb6
11111111-1111-1111-1111-111111111111,2026-07-07T18:50:00.453904Z,5fe5fe42-3237-4734-b819-37876ceb4454,waymo_jaguar_ipace_2024,arrival,twin,237029f1-4e1f-4dc4-81ea-26b45ba99cb6
11111111-1111-1111-1111-111111111111,2026-07-07T18:54:00.254904Z,ca2624fc-c97d-4033-af1b-bf97756d3ad9,zoox_robotaxi_2024,arrival,twin,237029f1-4e1f-4dc4-81ea-26b45ba99cb6
11111111-1111-1111-1111-111111111111,2026-07-07T18:54:00.254904Z,0cb1b8c6-c948-4937-8bf6-187442a7be1a,waymo_jaguar_ipace_2024,arrival,twin,237029f1-4e1f-4dc4-81ea-26b45ba99cb6
11111111-1111-1111-1111-111111111111,2026-07-07T18:54:00.254904Z,9f5d69bb-e932-4fa9-a659-4417bc861d00,zoox_robotaxi_2024,arrival,twin,237029f1-4e1f-4dc4-81ea-26b45ba99cb6
11111111-1111-1111-1111-111111111111,2026-07-07T18:56:00.266015Z,a1111111-0001-0001-0001-000000000001,waymo_jaguar_ipace_2024,arrival,twin,237029f1-4e1f-4dc4-81ea-26b45ba99cb6
11111111-1111-1111-1111-111111111111,2026-07-07T18:56:00.266015Z,44444820-2eae-438b-8058-c3b01b89fef6,zoox_robotaxi_2024,arrival,twin,237029f1-4e1f-4dc4-81ea-26b45ba99cb6
11111111-1111-1111-1111-111111111111,2026-07-07T18:58:00.363502Z,5ea53696-baea-4459-8201-53059e64b6ec,waymo_jaguar_ipace_2024,arrival,twin,237029f1-4e1f-4dc4-81ea-26b45ba99cb6
11111111-1111-1111-1111-111111111111,2026-07-07T19:00:00.240462Z,b19025e6-7990-4ab9-93a5-31eb9734e50b,tesla_model_y_robotaxi_2024,arrival,twin,237029f1-4e1f-4dc4-81ea-26b45ba99cb6
11111111-1111-1111-1111-111111111111,2026-07-07T19:04:00.361837Z,0cb0532c-6fbb-4ec7-abfb-69e7681e6630,waymo_jaguar_ipace_2024,arrival,twin,237029f1-4e1f-4dc4-81ea-26b45ba99cb6
11111111-1111-1111-1111-111111111111,2026-07-07T19:04:00.361837Z,23cd462c-e81e-499c-ad8f-f9d57ea03fa9,waymo_jaguar_ipace_2024,arrival,twin,237029f1-4e1f-4dc4-81ea-26b45ba99cb6
11111111-1111-1111-1111-111111111111,2026-07-07T19:04:00.361837Z,252ba623-b097-4ac4-8c0b-3cffa951448e,tesla_model_y_robotaxi_2024,arrival,twin,237029f1-4e1f-4dc4-81ea-26b45ba99cb6
11111111-1111-1111-1111-111111111111,2026-07-07T19:08:00.348991Z,4b179b26-a48b-4f65-aad1-74ce3179a85d,zoox_robotaxi_2024,arrival,twin,237029f1-4e1f-4dc4-81ea-26b45ba99cb6
11111111-1111-1111-1111-111111111111,2026-07-07T19:12:00.293944Z,73e4a749-9f4f-4586-8c73-7351786ca4a9,waymo_jaguar_ipace_2024,arrival,twin,237029f1-4e1f-4dc4-81ea-26b45ba99cb6
11111111-1111-1111-1111-111111111111,2026-07-07T19:12:00.293944Z,cadd7c81-433d-4158-90ac-b08ecbdcdf7a,waymo_jaguar_ipace_2024,arrival,twin,237029f1-4e1f-4dc4-81ea-26b45ba99cb6
11111111-1111-1111-1111-111111111111,2026-07-07T19:16:00.311978Z,814c9bc7-cf99-4028-93ba-1896279b574a,tesla_model_y_robotaxi_2024,arrival,twin,237029f1-4e1f-4dc4-81ea-26b45ba99cb6
11111111-1111-1111-1111-111111111111,2026-07-07T19:16:00.311978Z,dd1579b1-5ab4-407f-a648-f05cc56f401b,waymo_jaguar_ipace_2024,arrival,twin,237029f1-4e1f-4dc4-81ea-26b45ba99cb6
11111111-1111-1111-1111-111111111111,2026-07-07T19:24:00.285300Z,0ea2ccfe-bbb0-4da0-b3c3-d4a9ef9a1fb7,waymo_jaguar_ipace_2024,arrival,twin,237029f1-4e1f-4dc4-81ea-26b45ba99cb6
11111111-1111-1111-1111-111111111111,2026-07-07T19:24:00.285300Z,d9d2a011-ac98-4567-87bd-ad70810ded40,zoox_robotaxi_2024,arrival,twin,237029f1-4e1f-4dc4-81ea-26b45ba99cb6
11111111-1111-1111-1111-111111111111,2026-07-07T19:30:00.345228Z,616a06de-9b62-4c6a-8d87-70dd2a5a1aa0,tesla_model_y_robotaxi_2024,arrival,twin,237029f1-4e1f-4dc4-81ea-26b45ba99cb6
11111111-1111-1111-1111-111111111111,2026-07-07T19:30:00.345228Z,54ec9dcb-76c1-4a7a-84e5-43ea4b3a7c8a,waymo_jaguar_ipace_2024,arrival,twin,237029f1-4e1f-4dc4-81ea-26b45ba99cb6
11111111-1111-1111-1111-111111111111,2026-07-07T19:32:00.287294Z,b2222222-0002-0002-0002-000000000004,tesla_model_y_robotaxi_2024,arrival,twin,237029f1-4e1f-4dc4-81ea-26b45ba99cb6
11111111-1111-1111-1111-111111111111,2026-07-07T19:34:00.243923Z,8ef51846-f36e-47a8-8082-016079ed724c,waymo_jaguar_ipace_2024,arrival,twin,237029f1-4e1f-4dc4-81ea-26b45ba99cb6
11111111-1111-1111-1111-111111111111,2026-07-07T19:34:00.243923Z,b2222222-0002-0002-0002-000000000005,tesla_model_y_robotaxi_2024,arrival,twin,237029f1-4e1f-4dc4-81ea-26b45ba99cb6
11111111-1111-1111-1111-111111111111,2026-07-07T19:36:00.215539Z,77ecd026-12cb-458e-900a-4602511728d8,waymo_jaguar_ipace_2024,arrival,twin,237029f1-4e1f-4dc4-81ea-26b45ba99cb6
11111111-1111-1111-1111-111111111111,2026-07-07T19:38:00.249278Z,c7d24f18-164f-46f1-88aa-6f747c6668fc,waymo_jaguar_ipace_2024,arrival,twin,237029f1-4e1f-4dc4-81ea-26b45ba99cb6
11111111-1111-1111-1111-111111111111,2026-07-07T19:38:00.249278Z,5cee8fb3-d21e-46e2-88b1-5223114b1578,tesla_model_y_robotaxi_2024,arrival,twin,237029f1-4e1f-4dc4-81ea-26b45ba99cb6
11111111-1111-1111-1111-111111111111,2026-07-07T19:46:00.290652Z,1225f10e-1355-45d5-ae28-2fdffd243425,waymo_jaguar_ipace_2024,arrival,twin,237029f1-4e1f-4dc4-81ea-26b45ba99cb6
11111111-1111-1111-1111-111111111111,2026-07-07T19:48:00.178912Z,6fdd7f85-9754-43fc-8b73-bafcfef54374,tesla_model_y_robotaxi_2024,arrival,twin,237029f1-4e1f-4dc4-81ea-26b45ba99cb6
11111111-1111-1111-1111-111111111111,2026-07-07T19:50:00.339439Z,d5dd0338-bbbb-4fd1-b529-d0fba31da0cd,tesla_model_y_robotaxi_2024,arrival,twin,237029f1-4e1f-4dc4-81ea-26b45ba99cb6
11111111-1111-1111-1111-111111111111,2026-07-07T19:50:00.339439Z,1b9b6ea1-ed97-4a07-9b72-4be8a7189792,tesla_model_y_robotaxi_2024,arrival,twin,237029f1-4e1f-4dc4-81ea-26b45ba99cb6
11111111-1111-1111-1111-111111111111,2026-07-07T19:54:00.337258Z,2bc9a4a0-5f7d-4f1c-bdcd-d9a96efa9fc5,zoox_robotaxi_2024,arrival,twin,237029f1-4e1f-4dc4-81ea-26b45ba99cb6
11111111-1111-1111-1111-111111111111,2026-07-07T19:58:00.309319Z,03d72f9c-de16-42ad-a6a2-2434511781c5,zoox_robotaxi_2024,arrival,twin,237029f1-4e1f-4dc4-81ea-26b45ba99cb6
11111111-1111-1111-1111-111111111111,2026-07-07T20:00:00.492202Z,b14db297-e308-4ce6-8cce-88edbafce40e,tesla_model_y_robotaxi_2024,arrival,twin,237029f1-4e1f-4dc4-81ea-26b45ba99cb6
11111111-1111-1111-1111-111111111111,2026-07-07T20:02:00.264448Z,c3333333-0003-0003-0003-000000000004,zoox_robotaxi_2024,arrival,twin,237029f1-4e1f-4dc4-81ea-26b45ba99cb6
11111111-1111-1111-1111-111111111111,2026-07-07T20:02:00.264448Z,da022fb5-45f9-4a77-9fb8-d14db1e3a5b3,waymo_jaguar_ipace_2024,arrival,twin,237029f1-4e1f-4dc4-81ea-26b45ba99cb6
11111111-1111-1111-1111-111111111111,2026-07-07T20:08:00.357740Z,b2222222-0002-0002-0002-000000000001,tesla_model_y_robotaxi_2024,arrival,twin,237029f1-4e1f-4dc4-81ea-26b45ba99cb6
11111111-1111-1111-1111-111111111111,2026-07-07T20:08:00.357740Z,73e86c55-4eeb-43b3-943d-f700b40386af,waymo_jaguar_ipace_2024,arrival,twin,237029f1-4e1f-4dc4-81ea-26b45ba99cb6
11111111-1111-1111-1111-111111111111,2026-07-07T20:10:00.198535Z,bfbaf0b2-48ad-4283-8391-80f301eda2be,zoox_robotaxi_2024,arrival,twin,237029f1-4e1f-4dc4-81ea-26b45ba99cb6
11111111-1111-1111-1111-111111111111,2026-07-07T20:20:00.316834Z,aff36072-eff1-4a55-be44-a55f5f8891e7,tesla_model_y_robotaxi_2024,arrival,twin,237029f1-4e1f-4dc4-81ea-26b45ba99cb6
11111111-1111-1111-1111-111111111111,2026-07-07T20:20:00.316834Z,1e6aa7f6-c47a-40fa-9d8e-8ea38d5f6173,waymo_jaguar_ipace_2024,arrival,twin,237029f1-4e1f-4dc4-81ea-26b45ba99cb6
11111111-1111-1111-1111-111111111111,2026-07-07T20:28:00.286066Z,f5c7d2a9-f6b6-46bb-8e61-5da2ec54b7db,waymo_jaguar_ipace_2024,arrival,twin,237029f1-4e1f-4dc4-81ea-26b45ba99cb6
11111111-1111-1111-1111-111111111111,2026-07-07T20:32:00.284532Z,02ff42a9-de41-42d2-bfb9-00b681c02178,tesla_model_y_robotaxi_2024,arrival,twin,237029f1-4e1f-4dc4-81ea-26b45ba99cb6
11111111-1111-1111-1111-111111111111,2026-07-07T20:34:00.251809Z,28417bea-eb30-4e9f-8ad8-3da0f1842398,zoox_robotaxi_2024,arrival,twin,237029f1-4e1f-4dc4-81ea-26b45ba99cb6
11111111-1111-1111-1111-111111111111,2026-07-07T20:52:00.268452Z,f0077a3a-5a40-4d50-bbe9-95a81a4acc8d,tesla_model_y_robotaxi_2024,arrival,twin,237029f1-4e1f-4dc4-81ea-26b45ba99cb6
11111111-1111-1111-1111-111111111111,2026-07-07T20:54:00.364307Z,b2222222-0002-0002-0002-000000000003,tesla_model_y_robotaxi_2024,arrival,twin,237029f1-4e1f-4dc4-81ea-26b45ba99cb6
11111111-1111-1111-1111-111111111111,2026-07-07T20:56:00.248199Z,2cd2cbf3-9de8-48c0-9bd8-935aedb744d7,waymo_jaguar_ipace_2024,arrival,twin,237029f1-4e1f-4dc4-81ea-26b45ba99cb6
11111111-1111-1111-1111-111111111111,2026-07-07T20:58:00.264092Z,a1111111-0001-0001-0001-000000000004,waymo_jaguar_ipace_2024,arrival,twin,237029f1-4e1f-4dc4-81ea-26b45ba99cb6
11111111-1111-1111-1111-111111111111,2026-07-07T21:02:00.377402Z,a1111111-0001-0001-0001-000000000005,waymo_jaguar_ipace_2024,arrival,twin,237029f1-4e1f-4dc4-81ea-26b45ba99cb6
11111111-1111-1111-1111-111111111111,2026-07-07T21:02:00.377402Z,9e209f49-b30d-4544-a310-c76b3fbe8529,tesla_model_y_robotaxi_2024,arrival,twin,237029f1-4e1f-4dc4-81ea-26b45ba99cb6
11111111-1111-1111-1111-111111111111,2026-07-07T21:10:00.371719Z,9458a4a5-a209-4e6d-a45b-470c4d664cbe,tesla_model_y_robotaxi_2024,arrival,twin,237029f1-4e1f-4dc4-81ea-26b45ba99cb6
11111111-1111-1111-1111-111111111111,2026-07-07T21:12:00.319768Z,c3333333-0003-0003-0003-000000000001,zoox_robotaxi_2024,arrival,twin,237029f1-4e1f-4dc4-81ea-26b45ba99cb6
11111111-1111-1111-1111-111111111111,2026-07-07T21:14:00.261798Z,37aee690-ce21-4aed-b9c1-12ff83521fa9,zoox_robotaxi_2024,arrival,twin,237029f1-4e1f-4dc4-81ea-26b45ba99cb6
11111111-1111-1111-1111-111111111111,2026-07-07T21:16:00.281657Z,30892fc2-9078-4ec6-a8dc-006bc667cea3,zoox_robotaxi_2024,arrival,twin,237029f1-4e1f-4dc4-81ea-26b45ba99cb6
11111111-1111-1111-1111-111111111111,2026-07-07T21:28:00.386944Z,236edd3e-abd5-45f5-a053-7f66ab682162,zoox_robotaxi_2024,arrival,twin,237029f1-4e1f-4dc4-81ea-26b45ba99cb6
11111111-1111-1111-1111-111111111111,2026-07-07T21:48:00.379971Z,58f68551-abe5-439c-9835-f1c46612ca05,zoox_robotaxi_2024,arrival,twin,237029f1-4e1f-4dc4-81ea-26b45ba99cb6
11111111-1111-1111-1111-111111111111,2026-07-07T22:56:00.264996Z,a1111111-0001-0001-0001-000000000006,waymo_jaguar_ipace_2024,arrival,twin,237029f1-4e1f-4dc4-81ea-26b45ba99cb6
11111111-1111-1111-1111-111111111111,2026-07-07T23:20:00.311208Z,cb4faba2-c3d5-467f-a1b9-e8f69f266401,waymo_jaguar_ipace_2024,arrival,twin,237029f1-4e1f-4dc4-81ea-26b45ba99cb6
11111111-1111-1111-1111-111111111111,2026-07-07T23:42:00.232371Z,a8cb8731-fb8b-4b96-8f24-52064752feb8,tesla_model_y_robotaxi_2024,arrival,twin,237029f1-4e1f-4dc4-81ea-26b45ba99cb6
11111111-1111-1111-1111-111111111111,2026-07-08T00:04:00.336572Z,ab7adca4-c402-4577-aca1-8a420eea3b8f,tesla_model_y_robotaxi_2024,arrival,twin,237029f1-4e1f-4dc4-81ea-26b45ba99cb6
11111111-1111-1111-1111-111111111111,2026-07-08T00:16:00.211401Z,a24e3f67-3653-4bd0-9362-2dcfd3d6abe9,tesla_model_y_robotaxi_2024,arrival,twin,237029f1-4e1f-4dc4-81ea-26b45ba99cb6
11111111-1111-1111-1111-111111111111,2026-07-08T02:01:33.375581Z,b2222222-0002-0002-0002-000000000006,tesla_model_y_robotaxi_2024,arrival,twin,237029f1-4e1f-4dc4-81ea-26b45ba99cb6
11111111-1111-1111-1111-111111111111,2026-07-18T04:54:45.059281Z,8ef51846-f36e-47a8-8082-016079ed724c,waymo_jaguar_ipace_2024,departure,twin,3eeb5dc5-c8d1-435f-8c61-b7f17e5d2bad
11111111-1111-1111-1111-111111111111,2026-07-18T05:00:44.166329Z,44444820-2eae-438b-8058-c3b01b89fef6,zoox_robotaxi_2024,departure,twin,3eeb5dc5-c8d1-435f-8c61-b7f17e5d2bad
11111111-1111-1111-1111-111111111111,2026-07-18T05:03:21.598631Z,a8cb8731-fb8b-4b96-8f24-52064752feb8,tesla_model_y_robotaxi_2024,departure,twin,3eeb5dc5-c8d1-435f-8c61-b7f17e5d2bad
11111111-1111-1111-1111-111111111111,2026-07-18T05:14:46.625162Z,58f68551-abe5-439c-9835-f1c46612ca05,zoox_robotaxi_2024,departure,twin,3eeb5dc5-c8d1-435f-8c61-b7f17e5d2bad
11111111-1111-1111-1111-111111111111,2026-07-18T05:22:51.073091Z,b2222222-0002-0002-0002-000000000004,tesla_model_y_robotaxi_2024,departure,twin,3eeb5dc5-c8d1-435f-8c61-b7f17e5d2bad
11111111-1111-1111-1111-111111111111,2026-07-18T05:30:51.878595Z,30892fc2-9078-4ec6-a8dc-006bc667cea3,zoox_robotaxi_2024,departure,twin,3eeb5dc5-c8d1-435f-8c61-b7f17e5d2bad
11111111-1111-1111-1111-111111111111,2026-07-18T05:32:40.417757Z,28417bea-eb30-4e9f-8ad8-3da0f1842398,zoox_robotaxi_2024,departure,twin,3eeb5dc5-c8d1-435f-8c61-b7f17e5d2bad
11111111-1111-1111-1111-111111111111,2026-07-18T05:33:25.669036Z,6fdd7f85-9754-43fc-8b73-bafcfef54374,tesla_model_y_robotaxi_2024,departure,twin,3eeb5dc5-c8d1-435f-8c61-b7f17e5d2bad
11111111-1111-1111-1111-111111111111,2026-07-18T05:33:25.814684Z,5fe5fe42-3237-4734-b819-37876ceb4454,waymo_jaguar_ipace_2024,departure,twin,3eeb5dc5-c8d1-435f-8c61-b7f17e5d2bad
11111111-1111-1111-1111-111111111111,2026-07-18T05:34:20.755509Z,5cee8fb3-d21e-46e2-88b1-5223114b1578,tesla_model_y_robotaxi_2024,departure,twin,3eeb5dc5-c8d1-435f-8c61-b7f17e5d2bad
11111111-1111-1111-1111-111111111111,2026-07-18T05:34:47.173320Z,99ddf4ff-96d7-4257-b1ce-cb9437335ce8,tesla_model_y_robotaxi_2024,departure,twin,3eeb5dc5-c8d1-435f-8c61-b7f17e5d2bad
11111111-1111-1111-1111-111111111111,2026-07-18T05:35:37.670007Z,96b10b07-87e0-4dd5-8a2b-376532cbd8ec,waymo_jaguar_ipace_2024,departure,twin,3eeb5dc5-c8d1-435f-8c61-b7f17e5d2bad
11111111-1111-1111-1111-111111111111,2026-07-18T05:36:01.464786Z,5ea53696-baea-4459-8201-53059e64b6ec,waymo_jaguar_ipace_2024,departure,twin,3eeb5dc5-c8d1-435f-8c61-b7f17e5d2bad
11111111-1111-1111-1111-111111111111,2026-07-18T05:36:31.971840Z,3db69802-2cd3-433b-85ed-4f24ad8be006,waymo_jaguar_ipace_2024,departure,twin,3eeb5dc5-c8d1-435f-8c61-b7f17e5d2bad
11111111-1111-1111-1111-111111111111,2026-07-18T05:36:33.297299Z,da022fb5-45f9-4a77-9fb8-d14db1e3a5b3,waymo_jaguar_ipace_2024,departure,twin,3eeb5dc5-c8d1-435f-8c61-b7f17e5d2bad
11111111-1111-1111-1111-111111111111,2026-07-18T05:37:13.052626Z,54ec9dcb-76c1-4a7a-84e5-43ea4b3a7c8a,waymo_jaguar_ipace_2024,departure,twin,3eeb5dc5-c8d1-435f-8c61-b7f17e5d2bad
11111111-1111-1111-1111-111111111111,2026-07-18T05:37:21.741812Z,bfbaf0b2-48ad-4283-8391-80f301eda2be,zoox_robotaxi_2024,departure,twin,3eeb5dc5-c8d1-435f-8c61-b7f17e5d2bad
11111111-1111-1111-1111-111111111111,2026-07-18T05:37:59.393140Z,9be45c35-ab40-4b47-8ea6-c4eecb5860b4,tesla_model_y_robotaxi_2024,departure,twin,3eeb5dc5-c8d1-435f-8c61-b7f17e5d2bad
11111111-1111-1111-1111-111111111111,2026-07-18T05:38:11.504454Z,23cd462c-e81e-499c-ad8f-f9d57ea03fa9,waymo_jaguar_ipace_2024,departure,twin,3eeb5dc5-c8d1-435f-8c61-b7f17e5d2bad
11111111-1111-1111-1111-111111111111,2026-07-18T05:38:23.646836Z,1e6aa7f6-c47a-40fa-9d8e-8ea38d5f6173,waymo_jaguar_ipace_2024,departure,twin,3eeb5dc5-c8d1-435f-8c61-b7f17e5d2bad
11111111-1111-1111-1111-111111111111,2026-07-18T05:38:25.213136Z,73e86c55-4eeb-43b3-943d-f700b40386af,waymo_jaguar_ipace_2024,departure,twin,3eeb5dc5-c8d1-435f-8c61-b7f17e5d2bad
11111111-1111-1111-1111-111111111111,2026-07-18T05:38:27.853501Z,b14db297-e308-4ce6-8cce-88edbafce40e,tesla_model_y_robotaxi_2024,departure,twin,3eeb5dc5-c8d1-435f-8c61-b7f17e5d2bad
11111111-1111-1111-1111-111111111111,2026-07-18T05:40:00.244949Z,54aeb4ca-1a75-491a-8dcd-974035642eb7,zoox_robotaxi_2024,departure,twin,3eeb5dc5-c8d1-435f-8c61-b7f17e5d2bad
11111111-1111-1111-1111-111111111111,2026-07-18T05:40:00.244949Z,4b179b26-a48b-4f65-aad1-74ce3179a85d,zoox_robotaxi_2024,departure,twin,3eeb5dc5-c8d1-435f-8c61-b7f17e5d2bad
11111111-1111-1111-1111-111111111111,2026-07-18T05:40:00.244949Z,b9ef130e-5de8-4084-a334-4ad8191bc096,waymo_jaguar_ipace_2024,departure,twin,3eeb5dc5-c8d1-435f-8c61-b7f17e5d2bad
11111111-1111-1111-1111-111111111111,2026-07-18T05:40:18.376190Z,28417bea-eb30-4e9f-8ad8-3da0f1842398,zoox_robotaxi_2024,arrival,twin,3eeb5dc5-c8d1-435f-8c61-b7f17e5d2bad
11111111-1111-1111-1111-111111111111,2026-07-18T05:40:18.376190Z,b2222222-0002-0002-0002-000000000004,tesla_model_y_robotaxi_2024,arrival,twin,3eeb5dc5-c8d1-435f-8c61-b7f17e5d2bad
11111111-1111-1111-1111-111111111111,2026-07-18T05:40:18.376190Z,3db69802-2cd3-433b-85ed-4f24ad8be006,waymo_jaguar_ipace_2024,arrival,twin,3eeb5dc5-c8d1-435f-8c61-b7f17e5d2bad
11111111-1111-1111-1111-111111111111,2026-07-18T05:40:18.376190Z,96b10b07-87e0-4dd5-8a2b-376532cbd8ec,waymo_jaguar_ipace_2024,arrival,twin,3eeb5dc5-c8d1-435f-8c61-b7f17e5d2bad
11111111-1111-1111-1111-111111111111,2026-07-18T05:40:18.376190Z,5cee8fb3-d21e-46e2-88b1-5223114b1578,tesla_model_y_robotaxi_2024,arrival,twin,3eeb5dc5-c8d1-435f-8c61-b7f17e5d2bad
11111111-1111-1111-1111-111111111111,2026-07-18T05:40:18.376190Z,bfbaf0b2-48ad-4283-8391-80f301eda2be,zoox_robotaxi_2024,arrival,twin,3eeb5dc5-c8d1-435f-8c61-b7f17e5d2bad
11111111-1111-1111-1111-111111111111,2026-07-18T05:40:18.376190Z,54ec9dcb-76c1-4a7a-84e5-43ea4b3a7c8a,waymo_jaguar_ipace_2024,arrival,twin,3eeb5dc5-c8d1-435f-8c61-b7f17e5d2bad
11111111-1111-1111-1111-111111111111,2026-07-18T05:40:18.376190Z,5fe5fe42-3237-4734-b819-37876ceb4454,waymo_jaguar_ipace_2024,arrival,twin,3eeb5dc5-c8d1-435f-8c61-b7f17e5d2bad
11111111-1111-1111-1111-111111111111,2026-07-18T05:40:18.376190Z,6fdd7f85-9754-43fc-8b73-bafcfef54374,tesla_model_y_robotaxi_2024,arrival,twin,3eeb5dc5-c8d1-435f-8c61-b7f17e5d2bad
11111111-1111-1111-1111-111111111111,2026-07-18T05:40:18.376190Z,23cd462c-e81e-499c-ad8f-f9d57ea03fa9,waymo_jaguar_ipace_2024,arrival,twin,3eeb5dc5-c8d1-435f-8c61-b7f17e5d2bad
11111111-1111-1111-1111-111111111111,2026-07-18T05:40:18.376190Z,30892fc2-9078-4ec6-a8dc-006bc667cea3,zoox_robotaxi_2024,arrival,twin,3eeb5dc5-c8d1-435f-8c61-b7f17e5d2bad
11111111-1111-1111-1111-111111111111,2026-07-18T05:40:18.376190Z,a8cb8731-fb8b-4b96-8f24-52064752feb8,tesla_model_y_robotaxi_2024,arrival,twin,3eeb5dc5-c8d1-435f-8c61-b7f17e5d2bad
11111111-1111-1111-1111-111111111111,2026-07-18T05:40:18.376190Z,da022fb5-45f9-4a77-9fb8-d14db1e3a5b3,waymo_jaguar_ipace_2024,arrival,twin,3eeb5dc5-c8d1-435f-8c61-b7f17e5d2bad
11111111-1111-1111-1111-111111111111,2026-07-18T05:40:18.376190Z,73e86c55-4eeb-43b3-943d-f700b40386af,waymo_jaguar_ipace_2024,arrival,twin,3eeb5dc5-c8d1-435f-8c61-b7f17e5d2bad
11111111-1111-1111-1111-111111111111,2026-07-18T05:40:18.376190Z,99ddf4ff-96d7-4257-b1ce-cb9437335ce8,tesla_model_y_robotaxi_2024,arrival,twin,3eeb5dc5-c8d1-435f-8c61-b7f17e5d2bad
11111111-1111-1111-1111-111111111111,2026-07-18T05:40:18.376190Z,b14db297-e308-4ce6-8cce-88edbafce40e,tesla_model_y_robotaxi_2024,arrival,twin,3eeb5dc5-c8d1-435f-8c61-b7f17e5d2bad
11111111-1111-1111-1111-111111111111,2026-07-18T05:40:18.376190Z,9be45c35-ab40-4b47-8ea6-c4eecb5860b4,tesla_model_y_robotaxi_2024,arrival,twin,3eeb5dc5-c8d1-435f-8c61-b7f17e5d2bad
11111111-1111-1111-1111-111111111111,2026-07-18T05:40:18.376190Z,1e6aa7f6-c47a-40fa-9d8e-8ea38d5f6173,waymo_jaguar_ipace_2024,arrival,twin,3eeb5dc5-c8d1-435f-8c61-b7f17e5d2bad
11111111-1111-1111-1111-111111111111,2026-07-18T05:40:18.376190Z,5ea53696-baea-4459-8201-53059e64b6ec,waymo_jaguar_ipace_2024,arrival,twin,3eeb5dc5-c8d1-435f-8c61-b7f17e5d2bad
11111111-1111-1111-1111-111111111111,2026-07-18T05:40:18.376190Z,44444820-2eae-438b-8058-c3b01b89fef6,zoox_robotaxi_2024,arrival,twin,3eeb5dc5-c8d1-435f-8c61-b7f17e5d2bad
11111111-1111-1111-1111-111111111111,2026-07-18T05:40:18.376190Z,8ef51846-f36e-47a8-8082-016079ed724c,waymo_jaguar_ipace_2024,arrival,twin,3eeb5dc5-c8d1-435f-8c61-b7f17e5d2bad
11111111-1111-1111-1111-111111111111,2026-07-18T05:40:18.376190Z,58f68551-abe5-439c-9835-f1c46612ca05,zoox_robotaxi_2024,arrival,twin,3eeb5dc5-c8d1-435f-8c61-b7f17e5d2bad
11111111-1111-1111-1111-111111111111,2026-07-18T05:40:18.376190Z,54aeb4ca-1a75-491a-8dcd-974035642eb7,zoox_robotaxi_2024,arrival,twin,3eeb5dc5-c8d1-435f-8c61-b7f17e5d2bad
11111111-1111-1111-1111-111111111111,2026-07-18T05:40:18.376190Z,4b179b26-a48b-4f65-aad1-74ce3179a85d,zoox_robotaxi_2024,arrival,twin,3eeb5dc5-c8d1-435f-8c61-b7f17e5d2bad
11111111-1111-1111-1111-111111111111,2026-07-18T05:40:18.376190Z,b9ef130e-5de8-4084-a334-4ad8191bc096,waymo_jaguar_ipace_2024,arrival,twin,3eeb5dc5-c8d1-435f-8c61-b7f17e5d2bad
11111111-1111-1111-1111-111111111111,2026-07-20T11:57:48.638860Z,05b0de6f-7dee-43d7-99d2-7be9cecfeb86,zoox_robotaxi_2024,departure,twin,b54929ce-ce93-46bf-8f85-04d77c5484ad
11111111-1111-1111-1111-111111111111,2026-07-20T12:17:20.540958Z,d5dd0338-bbbb-4fd1-b529-d0fba31da0cd,tesla_model_y_robotaxi_2024,departure,twin,b54929ce-ce93-46bf-8f85-04d77c5484ad
11111111-1111-1111-1111-111111111111,2026-07-20T12:23:44.593680Z,0cb0532c-6fbb-4ec7-abfb-69e7681e6630,waymo_jaguar_ipace_2024,departure,twin,b54929ce-ce93-46bf-8f85-04d77c5484ad
11111111-1111-1111-1111-111111111111,2026-07-20T12:25:54.194474Z,c3333333-0003-0003-0003-000000000003,zoox_robotaxi_2024,departure,twin,b54929ce-ce93-46bf-8f85-04d77c5484ad
11111111-1111-1111-1111-111111111111,2026-07-20T12:27:55.960732Z,12cb06f0-cf74-436f-a37a-e660a52dc7e6,waymo_jaguar_ipace_2024,departure,twin,b54929ce-ce93-46bf-8f85-04d77c5484ad
11111111-1111-1111-1111-111111111111,2026-07-20T12:29:49.724466Z,cb4faba2-c3d5-467f-a1b9-e8f69f266401,waymo_jaguar_ipace_2024,departure,twin,b54929ce-ce93-46bf-8f85-04d77c5484ad
11111111-1111-1111-1111-111111111111,2026-07-20T12:30:17.442113Z,2d2c46af-6b02-4b6e-95df-2cf9742bd376,zoox_robotaxi_2024,departure,twin,b54929ce-ce93-46bf-8f85-04d77c5484ad
11111111-1111-1111-1111-111111111111,2026-07-20T12:31:31.703015Z,b2222222-0002-0002-0002-000000000005,tesla_model_y_robotaxi_2024,departure,twin,b54929ce-ce93-46bf-8f85-04d77c5484ad
11111111-1111-1111-1111-111111111111,2026-07-20T12:31:44.647123Z,aff36072-eff1-4a55-be44-a55f5f8891e7,tesla_model_y_robotaxi_2024,departure,twin,b54929ce-ce93-46bf-8f85-04d77c5484ad
11111111-1111-1111-1111-111111111111,2026-07-20T12:31:45.339523Z,252ba623-b097-4ac4-8c0b-3cffa951448e,tesla_model_y_robotaxi_2024,departure,twin,b54929ce-ce93-46bf-8f85-04d77c5484ad
11111111-1111-1111-1111-111111111111,2026-07-20T12:33:55.350334Z,c7d24f18-164f-46f1-88aa-6f747c6668fc,waymo_jaguar_ipace_2024,departure,twin,b54929ce-ce93-46bf-8f85-04d77c5484ad
11111111-1111-1111-1111-111111111111,2026-07-20T12:34:38.304834Z,5cee8fb3-d21e-46e2-88b1-5223114b1578,tesla_model_y_robotaxi_2024,departure,twin,b54929ce-ce93-46bf-8f85-04d77c5484ad
11111111-1111-1111-1111-111111111111,2026-07-20T12:36:52.455157Z,bfbaf0b2-48ad-4283-8391-80f301eda2be,zoox_robotaxi_2024,departure,twin,b54929ce-ce93-46bf-8f85-04d77c5484ad
11111111-1111-1111-1111-111111111111,2026-07-20T12:36:56.105376Z,b2222222-0002-0002-0002-000000000004,tesla_model_y_robotaxi_2024,departure,twin,b54929ce-ce93-46bf-8f85-04d77c5484ad
11111111-1111-1111-1111-111111111111,2026-07-20T12:36:59.057425Z,b2222222-0002-0002-0002-000000000001,tesla_model_y_robotaxi_2024,departure,twin,b54929ce-ce93-46bf-8f85-04d77c5484ad
11111111-1111-1111-1111-111111111111,2026-07-20T12:37:58.077842Z,1225f10e-1355-45d5-ae28-2fdffd243425,waymo_jaguar_ipace_2024,departure,twin,b54929ce-ce93-46bf-8f85-04d77c5484ad
11111111-1111-1111-1111-111111111111,2026-07-20T12:38:08.480144Z,a1111111-0001-0001-0001-000000000001,waymo_jaguar_ipace_2024,departure,twin,b54929ce-ce93-46bf-8f85-04d77c5484ad
11111111-1111-1111-1111-111111111111,2026-07-20T12:39:17.351736Z,2bc9a4a0-5f7d-4f1c-bdcd-d9a96efa9fc5,zoox_robotaxi_2024,departure,twin,b54929ce-ce93-46bf-8f85-04d77c5484ad
11111111-1111-1111-1111-111111111111,2026-07-20T12:39:19.914137Z,fd6ec8c7-3bcc-4882-b77e-4b1fab99a064,zoox_robotaxi_2024,departure,twin,b54929ce-ce93-46bf-8f85-04d77c5484ad
11111111-1111-1111-1111-111111111111,2026-07-20T12:41:12.516368Z,77ecd026-12cb-458e-900a-4602511728d8,waymo_jaguar_ipace_2024,departure,twin,b54929ce-ce93-46bf-8f85-04d77c5484ad
11111111-1111-1111-1111-111111111111,2026-07-20T12:42:18.054474Z,28417bea-eb30-4e9f-8ad8-3da0f1842398,zoox_robotaxi_2024,departure,twin,b54929ce-ce93-46bf-8f85-04d77c5484ad
11111111-1111-1111-1111-111111111111,2026-07-20T12:42:24.270073Z,616a06de-9b62-4c6a-8d87-70dd2a5a1aa0,tesla_model_y_robotaxi_2024,departure,twin,b54929ce-ce93-46bf-8f85-04d77c5484ad
11111111-1111-1111-1111-111111111111,2026-07-20T12:42:30.117531Z,a8cb8731-fb8b-4b96-8f24-52064752feb8,tesla_model_y_robotaxi_2024,departure,twin,b54929ce-ce93-46bf-8f85-04d77c5484ad
11111111-1111-1111-1111-111111111111,2026-07-20T12:43:47.044958Z,b73b5763-07e4-48e3-9e8c-3158301af418,tesla_model_y_robotaxi_2024,departure,twin,b54929ce-ce93-46bf-8f85-04d77c5484ad
11111111-1111-1111-1111-111111111111,2026-07-20T12:45:31.377889Z,8ef51846-f36e-47a8-8082-016079ed724c,waymo_jaguar_ipace_2024,departure,twin,b54929ce-ce93-46bf-8f85-04d77c5484ad
11111111-1111-1111-1111-111111111111,2026-07-20T12:45:38.717073Z,236edd3e-abd5-45f5-a053-7f66ab682162,zoox_robotaxi_2024,departure,twin,b54929ce-ce93-46bf-8f85-04d77c5484ad
11111111-1111-1111-1111-111111111111,2026-07-20T12:46:19.400162Z,ebd4669f-9227-44b6-9956-f2fa5472ed5d,zoox_robotaxi_2024,departure,twin,b54929ce-ce93-46bf-8f85-04d77c5484ad
11111111-1111-1111-1111-111111111111,2026-07-20T12:46:49.815295Z,7a138260-7c7d-40f9-9aaa-f41286a0aa6a,tesla_model_y_robotaxi_2024,departure,twin,b54929ce-ce93-46bf-8f85-04d77c5484ad
11111111-1111-1111-1111-111111111111,2026-07-20T12:47:39.849148Z,cadd7c81-433d-4158-90ac-b08ecbdcdf7a,waymo_jaguar_ipace_2024,departure,twin,b54929ce-ce93-46bf-8f85-04d77c5484ad
11111111-1111-1111-1111-111111111111,2026-07-20T12:47:57.881357Z,1e6aa7f6-c47a-40fa-9d8e-8ea38d5f6173,waymo_jaguar_ipace_2024,departure,twin,b54929ce-ce93-46bf-8f85-04d77c5484ad
11111111-1111-1111-1111-111111111111,2026-07-20T12:49:26.043944Z,675dfb5c-66ec-466b-b0bf-d2bd9d519538,waymo_jaguar_ipace_2024,departure,twin,b54929ce-ce93-46bf-8f85-04d77c5484ad
11111111-1111-1111-1111-111111111111,2026-07-20T12:49:44.046763Z,ec5d2c18-bc65-400e-a9db-811be2b75659,tesla_model_y_robotaxi_2024,departure,twin,b54929ce-ce93-46bf-8f85-04d77c5484ad
11111111-1111-1111-1111-111111111111,2026-07-20T12:49:51.735137Z,c8ae20e3-3613-4ad1-b003-274321c4a101,waymo_jaguar_ipace_2024,departure,twin,b54929ce-ce93-46bf-8f85-04d77c5484ad
11111111-1111-1111-1111-111111111111,2026-07-20T12:49:51.881257Z,c3333333-0003-0003-0003-000000000001,zoox_robotaxi_2024,departure,twin,b54929ce-ce93-46bf-8f85-04d77c5484ad
11111111-1111-1111-1111-111111111111,2026-07-20T12:50:37.544328Z,03d72f9c-de16-42ad-a6a2-2434511781c5,zoox_robotaxi_2024,departure,twin,b54929ce-ce93-46bf-8f85-04d77c5484ad
11111111-1111-1111-1111-111111111111,2026-07-20T12:50:48.949982Z,137ab789-9a83-4ee9-9610-7fcd8238fe43,waymo_jaguar_ipace_2024,departure,twin,b54929ce-ce93-46bf-8f85-04d77c5484ad
11111111-1111-1111-1111-111111111111,2026-07-20T12:50:51.697675Z,2cd2cbf3-9de8-48c0-9bd8-935aedb744d7,waymo_jaguar_ipace_2024,departure,twin,b54929ce-ce93-46bf-8f85-04d77c5484ad
11111111-1111-1111-1111-111111111111,2026-07-20T12:51:00.616261Z,5f8af8a5-0a29-42e7-90d6-a933a2b56e64,tesla_model_y_robotaxi_2024,departure,twin,b54929ce-ce93-46bf-8f85-04d77c5484ad
11111111-1111-1111-1111-111111111111,2026-07-20T12:51:26.790570Z,b2222222-0002-0002-0002-000000000006,tesla_model_y_robotaxi_2024,departure,twin,b54929ce-ce93-46bf-8f85-04d77c5484ad
11111111-1111-1111-1111-111111111111,2026-07-20T12:52:31.366691Z,229f655b-803c-47c0-95fd-ca8adb9d8ef0,zoox_robotaxi_2024,departure,twin,b54929ce-ce93-46bf-8f85-04d77c5484ad
11111111-1111-1111-1111-111111111111,2026-07-20T12:53:02.867856Z,aee7a860-ffee-4629-bfda-3ffc5b74dd38,waymo_jaguar_ipace_2024,departure,twin,b54929ce-ce93-46bf-8f85-04d77c5484ad
11111111-1111-1111-1111-111111111111,2026-07-20T12:53:35.727621Z,23cd462c-e81e-499c-ad8f-f9d57ea03fa9,waymo_jaguar_ipace_2024,departure,twin,b54929ce-ce93-46bf-8f85-04d77c5484ad
11111111-1111-1111-1111-111111111111,2026-07-20T12:53:44.487304Z,b19025e6-7990-4ab9-93a5-31eb9734e50b,tesla_model_y_robotaxi_2024,departure,twin,b54929ce-ce93-46bf-8f85-04d77c5484ad
11111111-1111-1111-1111-111111111111,2026-07-20T12:54:17.890946Z,4b179b26-a48b-4f65-aad1-74ce3179a85d,zoox_robotaxi_2024,departure,twin,b54929ce-ce93-46bf-8f85-04d77c5484ad
11111111-1111-1111-1111-111111111111,2026-07-20T12:54:42.682994Z,b2222222-0002-0002-0002-000000000003,tesla_model_y_robotaxi_2024,departure,twin,b54929ce-ce93-46bf-8f85-04d77c5484ad
11111111-1111-1111-1111-111111111111,2026-07-20T12:54:45.591674Z,a1111111-0001-0001-0001-000000000002,waymo_jaguar_ipace_2024,departure,twin,b54929ce-ce93-46bf-8f85-04d77c5484ad
11111111-1111-1111-1111-111111111111,2026-07-20T12:54:53.600782Z,9be45c35-ab40-4b47-8ea6-c4eecb5860b4,tesla_model_y_robotaxi_2024,departure,twin,b54929ce-ce93-46bf-8f85-04d77c5484ad
11111111-1111-1111-1111-111111111111,2026-07-20T12:55:19.856161Z,0d43459d-a82f-4d46-9579-43fc89feb981,waymo_jaguar_ipace_2024,departure,twin,b54929ce-ce93-46bf-8f85-04d77c5484ad
11111111-1111-1111-1111-111111111111,2026-07-20T12:55:21.106262Z,a45682eb-242b-42d2-9b15-703b54a3e4cc,tesla_model_y_robotaxi_2024,departure,twin,b54929ce-ce93-46bf-8f85-04d77c5484ad
11111111-1111-1111-1111-111111111111,2026-07-20T12:55:22.166282Z,99ddf4ff-96d7-4257-b1ce-cb9437335ce8,tesla_model_y_robotaxi_2024,departure,twin,b54929ce-ce93-46bf-8f85-04d77c5484ad
11111111-1111-1111-1111-111111111111,2026-07-20T12:55:30.706926Z,37aee690-ce21-4aed-b9c1-12ff83521fa9,zoox_robotaxi_2024,departure,twin,b54929ce-ce93-46bf-8f85-04d77c5484ad
11111111-1111-1111-1111-111111111111,2026-07-20T12:55:59.855906Z,380f0f38-a540-4f24-9ee3-a7112d4c6f23,tesla_model_y_robotaxi_2024,departure,twin,b54929ce-ce93-46bf-8f85-04d77c5484ad
11111111-1111-1111-1111-111111111111,2026-07-20T12:56:05.317605Z,a1111111-0001-0001-0001-000000000005,waymo_jaguar_ipace_2024,departure,twin,b54929ce-ce93-46bf-8f85-04d77c5484ad
11111111-1111-1111-1111-111111111111,2026-07-20T12:56:08.776032Z,03726c33-e4fb-4af4-b498-16f4dc5335b9,zoox_robotaxi_2024,departure,twin,b54929ce-ce93-46bf-8f85-04d77c5484ad
11111111-1111-1111-1111-111111111111,2026-07-20T12:56:11.026415Z,a0ef8ae7-a873-4ec3-a040-1adb3e30b3d4,waymo_jaguar_ipace_2024,departure,twin,b54929ce-ce93-46bf-8f85-04d77c5484ad
11111111-1111-1111-1111-111111111111,2026-07-20T12:56:16.468695Z,5604331f-284d-4768-a521-b60693aebe25,zoox_robotaxi_2024,departure,twin,b54929ce-ce93-46bf-8f85-04d77c5484ad
11111111-1111-1111-1111-111111111111,2026-07-20T12:56:20.668574Z,f5c7d2a9-f6b6-46bb-8e61-5da2ec54b7db,waymo_jaguar_ipace_2024,departure,twin,b54929ce-ce93-46bf-8f85-04d77c5484ad
11111111-1111-1111-1111-111111111111,2026-07-20T12:56:25.064042Z,73e4a749-9f4f-4586-8c73-7351786ca4a9,waymo_jaguar_ipace_2024,departure,twin,b54929ce-ce93-46bf-8f85-04d77c5484ad
11111111-1111-1111-1111-111111111111,2026-07-20T12:56:45.201414Z,9e05d00e-41f2-4334-b25d-be7588560e82,zoox_robotaxi_2024,departure,twin,b54929ce-ce93-46bf-8f85-04d77c5484ad
11111111-1111-1111-1111-111111111111,2026-07-20T12:56:45.987927Z,a1111111-0001-0001-0001-000000000003,waymo_jaguar_ipace_2024,departure,twin,b54929ce-ce93-46bf-8f85-04d77c5484ad
11111111-1111-1111-1111-111111111111,2026-07-20T12:57:03.435710Z,8eeaaef3-086f-40c8-9e90-1b91d50d3333,waymo_jaguar_ipace_2024,departure,twin,b54929ce-ce93-46bf-8f85-04d77c5484ad
11111111-1111-1111-1111-111111111111,2026-07-20T12:57:12.653641Z,1b9b6ea1-ed97-4a07-9b72-4be8a7189792,tesla_model_y_robotaxi_2024,departure,twin,b54929ce-ce93-46bf-8f85-04d77c5484ad
11111111-1111-1111-1111-111111111111,2026-07-20T12:57:30.826780Z,a1111111-0001-0001-0001-000000000004,waymo_jaguar_ipace_2024,departure,twin,b54929ce-ce93-46bf-8f85-04d77c5484ad
11111111-1111-1111-1111-111111111111,2026-07-20T12:58:02.057521Z,87098f16-b5b8-417b-bb6a-95e1ea02f619,zoox_robotaxi_2024,departure,twin,b54929ce-ce93-46bf-8f85-04d77c5484ad
11111111-1111-1111-1111-111111111111,2026-07-20T12:58:05.952998Z,091fa637-9f10-4cef-81e1-3ac58ee652a4,waymo_jaguar_ipace_2024,departure,twin,b54929ce-ce93-46bf-8f85-04d77c5484ad
11111111-1111-1111-1111-111111111111,2026-07-20T12:58:51.943277Z,02ff42a9-de41-42d2-bfb9-00b681c02178,tesla_model_y_robotaxi_2024,departure,twin,b54929ce-ce93-46bf-8f85-04d77c5484ad
11111111-1111-1111-1111-111111111111,2026-07-20T12:58:52.040689Z,b9ef130e-5de8-4084-a334-4ad8191bc096,waymo_jaguar_ipace_2024,departure,twin,b54929ce-ce93-46bf-8f85-04d77c5484ad
11111111-1111-1111-1111-111111111111,2026-07-20T12:58:53.095896Z,5ea53696-baea-4459-8201-53059e64b6ec,waymo_jaguar_ipace_2024,departure,twin,b54929ce-ce93-46bf-8f85-04d77c5484ad
11111111-1111-1111-1111-111111111111,2026-07-20T12:58:57.694397Z,54aeb4ca-1a75-491a-8dcd-974035642eb7,zoox_robotaxi_2024,departure,twin,b54929ce-ce93-46bf-8f85-04d77c5484ad
11111111-1111-1111-1111-111111111111,2026-07-20T12:59:11.413044Z,b696f1b8-35a6-4ca6-8453-6d7c6005daa2,waymo_jaguar_ipace_2024,departure,twin,b54929ce-ce93-46bf-8f85-04d77c5484ad
11111111-1111-1111-1111-111111111111,2026-07-20T12:59:14.054541Z,0cb1b8c6-c948-4937-8bf6-187442a7be1a,waymo_jaguar_ipace_2024,departure,twin,b54929ce-ce93-46bf-8f85-04d77c5484ad
11111111-1111-1111-1111-111111111111,2026-07-20T12:59:24.991387Z,8f680446-212c-4aca-bf07-f55b7fa0223e,zoox_robotaxi_2024,departure,twin,b54929ce-ce93-46bf-8f85-04d77c5484ad
11111111-1111-1111-1111-111111111111,2026-07-20T12:59:31.991883Z,a24e3f67-3653-4bd0-9362-2dcfd3d6abe9,tesla_model_y_robotaxi_2024,departure,twin,b54929ce-ce93-46bf-8f85-04d77c5484ad
11111111-1111-1111-1111-111111111111,2026-07-20T12:59:32.890972Z,34eff65e-af05-485c-bcc6-df10f99c219a,waymo_jaguar_ipace_2024,departure,twin,b54929ce-ce93-46bf-8f85-04d77c5484ad
11111111-1111-1111-1111-111111111111,2026-07-20T12:59:33.865542Z,ef0b46c0-5029-4ff9-989a-c80e3e8227f2,tesla_model_y_robotaxi_2024,departure,twin,b54929ce-ce93-46bf-8f85-04d77c5484ad
11111111-1111-1111-1111-111111111111,2026-07-20T12:59:37.101594Z,bbf2928f-0364-4f7d-a6cd-7ffd9510c6e2,waymo_jaguar_ipace_2024,departure,twin,b54929ce-ce93-46bf-8f85-04d77c5484ad
11111111-1111-1111-1111-111111111111,2026-07-20T12:59:37.642797Z,c3333333-0003-0003-0003-000000000004,zoox_robotaxi_2024,departure,twin,b54929ce-ce93-46bf-8f85-04d77c5484ad
11111111-1111-1111-1111-111111111111,2026-07-20T12:59:40.120912Z,73e86c55-4eeb-43b3-943d-f700b40386af,waymo_jaguar_ipace_2024,departure,twin,b54929ce-ce93-46bf-8f85-04d77c5484ad
11111111-1111-1111-1111-111111111111,2026-07-20T12:59:41.814114Z,db9d7b6e-e17c-44db-86d8-cebcf99e24d7,zoox_robotaxi_2024,departure,twin,b54929ce-ce93-46bf-8f85-04d77c5484ad
11111111-1111-1111-1111-111111111111,2026-07-20T12:59:44.908563Z,3db69802-2cd3-433b-85ed-4f24ad8be006,waymo_jaguar_ipace_2024,departure,twin,b54929ce-ce93-46bf-8f85-04d77c5484ad
11111111-1111-1111-1111-111111111111,2026-07-20T12:59:46.524349Z,6fdd7f85-9754-43fc-8b73-bafcfef54374,tesla_model_y_robotaxi_2024,departure,twin,b54929ce-ce93-46bf-8f85-04d77c5484ad
11111111-1111-1111-1111-111111111111,2026-07-20T12:59:47.697553Z,5e93a514-8ab0-4ac1-94d6-bede2a8b4f56,tesla_model_y_robotaxi_2024,departure,twin,b54929ce-ce93-46bf-8f85-04d77c5484ad
11111111-1111-1111-1111-111111111111,2026-07-20T12:59:51.845977Z,ca2624fc-c97d-4033-af1b-bf97756d3ad9,zoox_robotaxi_2024,departure,twin,b54929ce-ce93-46bf-8f85-04d77c5484ad
11111111-1111-1111-1111-111111111111,2026-07-20T12:59:53.609418Z,1ad24ec9-3039-4ab4-9b78-68c35a26f603,waymo_jaguar_ipace_2024,departure,twin,b54929ce-ce93-46bf-8f85-04d77c5484ad
11111111-1111-1111-1111-111111111111,2026-07-20T12:59:54.348348Z,6ef374e7-4d63-4d9e-a14b-8976ef9c9786,zoox_robotaxi_2024,departure,twin,b54929ce-ce93-46bf-8f85-04d77c5484ad
11111111-1111-1111-1111-111111111111,2026-07-20T12:59:55.883797Z,641d765e-a547-44d2-a837-66484268f1c3,zoox_robotaxi_2024,departure,twin,b54929ce-ce93-46bf-8f85-04d77c5484ad
11111111-1111-1111-1111-111111111111,2026-07-20T12:59:55.917578Z,72ccc3d4-87f6-47d2-be7f-044ac67e7cc0,waymo_jaguar_ipace_2024,departure,twin,b54929ce-ce93-46bf-8f85-04d77c5484ad
11111111-1111-1111-1111-111111111111,2026-07-20T12:59:57.996493Z,d9d2a011-ac98-4567-87bd-ad70810ded40,zoox_robotaxi_2024,departure,twin,b54929ce-ce93-46bf-8f85-04d77c5484ad
11111111-1111-1111-1111-111111111111,2026-07-20T12:59:59.314326Z,d0887837-3455-4e45-945a-2d9dd7f4bfbb,waymo_jaguar_ipace_2024,departure,twin,b54929ce-ce93-46bf-8f85-04d77c5484ad
11111111-1111-1111-1111-111111111111,2026-07-20T12:59:59.530528Z,c8c7cd10-99de-40ca-a0b2-03324d11ebaa,zoox_robotaxi_2024,departure,twin,b54929ce-ce93-46bf-8f85-04d77c5484ad
11111111-1111-1111-1111-111111111111,2026-07-20T12:59:59.994588Z,3d51937e-a289-4132-9fa6-07c0ed2fdbef,waymo_jaguar_ipace_2024,departure,twin,b54929ce-ce93-46bf-8f85-04d77c5484ad
11111111-1111-1111-1111-111111111111,2026-07-21T02:08:18.556907Z,a1111111-0001-0001-0001-000000000001,waymo_jaguar_ipace_2024,arrival,twin,b54929ce-ce93-46bf-8f85-04d77c5484ad
11111111-1111-1111-1111-111111111111,2026-07-21T02:08:18.556907Z,37aee690-ce21-4aed-b9c1-12ff83521fa9,zoox_robotaxi_2024,arrival,twin,b54929ce-ce93-46bf-8f85-04d77c5484ad
11111111-1111-1111-1111-111111111111,2026-07-21T02:08:18.556907Z,0d43459d-a82f-4d46-9579-43fc89feb981,waymo_jaguar_ipace_2024,arrival,twin,b54929ce-ce93-46bf-8f85-04d77c5484ad
11111111-1111-1111-1111-111111111111,2026-07-21T02:08:18.556907Z,a1111111-0001-0001-0001-000000000002,waymo_jaguar_ipace_2024,arrival,twin,b54929ce-ce93-46bf-8f85-04d77c5484ad
11111111-1111-1111-1111-111111111111,2026-07-21T02:08:18.556907Z,ca2624fc-c97d-4033-af1b-bf97756d3ad9,zoox_robotaxi_2024,arrival,twin,b54929ce-ce93-46bf-8f85-04d77c5484ad
11111111-1111-1111-1111-111111111111,2026-07-21T02:08:18.556907Z,db9d7b6e-e17c-44db-86d8-cebcf99e24d7,zoox_robotaxi_2024,arrival,twin,b54929ce-ce93-46bf-8f85-04d77c5484ad
11111111-1111-1111-1111-111111111111,2026-07-21T02:08:18.556907Z,2cd2cbf3-9de8-48c0-9bd8-935aedb744d7,waymo_jaguar_ipace_2024,arrival,twin,b54929ce-ce93-46bf-8f85-04d77c5484ad
11111111-1111-1111-1111-111111111111,2026-07-21T02:08:18.556907Z,72ccc3d4-87f6-47d2-be7f-044ac67e7cc0,waymo_jaguar_ipace_2024,arrival,twin,b54929ce-ce93-46bf-8f85-04d77c5484ad
11111111-1111-1111-1111-111111111111,2026-07-21T02:08:18.556907Z,c3333333-0003-0003-0003-000000000004,zoox_robotaxi_2024,arrival,twin,b54929ce-ce93-46bf-8f85-04d77c5484ad
11111111-1111-1111-1111-111111111111,2026-07-21T02:08:18.556907Z,aff36072-eff1-4a55-be44-a55f5f8891e7,tesla_model_y_robotaxi_2024,arrival,twin,b54929ce-ce93-46bf-8f85-04d77c5484ad
11111111-1111-1111-1111-111111111111,2026-07-21T02:08:18.556907Z,1225f10e-1355-45d5-ae28-2fdffd243425,waymo_jaguar_ipace_2024,arrival,twin,b54929ce-ce93-46bf-8f85-04d77c5484ad
11111111-1111-1111-1111-111111111111,2026-07-21T02:08:18.556907Z,03d72f9c-de16-42ad-a6a2-2434511781c5,zoox_robotaxi_2024,arrival,twin,b54929ce-ce93-46bf-8f85-04d77c5484ad
11111111-1111-1111-1111-111111111111,2026-07-21T02:08:18.556907Z,1ad24ec9-3039-4ab4-9b78-68c35a26f603,waymo_jaguar_ipace_2024,arrival,twin,b54929ce-ce93-46bf-8f85-04d77c5484ad
11111111-1111-1111-1111-111111111111,2026-07-21T02:08:18.556907Z,77ecd026-12cb-458e-900a-4602511728d8,waymo_jaguar_ipace_2024,arrival,twin,b54929ce-ce93-46bf-8f85-04d77c5484ad
11111111-1111-1111-1111-111111111111,2026-07-21T02:08:18.556907Z,5ea53696-baea-4459-8201-53059e64b6ec,waymo_jaguar_ipace_2024,arrival,twin,b54929ce-ce93-46bf-8f85-04d77c5484ad
11111111-1111-1111-1111-111111111111,2026-07-21T02:08:18.556907Z,99ddf4ff-96d7-4257-b1ce-cb9437335ce8,tesla_model_y_robotaxi_2024,arrival,twin,b54929ce-ce93-46bf-8f85-04d77c5484ad
11111111-1111-1111-1111-111111111111,2026-07-21T02:08:18.556907Z,5f8af8a5-0a29-42e7-90d6-a933a2b56e64,tesla_model_y_robotaxi_2024,arrival,twin,b54929ce-ce93-46bf-8f85-04d77c5484ad
11111111-1111-1111-1111-111111111111,2026-07-21T02:08:18.556907Z,02ff42a9-de41-42d2-bfb9-00b681c02178,tesla_model_y_robotaxi_2024,arrival,twin,b54929ce-ce93-46bf-8f85-04d77c5484ad
11111111-1111-1111-1111-111111111111,2026-07-21T02:08:18.556907Z,c3333333-0003-0003-0003-000000000003,zoox_robotaxi_2024,arrival,twin,b54929ce-ce93-46bf-8f85-04d77c5484ad
11111111-1111-1111-1111-111111111111,2026-07-21T02:08:18.556907Z,2d2c46af-6b02-4b6e-95df-2cf9742bd376,zoox_robotaxi_2024,arrival,twin,b54929ce-ce93-46bf-8f85-04d77c5484ad
11111111-1111-1111-1111-111111111111,2026-07-21T02:08:18.556907Z,2bc9a4a0-5f7d-4f1c-bdcd-d9a96efa9fc5,zoox_robotaxi_2024,arrival,twin,b54929ce-ce93-46bf-8f85-04d77c5484ad
11111111-1111-1111-1111-111111111111,2026-07-21T02:08:18.556907Z,4b179b26-a48b-4f65-aad1-74ce3179a85d,zoox_robotaxi_2024,arrival,twin,b54929ce-ce93-46bf-8f85-04d77c5484ad
11111111-1111-1111-1111-111111111111,2026-07-21T02:08:18.556907Z,b2222222-0002-0002-0002-000000000001,tesla_model_y_robotaxi_2024,arrival,twin,b54929ce-ce93-46bf-8f85-04d77c5484ad
11111111-1111-1111-1111-111111111111,2026-07-21T02:08:18.556907Z,0cb0532c-6fbb-4ec7-abfb-69e7681e6630,waymo_jaguar_ipace_2024,arrival,twin,b54929ce-ce93-46bf-8f85-04d77c5484ad
11111111-1111-1111-1111-111111111111,2026-07-21T02:08:18.556907Z,c8c7cd10-99de-40ca-a0b2-03324d11ebaa,zoox_robotaxi_2024,arrival,twin,b54929ce-ce93-46bf-8f85-04d77c5484ad
11111111-1111-1111-1111-111111111111,2026-07-21T02:08:18.556907Z,12cb06f0-cf74-436f-a37a-e660a52dc7e6,waymo_jaguar_ipace_2024,arrival,twin,b54929ce-ce93-46bf-8f85-04d77c5484ad
11111111-1111-1111-1111-111111111111,2026-07-21T02:08:18.556907Z,bbf2928f-0364-4f7d-a6cd-7ffd9510c6e2,waymo_jaguar_ipace_2024,arrival,twin,b54929ce-ce93-46bf-8f85-04d77c5484ad
11111111-1111-1111-1111-111111111111,2026-07-21T02:08:18.556907Z,c8ae20e3-3613-4ad1-b003-274321c4a101,waymo_jaguar_ipace_2024,arrival,twin,b54929ce-ce93-46bf-8f85-04d77c5484ad
11111111-1111-1111-1111-111111111111,2026-07-21T02:08:18.556907Z,ef0b46c0-5029-4ff9-989a-c80e3e8227f2,tesla_model_y_robotaxi_2024,arrival,twin,b54929ce-ce93-46bf-8f85-04d77c5484ad
11111111-1111-1111-1111-111111111111,2026-07-21T02:08:18.556907Z,a0ef8ae7-a873-4ec3-a040-1adb3e30b3d4,waymo_jaguar_ipace_2024,arrival,twin,b54929ce-ce93-46bf-8f85-04d77c5484ad
11111111-1111-1111-1111-111111111111,2026-07-21T02:08:18.556907Z,5e93a514-8ab0-4ac1-94d6-bede2a8b4f56,tesla_model_y_robotaxi_2024,arrival,twin,b54929ce-ce93-46bf-8f85-04d77c5484ad
11111111-1111-1111-1111-111111111111,2026-07-21T02:08:18.556907Z,b2222222-0002-0002-0002-000000000004,tesla_model_y_robotaxi_2024,arrival,twin,b54929ce-ce93-46bf-8f85-04d77c5484ad
11111111-1111-1111-1111-111111111111,2026-07-21T02:08:18.556907Z,03726c33-e4fb-4af4-b498-16f4dc5335b9,zoox_robotaxi_2024,arrival,twin,b54929ce-ce93-46bf-8f85-04d77c5484ad
11111111-1111-1111-1111-111111111111,2026-07-21T02:08:18.556907Z,8eeaaef3-086f-40c8-9e90-1b91d50d3333,waymo_jaguar_ipace_2024,arrival,twin,b54929ce-ce93-46bf-8f85-04d77c5484ad
11111111-1111-1111-1111-111111111111,2026-07-21T02:08:18.556907Z,ebd4669f-9227-44b6-9956-f2fa5472ed5d,zoox_robotaxi_2024,arrival,twin,b54929ce-ce93-46bf-8f85-04d77c5484ad
11111111-1111-1111-1111-111111111111,2026-07-21T02:08:18.556907Z,34eff65e-af05-485c-bcc6-df10f99c219a,waymo_jaguar_ipace_2024,arrival,twin,b54929ce-ce93-46bf-8f85-04d77c5484ad
11111111-1111-1111-1111-111111111111,2026-07-21T02:08:18.556907Z,8f680446-212c-4aca-bf07-f55b7fa0223e,zoox_robotaxi_2024,arrival,twin,b54929ce-ce93-46bf-8f85-04d77c5484ad
11111111-1111-1111-1111-111111111111,2026-07-21T02:08:18.556907Z,380f0f38-a540-4f24-9ee3-a7112d4c6f23,tesla_model_y_robotaxi_2024,arrival,twin,b54929ce-ce93-46bf-8f85-04d77c5484ad
11111111-1111-1111-1111-111111111111,2026-07-21T02:08:18.556907Z,f5c7d2a9-f6b6-46bb-8e61-5da2ec54b7db,waymo_jaguar_ipace_2024,arrival,twin,b54929ce-ce93-46bf-8f85-04d77c5484ad
11111111-1111-1111-1111-111111111111,2026-07-21T02:08:18.556907Z,3d51937e-a289-4132-9fa6-07c0ed2fdbef,waymo_jaguar_ipace_2024,arrival,twin,b54929ce-ce93-46bf-8f85-04d77c5484ad
11111111-1111-1111-1111-111111111111,2026-07-21T02:08:18.556907Z,8ef51846-f36e-47a8-8082-016079ed724c,waymo_jaguar_ipace_2024,arrival,twin,b54929ce-ce93-46bf-8f85-04d77c5484ad
11111111-1111-1111-1111-111111111111,2026-07-21T02:08:18.556907Z,641d765e-a547-44d2-a837-66484268f1c3,zoox_robotaxi_2024,arrival,twin,b54929ce-ce93-46bf-8f85-04d77c5484ad
11111111-1111-1111-1111-111111111111,2026-07-21T02:08:18.556907Z,a1111111-0001-0001-0001-000000000004,waymo_jaguar_ipace_2024,arrival,twin,b54929ce-ce93-46bf-8f85-04d77c5484ad
11111111-1111-1111-1111-111111111111,2026-07-21T02:08:18.556907Z,229f655b-803c-47c0-95fd-ca8adb9d8ef0,zoox_robotaxi_2024,arrival,twin,b54929ce-ce93-46bf-8f85-04d77c5484ad
11111111-1111-1111-1111-111111111111,2026-07-21T02:08:18.556907Z,5cee8fb3-d21e-46e2-88b1-5223114b1578,tesla_model_y_robotaxi_2024,arrival,twin,b54929ce-ce93-46bf-8f85-04d77c5484ad
11111111-1111-1111-1111-111111111111,2026-07-21T02:08:18.556907Z,b2222222-0002-0002-0002-000000000003,tesla_model_y_robotaxi_2024,arrival,twin,b54929ce-ce93-46bf-8f85-04d77c5484ad
11111111-1111-1111-1111-111111111111,2026-07-21T02:08:18.556907Z,3db69802-2cd3-433b-85ed-4f24ad8be006,waymo_jaguar_ipace_2024,arrival,twin,b54929ce-ce93-46bf-8f85-04d77c5484ad
11111111-1111-1111-1111-111111111111,2026-07-21T02:08:18.556907Z,a8cb8731-fb8b-4b96-8f24-52064752feb8,tesla_model_y_robotaxi_2024,arrival,twin,b54929ce-ce93-46bf-8f85-04d77c5484ad
11111111-1111-1111-1111-111111111111,2026-07-21T02:08:18.556907Z,73e86c55-4eeb-43b3-943d-f700b40386af,waymo_jaguar_ipace_2024,arrival,twin,b54929ce-ce93-46bf-8f85-04d77c5484ad
11111111-1111-1111-1111-111111111111,2026-07-21T02:08:18.556907Z,6fdd7f85-9754-43fc-8b73-bafcfef54374,tesla_model_y_robotaxi_2024,arrival,twin,b54929ce-ce93-46bf-8f85-04d77c5484ad
11111111-1111-1111-1111-111111111111,2026-07-21T02:08:18.556907Z,675dfb5c-66ec-466b-b0bf-d2bd9d519538,waymo_jaguar_ipace_2024,arrival,twin,b54929ce-ce93-46bf-8f85-04d77c5484ad
11111111-1111-1111-1111-111111111111,2026-07-21T02:08:18.556907Z,cb4faba2-c3d5-467f-a1b9-e8f69f266401,waymo_jaguar_ipace_2024,arrival,twin,b54929ce-ce93-46bf-8f85-04d77c5484ad
11111111-1111-1111-1111-111111111111,2026-07-21T02:08:18.556907Z,23cd462c-e81e-499c-ad8f-f9d57ea03fa9,waymo_jaguar_ipace_2024,arrival,twin,b54929ce-ce93-46bf-8f85-04d77c5484ad
11111111-1111-1111-1111-111111111111,2026-07-21T02:08:18.556907Z,616a06de-9b62-4c6a-8d87-70dd2a5a1aa0,tesla_model_y_robotaxi_2024,arrival,twin,b54929ce-ce93-46bf-8f85-04d77c5484ad
11111111-1111-1111-1111-111111111111,2026-07-21T02:08:18.556907Z,d5dd0338-bbbb-4fd1-b529-d0fba31da0cd,tesla_model_y_robotaxi_2024,arrival,twin,b54929ce-ce93-46bf-8f85-04d77c5484ad
11111111-1111-1111-1111-111111111111,2026-07-21T02:08:18.556907Z,b19025e6-7990-4ab9-93a5-31eb9734e50b,tesla_model_y_robotaxi_2024,arrival,twin,b54929ce-ce93-46bf-8f85-04d77c5484ad
11111111-1111-1111-1111-111111111111,2026-07-21T02:08:18.556907Z,b696f1b8-35a6-4ca6-8453-6d7c6005daa2,waymo_jaguar_ipace_2024,arrival,twin,b54929ce-ce93-46bf-8f85-04d77c5484ad
11111111-1111-1111-1111-111111111111,2026-07-21T02:08:18.556907Z,b2222222-0002-0002-0002-000000000005,tesla_model_y_robotaxi_2024,arrival,twin,b54929ce-ce93-46bf-8f85-04d77c5484ad
11111111-1111-1111-1111-111111111111,2026-07-21T02:08:18.556907Z,1e6aa7f6-c47a-40fa-9d8e-8ea38d5f6173,waymo_jaguar_ipace_2024,arrival,twin,b54929ce-ce93-46bf-8f85-04d77c5484ad
11111111-1111-1111-1111-111111111111,2026-07-21T02:08:18.556907Z,a1111111-0001-0001-0001-000000000003,waymo_jaguar_ipace_2024,arrival,twin,b54929ce-ce93-46bf-8f85-04d77c5484ad
11111111-1111-1111-1111-111111111111,2026-07-21T02:08:18.556907Z,28417bea-eb30-4e9f-8ad8-3da0f1842398,zoox_robotaxi_2024,arrival,twin,b54929ce-ce93-46bf-8f85-04d77c5484ad
11111111-1111-1111-1111-111111111111,2026-07-21T02:08:18.556907Z,1b9b6ea1-ed97-4a07-9b72-4be8a7189792,tesla_model_y_robotaxi_2024,arrival,twin,b54929ce-ce93-46bf-8f85-04d77c5484ad
11111111-1111-1111-1111-111111111111,2026-07-21T02:08:18.556907Z,252ba623-b097-4ac4-8c0b-3cffa951448e,tesla_model_y_robotaxi_2024,arrival,twin,b54929ce-ce93-46bf-8f85-04d77c5484ad
11111111-1111-1111-1111-111111111111,2026-07-21T02:08:18.556907Z,cadd7c81-433d-4158-90ac-b08ecbdcdf7a,waymo_jaguar_ipace_2024,arrival,twin,b54929ce-ce93-46bf-8f85-04d77c5484ad
11111111-1111-1111-1111-111111111111,2026-07-21T02:08:18.556907Z,5604331f-284d-4768-a521-b60693aebe25,zoox_robotaxi_2024,arrival,twin,b54929ce-ce93-46bf-8f85-04d77c5484ad
11111111-1111-1111-1111-111111111111,2026-07-21T02:08:18.556907Z,d0887837-3455-4e45-945a-2d9dd7f4bfbb,waymo_jaguar_ipace_2024,arrival,twin,b54929ce-ce93-46bf-8f85-04d77c5484ad
11111111-1111-1111-1111-111111111111,2026-07-21T02:08:18.556907Z,7a138260-7c7d-40f9-9aaa-f41286a0aa6a,tesla_model_y_robotaxi_2024,arrival,twin,b54929ce-ce93-46bf-8f85-04d77c5484ad
11111111-1111-1111-1111-111111111111,2026-07-21T02:08:18.556907Z,aee7a860-ffee-4629-bfda-3ffc5b74dd38,waymo_jaguar_ipace_2024,arrival,twin,b54929ce-ce93-46bf-8f85-04d77c5484ad
11111111-1111-1111-1111-111111111111,2026-07-21T02:08:18.556907Z,a24e3f67-3653-4bd0-9362-2dcfd3d6abe9,tesla_model_y_robotaxi_2024,arrival,twin,b54929ce-ce93-46bf-8f85-04d77c5484ad
11111111-1111-1111-1111-111111111111,2026-07-21T02:08:18.556907Z,c3333333-0003-0003-0003-000000000001,zoox_robotaxi_2024,arrival,twin,b54929ce-ce93-46bf-8f85-04d77c5484ad
11111111-1111-1111-1111-111111111111,2026-07-21T02:08:18.556907Z,87098f16-b5b8-417b-bb6a-95e1ea02f619,zoox_robotaxi_2024,arrival,twin,b54929ce-ce93-46bf-8f85-04d77c5484ad
11111111-1111-1111-1111-111111111111,2026-07-21T02:08:18.556907Z,091fa637-9f10-4cef-81e1-3ac58ee652a4,waymo_jaguar_ipace_2024,arrival,twin,b54929ce-ce93-46bf-8f85-04d77c5484ad
11111111-1111-1111-1111-111111111111,2026-07-21T02:08:18.556907Z,05b0de6f-7dee-43d7-99d2-7be9cecfeb86,zoox_robotaxi_2024,arrival,twin,b54929ce-ce93-46bf-8f85-04d77c5484ad
11111111-1111-1111-1111-111111111111,2026-07-21T02:08:18.556907Z,b2222222-0002-0002-0002-000000000006,tesla_model_y_robotaxi_2024,arrival,twin,b54929ce-ce93-46bf-8f85-04d77c5484ad
11111111-1111-1111-1111-111111111111,2026-07-21T02:08:18.556907Z,bfbaf0b2-48ad-4283-8391-80f301eda2be,zoox_robotaxi_2024,arrival,twin,b54929ce-ce93-46bf-8f85-04d77c5484ad
11111111-1111-1111-1111-111111111111,2026-07-21T02:08:18.556907Z,ec5d2c18-bc65-400e-a9db-811be2b75659,tesla_model_y_robotaxi_2024,arrival,twin,b54929ce-ce93-46bf-8f85-04d77c5484ad
11111111-1111-1111-1111-111111111111,2026-07-21T02:08:18.556907Z,b9ef130e-5de8-4084-a334-4ad8191bc096,waymo_jaguar_ipace_2024,arrival,twin,b54929ce-ce93-46bf-8f85-04d77c5484ad
11111111-1111-1111-1111-111111111111,2026-07-21T02:08:18.556907Z,73e4a749-9f4f-4586-8c73-7351786ca4a9,waymo_jaguar_ipace_2024,arrival,twin,b54929ce-ce93-46bf-8f85-04d77c5484ad
11111111-1111-1111-1111-111111111111,2026-07-21T02:08:18.556907Z,a45682eb-242b-42d2-9b15-703b54a3e4cc,tesla_model_y_robotaxi_2024,arrival,twin,b54929ce-ce93-46bf-8f85-04d77c5484ad
11111111-1111-1111-1111-111111111111,2026-07-21T02:08:18.556907Z,c7d24f18-164f-46f1-88aa-6f747c6668fc,waymo_jaguar_ipace_2024,arrival,twin,b54929ce-ce93-46bf-8f85-04d77c5484ad
11111111-1111-1111-1111-111111111111,2026-07-21T02:08:18.556907Z,6ef374e7-4d63-4d9e-a14b-8976ef9c9786,zoox_robotaxi_2024,arrival,twin,b54929ce-ce93-46bf-8f85-04d77c5484ad
11111111-1111-1111-1111-111111111111,2026-07-21T02:08:18.556907Z,9e05d00e-41f2-4334-b25d-be7588560e82,zoox_robotaxi_2024,arrival,twin,b54929ce-ce93-46bf-8f85-04d77c5484ad
11111111-1111-1111-1111-111111111111,2026-07-21T02:08:18.556907Z,137ab789-9a83-4ee9-9610-7fcd8238fe43,waymo_jaguar_ipace_2024,arrival,twin,b54929ce-ce93-46bf-8f85-04d77c5484ad
11111111-1111-1111-1111-111111111111,2026-07-21T02:08:18.556907Z,236edd3e-abd5-45f5-a053-7f66ab682162,zoox_robotaxi_2024,arrival,twin,b54929ce-ce93-46bf-8f85-04d77c5484ad
11111111-1111-1111-1111-111111111111,2026-07-21T02:08:18.556907Z,0cb1b8c6-c948-4937-8bf6-187442a7be1a,waymo_jaguar_ipace_2024,arrival,twin,b54929ce-ce93-46bf-8f85-04d77c5484ad
11111111-1111-1111-1111-111111111111,2026-07-21T02:08:18.556907Z,fd6ec8c7-3bcc-4882-b77e-4b1fab99a064,zoox_robotaxi_2024,arrival,twin,b54929ce-ce93-46bf-8f85-04d77c5484ad
11111111-1111-1111-1111-111111111111,2026-07-21T02:08:18.556907Z,d9d2a011-ac98-4567-87bd-ad70810ded40,zoox_robotaxi_2024,arrival,twin,b54929ce-ce93-46bf-8f85-04d77c5484ad
11111111-1111-1111-1111-111111111111,2026-07-21T02:08:18.556907Z,54aeb4ca-1a75-491a-8dcd-974035642eb7,zoox_robotaxi_2024,arrival,twin,b54929ce-ce93-46bf-8f85-04d77c5484ad
11111111-1111-1111-1111-111111111111,2026-07-21T02:08:18.556907Z,a1111111-0001-0001-0001-000000000005,waymo_jaguar_ipace_2024,arrival,twin,b54929ce-ce93-46bf-8f85-04d77c5484ad
11111111-1111-1111-1111-111111111111,2026-07-21T02:08:18.556907Z,b73b5763-07e4-48e3-9e8c-3158301af418,tesla_model_y_robotaxi_2024,arrival,twin,b54929ce-ce93-46bf-8f85-04d77c5484ad
11111111-1111-1111-1111-111111111111,2026-07-21T02:08:18.556907Z,9be45c35-ab40-4b47-8ea6-c4eecb5860b4,tesla_model_y_robotaxi_2024,arrival,twin,b54929ce-ce93-46bf-8f85-04d77c5484ad
11111111-1111-1111-1111-111111111111,2026-08-20T06:05:14.316121Z,a0ef8ae7-a873-4ec3-a040-1adb3e30b3d4,waymo_jaguar_ipace_2024,departure,twin,5aa03543-f67c-4178-aea9-891952ed1fb3
11111111-1111-1111-1111-111111111111,2026-08-20T06:48:02.044865Z,ec5d2c18-bc65-400e-a9db-811be2b75659,tesla_model_y_robotaxi_2024,departure,twin,5aa03543-f67c-4178-aea9-891952ed1fb3
11111111-1111-1111-1111-111111111111,2026-08-20T08:52:04.975287Z,091fa637-9f10-4cef-81e1-3ac58ee652a4,waymo_jaguar_ipace_2024,departure,twin,5aa03543-f67c-4178-aea9-891952ed1fb3
11111111-1111-1111-1111-111111111111,2026-08-20T08:52:14.238131Z,2bc9a4a0-5f7d-4f1c-bdcd-d9a96efa9fc5,zoox_robotaxi_2024,departure,twin,5aa03543-f67c-4178-aea9-891952ed1fb3
11111111-1111-1111-1111-111111111111,2026-08-20T09:53:21.666466Z,5fe5fe42-3237-4734-b819-37876ceb4454,waymo_jaguar_ipace_2024,departure,twin,5aa03543-f67c-4178-aea9-891952ed1fb3
11111111-1111-1111-1111-111111111111,2026-08-20T10:06:15.585303Z,1b9b6ea1-ed97-4a07-9b72-4be8a7189792,tesla_model_y_robotaxi_2024,departure,twin,5aa03543-f67c-4178-aea9-891952ed1fb3
11111111-1111-1111-1111-111111111111,2026-08-20T10:27:17.459048Z,b9ef130e-5de8-4084-a334-4ad8191bc096,waymo_jaguar_ipace_2024,departure,twin,5aa03543-f67c-4178-aea9-891952ed1fb3
11111111-1111-1111-1111-111111111111,2026-08-20T10:36:28.316948Z,0cb0532c-6fbb-4ec7-abfb-69e7681e6630,waymo_jaguar_ipace_2024,departure,twin,5aa03543-f67c-4178-aea9-891952ed1fb3
11111111-1111-1111-1111-111111111111,2026-08-20T10:40:07.756165Z,a1111111-0001-0001-0001-000000000003,waymo_jaguar_ipace_2024,departure,twin,5aa03543-f67c-4178-aea9-891952ed1fb3
11111111-1111-1111-1111-111111111111,2026-08-20T10:41:57.922886Z,58f68551-abe5-439c-9835-f1c46612ca05,zoox_robotaxi_2024,departure,twin,5aa03543-f67c-4178-aea9-891952ed1fb3
11111111-1111-1111-1111-111111111111,2026-08-20T11:03:13.720700Z,30892fc2-9078-4ec6-a8dc-006bc667cea3,zoox_robotaxi_2024,departure,twin,5aa03543-f67c-4178-aea9-891952ed1fb3
11111111-1111-1111-1111-111111111111,2026-08-20T11:13:11.813685Z,b2222222-0002-0002-0002-000000000002,tesla_model_y_robotaxi_2024,departure,twin,5aa03543-f67c-4178-aea9-891952ed1fb3
11111111-1111-1111-1111-111111111111,2026-08-20T11:16:44.639306Z,00cc3d0a-2518-446b-b9b7-e025e293e37b,waymo_jaguar_ipace_2024,departure,twin,5aa03543-f67c-4178-aea9-891952ed1fb3
11111111-1111-1111-1111-111111111111,2026-08-20T11:27:53.634686Z,8eeaaef3-086f-40c8-9e90-1b91d50d3333,waymo_jaguar_ipace_2024,departure,twin,5aa03543-f67c-4178-aea9-891952ed1fb3
11111111-1111-1111-1111-111111111111,2026-08-20T11:32:31.311931Z,b2222222-0002-0002-0002-000000000005,tesla_model_y_robotaxi_2024,departure,twin,5aa03543-f67c-4178-aea9-891952ed1fb3
11111111-1111-1111-1111-111111111111,2026-08-20T11:33:08.216326Z,3db69802-2cd3-433b-85ed-4f24ad8be006,waymo_jaguar_ipace_2024,departure,twin,5aa03543-f67c-4178-aea9-891952ed1fb3
11111111-1111-1111-1111-111111111111,2026-08-20T11:39:53.385628Z,b696f1b8-35a6-4ca6-8453-6d7c6005daa2,waymo_jaguar_ipace_2024,departure,twin,5aa03543-f67c-4178-aea9-891952ed1fb3
11111111-1111-1111-1111-111111111111,2026-08-20T11:42:53.041936Z,cb4faba2-c3d5-467f-a1b9-e8f69f266401,waymo_jaguar_ipace_2024,departure,twin,5aa03543-f67c-4178-aea9-891952ed1fb3
11111111-1111-1111-1111-111111111111,2026-08-20T11:44:39.488726Z,8f680446-212c-4aca-bf07-f55b7fa0223e,zoox_robotaxi_2024,departure,twin,5aa03543-f67c-4178-aea9-891952ed1fb3
11111111-1111-1111-1111-111111111111,2026-08-20T11:44:43.995961Z,a1111111-0001-0001-0001-000000000004,waymo_jaguar_ipace_2024,departure,twin,5aa03543-f67c-4178-aea9-891952ed1fb3
11111111-1111-1111-1111-111111111111,2026-08-20T11:44:56.762621Z,0ea2ccfe-bbb0-4da0-b3c3-d4a9ef9a1fb7,waymo_jaguar_ipace_2024,departure,twin,5aa03543-f67c-4178-aea9-891952ed1fb3
11111111-1111-1111-1111-111111111111,2026-08-20T11:46:31.410896Z,9e209f49-b30d-4544-a310-c76b3fbe8529,tesla_model_y_robotaxi_2024,departure,twin,5aa03543-f67c-4178-aea9-891952ed1fb3
11111111-1111-1111-1111-111111111111,2026-08-20T11:48:10.851713Z,bfbaf0b2-48ad-4283-8391-80f301eda2be,zoox_robotaxi_2024,departure,twin,5aa03543-f67c-4178-aea9-891952ed1fb3
11111111-1111-1111-1111-111111111111,2026-08-20T11:48:15.296727Z,c8c7cd10-99de-40ca-a0b2-03324d11ebaa,zoox_robotaxi_2024,departure,twin,5aa03543-f67c-4178-aea9-891952ed1fb3
11111111-1111-1111-1111-111111111111,2026-08-20T11:48:36.624247Z,a45682eb-242b-42d2-9b15-703b54a3e4cc,tesla_model_y_robotaxi_2024,departure,twin,5aa03543-f67c-4178-aea9-891952ed1fb3
11111111-1111-1111-1111-111111111111,2026-08-20T11:54:25.221769Z,b2222222-0002-0002-0002-000000000003,tesla_model_y_robotaxi_2024,departure,twin,5aa03543-f67c-4178-aea9-891952ed1fb3
11111111-1111-1111-1111-111111111111,2026-08-20T11:57:39.079729Z,b2222222-0002-0002-0002-000000000004,tesla_model_y_robotaxi_2024,departure,twin,5aa03543-f67c-4178-aea9-891952ed1fb3
11111111-1111-1111-1111-111111111111,2026-08-20T12:02:31.705085Z,ef0b46c0-5029-4ff9-989a-c80e3e8227f2,tesla_model_y_robotaxi_2024,departure,twin,5aa03543-f67c-4178-aea9-891952ed1fb3
11111111-1111-1111-1111-111111111111,2026-08-20T12:04:13.914648Z,d9d2a011-ac98-4567-87bd-ad70810ded40,zoox_robotaxi_2024,departure,twin,5aa03543-f67c-4178-aea9-891952ed1fb3
11111111-1111-1111-1111-111111111111,2026-08-20T12:06:47.207959Z,f5c7d2a9-f6b6-46bb-8e61-5da2ec54b7db,waymo_jaguar_ipace_2024,departure,twin,5aa03543-f67c-4178-aea9-891952ed1fb3
11111111-1111-1111-1111-111111111111,2026-08-20T12:09:54.258762Z,db9d7b6e-e17c-44db-86d8-cebcf99e24d7,zoox_robotaxi_2024,departure,twin,5aa03543-f67c-4178-aea9-891952ed1fb3
11111111-1111-1111-1111-111111111111,2026-08-20T12:11:18.283742Z,73e86c55-4eeb-43b3-943d-f700b40386af,waymo_jaguar_ipace_2024,departure,twin,5aa03543-f67c-4178-aea9-891952ed1fb3
11111111-1111-1111-1111-111111111111,2026-08-20T12:15:49.685482Z,ebd4669f-9227-44b6-9956-f2fa5472ed5d,zoox_robotaxi_2024,departure,twin,5aa03543-f67c-4178-aea9-891952ed1fb3
11111111-1111-1111-1111-111111111111,2026-08-20T12:19:02.570150Z,b2222222-0002-0002-0002-000000000006,tesla_model_y_robotaxi_2024,departure,twin,5aa03543-f67c-4178-aea9-891952ed1fb3
11111111-1111-1111-1111-111111111111,2026-08-20T12:20:09.465098Z,5cee8fb3-d21e-46e2-88b1-5223114b1578,tesla_model_y_robotaxi_2024,departure,twin,5aa03543-f67c-4178-aea9-891952ed1fb3
11111111-1111-1111-1111-111111111111,2026-08-20T12:21:13.293680Z,b2222222-0002-0002-0002-000000000001,tesla_model_y_robotaxi_2024,departure,twin,5aa03543-f67c-4178-aea9-891952ed1fb3
11111111-1111-1111-1111-111111111111,2026-08-20T12:22:16.431623Z,229f655b-803c-47c0-95fd-ca8adb9d8ef0,zoox_robotaxi_2024,departure,twin,5aa03543-f67c-4178-aea9-891952ed1fb3
11111111-1111-1111-1111-111111111111,2026-08-20T12:23:29.220768Z,f0077a3a-5a40-4d50-bbe9-95a81a4acc8d,tesla_model_y_robotaxi_2024,departure,twin,5aa03543-f67c-4178-aea9-891952ed1fb3
11111111-1111-1111-1111-111111111111,2026-08-20T12:24:03.713985Z,9e05d00e-41f2-4334-b25d-be7588560e82,zoox_robotaxi_2024,departure,twin,5aa03543-f67c-4178-aea9-891952ed1fb3
11111111-1111-1111-1111-111111111111,2026-08-20T12:27:00.365151Z,0d43459d-a82f-4d46-9579-43fc89feb981,waymo_jaguar_ipace_2024,departure,twin,5aa03543-f67c-4178-aea9-891952ed1fb3
11111111-1111-1111-1111-111111111111,2026-08-20T12:27:11.020570Z,12cb06f0-cf74-436f-a37a-e660a52dc7e6,waymo_jaguar_ipace_2024,departure,twin,5aa03543-f67c-4178-aea9-891952ed1fb3
11111111-1111-1111-1111-111111111111,2026-08-20T12:28:17.506167Z,c3333333-0003-0003-0003-000000000002,zoox_robotaxi_2024,departure,twin,5aa03543-f67c-4178-aea9-891952ed1fb3
11111111-1111-1111-1111-111111111111,2026-08-20T12:29:10.495643Z,4c3a7261-79d3-43bf-a498-1971ad39b937,tesla_model_y_robotaxi_2024,departure,twin,5aa03543-f67c-4178-aea9-891952ed1fb3
11111111-1111-1111-1111-111111111111,2026-08-20T12:29:18.403903Z,9be45c35-ab40-4b47-8ea6-c4eecb5860b4,tesla_model_y_robotaxi_2024,departure,twin,5aa03543-f67c-4178-aea9-891952ed1fb3
11111111-1111-1111-1111-111111111111,2026-08-20T12:30:57.770867Z,a1111111-0001-0001-0001-000000000005,waymo_jaguar_ipace_2024,departure,twin,5aa03543-f67c-4178-aea9-891952ed1fb3
11111111-1111-1111-1111-111111111111,2026-08-20T12:31:39.007584Z,1225f10e-1355-45d5-ae28-2fdffd243425,waymo_jaguar_ipace_2024,departure,twin,5aa03543-f67c-4178-aea9-891952ed1fb3
11111111-1111-1111-1111-111111111111,2026-08-20T12:34:59.501091Z,54aeb4ca-1a75-491a-8dcd-974035642eb7,zoox_robotaxi_2024,departure,twin,5aa03543-f67c-4178-aea9-891952ed1fb3
11111111-1111-1111-1111-111111111111,2026-08-20T12:36:13.636640Z,73e4a749-9f4f-4586-8c73-7351786ca4a9,waymo_jaguar_ipace_2024,departure,twin,5aa03543-f67c-4178-aea9-891952ed1fb3
11111111-1111-1111-1111-111111111111,2026-08-20T12:36:50.357923Z,a24e3f67-3653-4bd0-9362-2dcfd3d6abe9,tesla_model_y_robotaxi_2024,departure,twin,5aa03543-f67c-4178-aea9-891952ed1fb3
11111111-1111-1111-1111-111111111111,2026-08-20T12:37:35.982896Z,0cb1b8c6-c948-4937-8bf6-187442a7be1a,waymo_jaguar_ipace_2024,departure,twin,5aa03543-f67c-4178-aea9-891952ed1fb3
11111111-1111-1111-1111-111111111111,2026-08-20T12:37:52.650629Z,b19025e6-7990-4ab9-93a5-31eb9734e50b,tesla_model_y_robotaxi_2024,departure,twin,5aa03543-f67c-4178-aea9-891952ed1fb3
11111111-1111-1111-1111-111111111111,2026-08-20T12:38:05.155429Z,5e93a514-8ab0-4ac1-94d6-bede2a8b4f56,tesla_model_y_robotaxi_2024,departure,twin,5aa03543-f67c-4178-aea9-891952ed1fb3
11111111-1111-1111-1111-111111111111,2026-08-20T12:38:16.821614Z,616a06de-9b62-4c6a-8d87-70dd2a5a1aa0,tesla_model_y_robotaxi_2024,departure,twin,5aa03543-f67c-4178-aea9-891952ed1fb3
11111111-1111-1111-1111-111111111111,2026-08-20T12:39:08.264265Z,ca2624fc-c97d-4033-af1b-bf97756d3ad9,zoox_robotaxi_2024,departure,twin,5aa03543-f67c-4178-aea9-891952ed1fb3
11111111-1111-1111-1111-111111111111,2026-08-20T12:39:44.456727Z,675dfb5c-66ec-466b-b0bf-d2bd9d519538,waymo_jaguar_ipace_2024,departure,twin,5aa03543-f67c-4178-aea9-891952ed1fb3
11111111-1111-1111-1111-111111111111,2026-08-20T12:40:20.051996Z,6fdd7f85-9754-43fc-8b73-bafcfef54374,tesla_model_y_robotaxi_2024,departure,twin,5aa03543-f67c-4178-aea9-891952ed1fb3
11111111-1111-1111-1111-111111111111,2026-08-20T12:40:39.294150Z,1e6aa7f6-c47a-40fa-9d8e-8ea38d5f6173,waymo_jaguar_ipace_2024,departure,twin,5aa03543-f67c-4178-aea9-891952ed1fb3
11111111-1111-1111-1111-111111111111,2026-08-20T12:41:11.862032Z,b97789b5-3963-497d-9ca7-5b65e0168234,zoox_robotaxi_2024,departure,twin,5aa03543-f67c-4178-aea9-891952ed1fb3
11111111-1111-1111-1111-111111111111,2026-08-20T12:42:01.329048Z,03726c33-e4fb-4af4-b498-16f4dc5335b9,zoox_robotaxi_2024,departure,twin,5aa03543-f67c-4178-aea9-891952ed1fb3
11111111-1111-1111-1111-111111111111,2026-08-20T12:43:26.278513Z,87098f16-b5b8-417b-bb6a-95e1ea02f619,zoox_robotaxi_2024,departure,twin,5aa03543-f67c-4178-aea9-891952ed1fb3
11111111-1111-1111-1111-111111111111,2026-08-20T12:44:43.544708Z,da022fb5-45f9-4a77-9fb8-d14db1e3a5b3,waymo_jaguar_ipace_2024,departure,twin,5aa03543-f67c-4178-aea9-891952ed1fb3
11111111-1111-1111-1111-111111111111,2026-08-20T12:44:46.941530Z,02ff42a9-de41-42d2-bfb9-00b681c02178,tesla_model_y_robotaxi_2024,departure,twin,5aa03543-f67c-4178-aea9-891952ed1fb3
11111111-1111-1111-1111-111111111111,2026-08-20T12:45:00.721314Z,05b0de6f-7dee-43d7-99d2-7be9cecfeb86,zoox_robotaxi_2024,departure,twin,5aa03543-f67c-4178-aea9-891952ed1fb3
11111111-1111-1111-1111-111111111111,2026-08-20T12:45:21.112201Z,a1111111-0001-0001-0001-000000000001,waymo_jaguar_ipace_2024,departure,twin,5aa03543-f67c-4178-aea9-891952ed1fb3
11111111-1111-1111-1111-111111111111,2026-08-20T12:45:41.051904Z,3d51937e-a289-4132-9fa6-07c0ed2fdbef,waymo_jaguar_ipace_2024,departure,twin,5aa03543-f67c-4178-aea9-891952ed1fb3
11111111-1111-1111-1111-111111111111,2026-08-20T12:46:12.922972Z,96b10b07-87e0-4dd5-8a2b-376532cbd8ec,waymo_jaguar_ipace_2024,departure,twin,5aa03543-f67c-4178-aea9-891952ed1fb3
11111111-1111-1111-1111-111111111111,2026-08-20T12:47:10.353469Z,814c9bc7-cf99-4028-93ba-1896279b574a,tesla_model_y_robotaxi_2024,departure,twin,5aa03543-f67c-4178-aea9-891952ed1fb3
11111111-1111-1111-1111-111111111111,2026-08-20T12:48:37.102797Z,03d72f9c-de16-42ad-a6a2-2434511781c5,zoox_robotaxi_2024,departure,twin,5aa03543-f67c-4178-aea9-891952ed1fb3
11111111-1111-1111-1111-111111111111,2026-08-20T12:48:37.157546Z,bc55d859-82ba-4e2c-a5dd-83cbb5281906,zoox_robotaxi_2024,departure,twin,5aa03543-f67c-4178-aea9-891952ed1fb3
11111111-1111-1111-1111-111111111111,2026-08-20T12:48:48.840528Z,bbf2928f-0364-4f7d-a6cd-7ffd9510c6e2,waymo_jaguar_ipace_2024,departure,twin,5aa03543-f67c-4178-aea9-891952ed1fb3
11111111-1111-1111-1111-111111111111,2026-08-20T12:50:01.356405Z,28417bea-eb30-4e9f-8ad8-3da0f1842398,zoox_robotaxi_2024,departure,twin,5aa03543-f67c-4178-aea9-891952ed1fb3
11111111-1111-1111-1111-111111111111,2026-08-20T12:51:39.714088Z,c9746783-5432-47a5-aaf9-1f8a2978d03c,tesla_model_y_robotaxi_2024,departure,twin,5aa03543-f67c-4178-aea9-891952ed1fb3
11111111-1111-1111-1111-111111111111,2026-08-20T12:52:40.522360Z,252ba623-b097-4ac4-8c0b-3cffa951448e,tesla_model_y_robotaxi_2024,departure,twin,5aa03543-f67c-4178-aea9-891952ed1fb3
11111111-1111-1111-1111-111111111111,2026-08-20T12:52:57.968682Z,99ddf4ff-96d7-4257-b1ce-cb9437335ce8,tesla_model_y_robotaxi_2024,departure,twin,5aa03543-f67c-4178-aea9-891952ed1fb3
11111111-1111-1111-1111-111111111111,2026-08-20T12:53:01.911999Z,37aee690-ce21-4aed-b9c1-12ff83521fa9,zoox_robotaxi_2024,departure,twin,5aa03543-f67c-4178-aea9-891952ed1fb3
11111111-1111-1111-1111-111111111111,2026-08-20T12:54:02.176742Z,aee7a860-ffee-4629-bfda-3ffc5b74dd38,waymo_jaguar_ipace_2024,departure,twin,5aa03543-f67c-4178-aea9-891952ed1fb3
11111111-1111-1111-1111-111111111111,2026-08-20T12:54:43.488033Z,dd1579b1-5ab4-407f-a648-f05cc56f401b,waymo_jaguar_ipace_2024,departure,twin,5aa03543-f67c-4178-aea9-891952ed1fb3
11111111-1111-1111-1111-111111111111,2026-08-20T12:55:01.312635Z,a1111111-0001-0001-0001-000000000002,waymo_jaguar_ipace_2024,departure,twin,5aa03543-f67c-4178-aea9-891952ed1fb3
11111111-1111-1111-1111-111111111111,2026-08-20T12:55:12.985091Z,137ab789-9a83-4ee9-9610-7fcd8238fe43,waymo_jaguar_ipace_2024,departure,twin,5aa03543-f67c-4178-aea9-891952ed1fb3
11111111-1111-1111-1111-111111111111,2026-08-20T12:55:21.786463Z,ab7adca4-c402-4577-aca1-8a420eea3b8f,tesla_model_y_robotaxi_2024,departure,twin,5aa03543-f67c-4178-aea9-891952ed1fb3
11111111-1111-1111-1111-111111111111,2026-08-20T12:55:45.937158Z,c3333333-0003-0003-0003-000000000004,zoox_robotaxi_2024,departure,twin,5aa03543-f67c-4178-aea9-891952ed1fb3
11111111-1111-1111-1111-111111111111,2026-08-20T12:55:45.976019Z,2d2c46af-6b02-4b6e-95df-2cf9742bd376,zoox_robotaxi_2024,departure,twin,5aa03543-f67c-4178-aea9-891952ed1fb3
11111111-1111-1111-1111-111111111111,2026-08-20T12:56:26.444543Z,7ec698b8-b6ac-4e77-b9f8-a3a42a34e2c7,tesla_model_y_robotaxi_2024,departure,twin,5aa03543-f67c-4178-aea9-891952ed1fb3
11111111-1111-1111-1111-111111111111,2026-08-20T12:56:34.253021Z,72ccc3d4-87f6-47d2-be7f-044ac67e7cc0,waymo_jaguar_ipace_2024,departure,twin,5aa03543-f67c-4178-aea9-891952ed1fb3
11111111-1111-1111-1111-111111111111,2026-08-20T12:57:03.346613Z,380f0f38-a540-4f24-9ee3-a7112d4c6f23,tesla_model_y_robotaxi_2024,departure,twin,5aa03543-f67c-4178-aea9-891952ed1fb3
11111111-1111-1111-1111-111111111111,2026-08-20T12:57:34.575679Z,fd6ec8c7-3bcc-4882-b77e-4b1fab99a064,zoox_robotaxi_2024,departure,twin,5aa03543-f67c-4178-aea9-891952ed1fb3
11111111-1111-1111-1111-111111111111,2026-08-20T12:57:58.830537Z,236edd3e-abd5-45f5-a053-7f66ab682162,zoox_robotaxi_2024,departure,twin,5aa03543-f67c-4178-aea9-891952ed1fb3
11111111-1111-1111-1111-111111111111,2026-08-20T12:58:06.954364Z,641d765e-a547-44d2-a837-66484268f1c3,zoox_robotaxi_2024,departure,twin,5aa03543-f67c-4178-aea9-891952ed1fb3
11111111-1111-1111-1111-111111111111,2026-08-20T12:58:23.538749Z,9458a4a5-a209-4e6d-a45b-470c4d664cbe,tesla_model_y_robotaxi_2024,departure,twin,5aa03543-f67c-4178-aea9-891952ed1fb3
11111111-1111-1111-1111-111111111111,2026-08-20T12:58:41.074125Z,8ef51846-f36e-47a8-8082-016079ed724c,waymo_jaguar_ipace_2024,departure,twin,5aa03543-f67c-4178-aea9-891952ed1fb3
11111111-1111-1111-1111-111111111111,2026-08-20T12:59:48.536263Z,77ecd026-12cb-458e-900a-4602511728d8,waymo_jaguar_ipace_2024,departure,twin,5aa03543-f67c-4178-aea9-891952ed1fb3
11111111-1111-1111-1111-111111111111,2026-08-20T17:58:21.272094Z,54aeb4ca-1a75-491a-8dcd-974035642eb7,zoox_robotaxi_2024,arrival,twin,5aa03543-f67c-4178-aea9-891952ed1fb3
11111111-1111-1111-1111-111111111111,2026-08-20T17:58:21.272094Z,5e93a514-8ab0-4ac1-94d6-bede2a8b4f56,tesla_model_y_robotaxi_2024,arrival,twin,5aa03543-f67c-4178-aea9-891952ed1fb3
11111111-1111-1111-1111-111111111111,2026-08-20T17:58:21.272094Z,3d51937e-a289-4132-9fa6-07c0ed2fdbef,waymo_jaguar_ipace_2024,arrival,twin,5aa03543-f67c-4178-aea9-891952ed1fb3
11111111-1111-1111-1111-111111111111,2026-08-20T17:58:21.272094Z,3db69802-2cd3-433b-85ed-4f24ad8be006,waymo_jaguar_ipace_2024,arrival,twin,5aa03543-f67c-4178-aea9-891952ed1fb3
11111111-1111-1111-1111-111111111111,2026-08-20T17:58:21.272094Z,4c3a7261-79d3-43bf-a498-1971ad39b937,tesla_model_y_robotaxi_2024,arrival,twin,5aa03543-f67c-4178-aea9-891952ed1fb3
11111111-1111-1111-1111-111111111111,2026-08-20T17:58:21.272094Z,58f68551-abe5-439c-9835-f1c46612ca05,zoox_robotaxi_2024,arrival,twin,5aa03543-f67c-4178-aea9-891952ed1fb3
11111111-1111-1111-1111-111111111111,2026-08-20T17:58:21.272094Z,aee7a860-ffee-4629-bfda-3ffc5b74dd38,waymo_jaguar_ipace_2024,arrival,twin,5aa03543-f67c-4178-aea9-891952ed1fb3
11111111-1111-1111-1111-111111111111,2026-08-20T17:58:21.272094Z,b2222222-0002-0002-0002-000000000002,tesla_model_y_robotaxi_2024,arrival,twin,5aa03543-f67c-4178-aea9-891952ed1fb3
11111111-1111-1111-1111-111111111111,2026-08-20T17:58:21.272094Z,03726c33-e4fb-4af4-b498-16f4dc5335b9,zoox_robotaxi_2024,arrival,twin,5aa03543-f67c-4178-aea9-891952ed1fb3
11111111-1111-1111-1111-111111111111,2026-08-20T17:58:21.272094Z,05b0de6f-7dee-43d7-99d2-7be9cecfeb86,zoox_robotaxi_2024,arrival,twin,5aa03543-f67c-4178-aea9-891952ed1fb3
11111111-1111-1111-1111-111111111111,2026-08-20T17:58:21.272094Z,0cb1b8c6-c948-4937-8bf6-187442a7be1a,waymo_jaguar_ipace_2024,arrival,twin,5aa03543-f67c-4178-aea9-891952ed1fb3
11111111-1111-1111-1111-111111111111,2026-08-20T17:58:21.272094Z,0ea2ccfe-bbb0-4da0-b3c3-d4a9ef9a1fb7,waymo_jaguar_ipace_2024,arrival,twin,5aa03543-f67c-4178-aea9-891952ed1fb3
11111111-1111-1111-1111-111111111111,2026-08-20T17:58:21.272094Z,12cb06f0-cf74-436f-a37a-e660a52dc7e6,waymo_jaguar_ipace_2024,arrival,twin,5aa03543-f67c-4178-aea9-891952ed1fb3
11111111-1111-1111-1111-111111111111,2026-08-20T17:58:21.272094Z,1b9b6ea1-ed97-4a07-9b72-4be8a7189792,tesla_model_y_robotaxi_2024,arrival,twin,5aa03543-f67c-4178-aea9-891952ed1fb3
11111111-1111-1111-1111-111111111111,2026-08-20T17:58:21.272094Z,1e6aa7f6-c47a-40fa-9d8e-8ea38d5f6173,waymo_jaguar_ipace_2024,arrival,twin,5aa03543-f67c-4178-aea9-891952ed1fb3
11111111-1111-1111-1111-111111111111,2026-08-20T17:58:21.272094Z,229f655b-803c-47c0-95fd-ca8adb9d8ef0,zoox_robotaxi_2024,arrival,twin,5aa03543-f67c-4178-aea9-891952ed1fb3
11111111-1111-1111-1111-111111111111,2026-08-20T17:58:21.272094Z,236edd3e-abd5-45f5-a053-7f66ab682162,zoox_robotaxi_2024,arrival,twin,5aa03543-f67c-4178-aea9-891952ed1fb3
11111111-1111-1111-1111-111111111111,2026-08-20T17:58:21.272094Z,28417bea-eb30-4e9f-8ad8-3da0f1842398,zoox_robotaxi_2024,arrival,twin,5aa03543-f67c-4178-aea9-891952ed1fb3
11111111-1111-1111-1111-111111111111,2026-08-20T17:58:21.272094Z,2d2c46af-6b02-4b6e-95df-2cf9742bd376,zoox_robotaxi_2024,arrival,twin,5aa03543-f67c-4178-aea9-891952ed1fb3
11111111-1111-1111-1111-111111111111,2026-08-20T17:58:21.272094Z,380f0f38-a540-4f24-9ee3-a7112d4c6f23,tesla_model_y_robotaxi_2024,arrival,twin,5aa03543-f67c-4178-aea9-891952ed1fb3
11111111-1111-1111-1111-111111111111,2026-08-20T17:58:21.272094Z,641d765e-a547-44d2-a837-66484268f1c3,zoox_robotaxi_2024,arrival,twin,5aa03543-f67c-4178-aea9-891952ed1fb3
11111111-1111-1111-1111-111111111111,2026-08-20T17:58:21.272094Z,675dfb5c-66ec-466b-b0bf-d2bd9d519538,waymo_jaguar_ipace_2024,arrival,twin,5aa03543-f67c-4178-aea9-891952ed1fb3
11111111-1111-1111-1111-111111111111,2026-08-20T17:58:21.272094Z,77ecd026-12cb-458e-900a-4602511728d8,waymo_jaguar_ipace_2024,arrival,twin,5aa03543-f67c-4178-aea9-891952ed1fb3
11111111-1111-1111-1111-111111111111,2026-08-20T17:58:21.272094Z,7ec698b8-b6ac-4e77-b9f8-a3a42a34e2c7,tesla_model_y_robotaxi_2024,arrival,twin,5aa03543-f67c-4178-aea9-891952ed1fb3
11111111-1111-1111-1111-111111111111,2026-08-20T17:58:21.272094Z,814c9bc7-cf99-4028-93ba-1896279b574a,tesla_model_y_robotaxi_2024,arrival,twin,5aa03543-f67c-4178-aea9-891952ed1fb3
11111111-1111-1111-1111-111111111111,2026-08-20T17:58:21.272094Z,8ef51846-f36e-47a8-8082-016079ed724c,waymo_jaguar_ipace_2024,arrival,twin,5aa03543-f67c-4178-aea9-891952ed1fb3
11111111-1111-1111-1111-111111111111,2026-08-20T17:58:21.272094Z,c9746783-5432-47a5-aaf9-1f8a2978d03c,tesla_model_y_robotaxi_2024,arrival,twin,5aa03543-f67c-4178-aea9-891952ed1fb3
11111111-1111-1111-1111-111111111111,2026-08-20T17:58:21.272094Z,37aee690-ce21-4aed-b9c1-12ff83521fa9,zoox_robotaxi_2024,arrival,twin,5aa03543-f67c-4178-aea9-891952ed1fb3
11111111-1111-1111-1111-111111111111,2026-08-20T17:58:21.272094Z,616a06de-9b62-4c6a-8d87-70dd2a5a1aa0,tesla_model_y_robotaxi_2024,arrival,twin,5aa03543-f67c-4178-aea9-891952ed1fb3
11111111-1111-1111-1111-111111111111,2026-08-20T17:58:21.272094Z,8f680446-212c-4aca-bf07-f55b7fa0223e,zoox_robotaxi_2024,arrival,twin,5aa03543-f67c-4178-aea9-891952ed1fb3
11111111-1111-1111-1111-111111111111,2026-08-20T17:58:21.272094Z,9458a4a5-a209-4e6d-a45b-470c4d664cbe,tesla_model_y_robotaxi_2024,arrival,twin,5aa03543-f67c-4178-aea9-891952ed1fb3
11111111-1111-1111-1111-111111111111,2026-08-20T17:58:21.272094Z,96b10b07-87e0-4dd5-8a2b-376532cbd8ec,waymo_jaguar_ipace_2024,arrival,twin,5aa03543-f67c-4178-aea9-891952ed1fb3
11111111-1111-1111-1111-111111111111,2026-08-20T17:58:21.272094Z,a1111111-0001-0001-0001-000000000001,waymo_jaguar_ipace_2024,arrival,twin,5aa03543-f67c-4178-aea9-891952ed1fb3
11111111-1111-1111-1111-111111111111,2026-08-20T17:58:21.272094Z,a1111111-0001-0001-0001-000000000003,waymo_jaguar_ipace_2024,arrival,twin,5aa03543-f67c-4178-aea9-891952ed1fb3
11111111-1111-1111-1111-111111111111,2026-08-20T17:58:21.272094Z,a24e3f67-3653-4bd0-9362-2dcfd3d6abe9,tesla_model_y_robotaxi_2024,arrival,twin,5aa03543-f67c-4178-aea9-891952ed1fb3
11111111-1111-1111-1111-111111111111,2026-08-20T17:58:21.272094Z,ab7adca4-c402-4577-aca1-8a420eea3b8f,tesla_model_y_robotaxi_2024,arrival,twin,5aa03543-f67c-4178-aea9-891952ed1fb3
11111111-1111-1111-1111-111111111111,2026-08-20T17:58:21.272094Z,b73b5763-07e4-48e3-9e8c-3158301af418,tesla_model_y_robotaxi_2024,arrival,twin,5aa03543-f67c-4178-aea9-891952ed1fb3
11111111-1111-1111-1111-111111111111,2026-08-20T17:58:21.272094Z,5cee8fb3-d21e-46e2-88b1-5223114b1578,tesla_model_y_robotaxi_2024,arrival,twin,5aa03543-f67c-4178-aea9-891952ed1fb3
11111111-1111-1111-1111-111111111111,2026-08-20T17:58:21.272094Z,99ddf4ff-96d7-4257-b1ce-cb9437335ce8,tesla_model_y_robotaxi_2024,arrival,twin,5aa03543-f67c-4178-aea9-891952ed1fb3
11111111-1111-1111-1111-111111111111,2026-08-20T17:58:21.272094Z,b2222222-0002-0002-0002-000000000006,tesla_model_y_robotaxi_2024,arrival,twin,5aa03543-f67c-4178-aea9-891952ed1fb3
11111111-1111-1111-1111-111111111111,2026-08-20T17:58:21.272094Z,a1111111-0001-0001-0001-000000000002,waymo_jaguar_ipace_2024,arrival,twin,5aa03543-f67c-4178-aea9-891952ed1fb3
11111111-1111-1111-1111-111111111111,2026-08-20T17:58:21.272094Z,b696f1b8-35a6-4ca6-8453-6d7c6005daa2,waymo_jaguar_ipace_2024,arrival,twin,5aa03543-f67c-4178-aea9-891952ed1fb3
11111111-1111-1111-1111-111111111111,2026-08-20T17:58:21.272094Z,b97789b5-3963-497d-9ca7-5b65e0168234,zoox_robotaxi_2024,arrival,twin,5aa03543-f67c-4178-aea9-891952ed1fb3
11111111-1111-1111-1111-111111111111,2026-08-20T17:58:21.272094Z,b9ef130e-5de8-4084-a334-4ad8191bc096,waymo_jaguar_ipace_2024,arrival,twin,5aa03543-f67c-4178-aea9-891952ed1fb3
11111111-1111-1111-1111-111111111111,2026-08-20T17:58:21.272094Z,bc55d859-82ba-4e2c-a5dd-83cbb5281906,zoox_robotaxi_2024,arrival,twin,5aa03543-f67c-4178-aea9-891952ed1fb3
11111111-1111-1111-1111-111111111111,2026-08-20T17:58:21.272094Z,c3333333-0003-0003-0003-000000000002,zoox_robotaxi_2024,arrival,twin,5aa03543-f67c-4178-aea9-891952ed1fb3
11111111-1111-1111-1111-111111111111,2026-08-20T17:58:21.272094Z,c3333333-0003-0003-0003-000000000004,zoox_robotaxi_2024,arrival,twin,5aa03543-f67c-4178-aea9-891952ed1fb3
11111111-1111-1111-1111-111111111111,2026-08-20T17:58:21.272094Z,ca2624fc-c97d-4033-af1b-bf97756d3ad9,zoox_robotaxi_2024,arrival,twin,5aa03543-f67c-4178-aea9-891952ed1fb3
11111111-1111-1111-1111-111111111111,2026-08-20T17:58:21.272094Z,cb4faba2-c3d5-467f-a1b9-e8f69f266401,waymo_jaguar_ipace_2024,arrival,twin,5aa03543-f67c-4178-aea9-891952ed1fb3
11111111-1111-1111-1111-111111111111,2026-08-20T17:58:21.272094Z,d9d2a011-ac98-4567-87bd-ad70810ded40,zoox_robotaxi_2024,arrival,twin,5aa03543-f67c-4178-aea9-891952ed1fb3
11111111-1111-1111-1111-111111111111,2026-08-20T17:58:21.272094Z,da022fb5-45f9-4a77-9fb8-d14db1e3a5b3,waymo_jaguar_ipace_2024,arrival,twin,5aa03543-f67c-4178-aea9-891952ed1fb3
11111111-1111-1111-1111-111111111111,2026-08-20T17:58:21.272094Z,dd1579b1-5ab4-407f-a648-f05cc56f401b,waymo_jaguar_ipace_2024,arrival,twin,5aa03543-f67c-4178-aea9-891952ed1fb3
11111111-1111-1111-1111-111111111111,2026-08-20T17:58:21.272094Z,6fdd7f85-9754-43fc-8b73-bafcfef54374,tesla_model_y_robotaxi_2024,arrival,twin,5aa03543-f67c-4178-aea9-891952ed1fb3
11111111-1111-1111-1111-111111111111,2026-08-20T17:58:21.272094Z,72ccc3d4-87f6-47d2-be7f-044ac67e7cc0,waymo_jaguar_ipace_2024,arrival,twin,5aa03543-f67c-4178-aea9-891952ed1fb3
11111111-1111-1111-1111-111111111111,2026-08-20T17:58:21.272094Z,73e4a749-9f4f-4586-8c73-7351786ca4a9,waymo_jaguar_ipace_2024,arrival,twin,5aa03543-f67c-4178-aea9-891952ed1fb3
11111111-1111-1111-1111-111111111111,2026-08-20T17:58:21.272094Z,137ab789-9a83-4ee9-9610-7fcd8238fe43,waymo_jaguar_ipace_2024,arrival,twin,5aa03543-f67c-4178-aea9-891952ed1fb3
11111111-1111-1111-1111-111111111111,2026-08-20T17:58:21.272094Z,ebd4669f-9227-44b6-9956-f2fa5472ed5d,zoox_robotaxi_2024,arrival,twin,5aa03543-f67c-4178-aea9-891952ed1fb3
11111111-1111-1111-1111-111111111111,2026-08-20T17:58:21.272094Z,ef0b46c0-5029-4ff9-989a-c80e3e8227f2,tesla_model_y_robotaxi_2024,arrival,twin,5aa03543-f67c-4178-aea9-891952ed1fb3
11111111-1111-1111-1111-111111111111,2026-08-20T17:58:21.272094Z,f0077a3a-5a40-4d50-bbe9-95a81a4acc8d,tesla_model_y_robotaxi_2024,arrival,twin,5aa03543-f67c-4178-aea9-891952ed1fb3
11111111-1111-1111-1111-111111111111,2026-08-20T17:58:21.272094Z,fd6ec8c7-3bcc-4882-b77e-4b1fab99a064,zoox_robotaxi_2024,arrival,twin,5aa03543-f67c-4178-aea9-891952ed1fb3
11111111-1111-1111-1111-111111111111,2026-08-20T17:58:21.272094Z,bbf2928f-0364-4f7d-a6cd-7ffd9510c6e2,waymo_jaguar_ipace_2024,arrival,twin,5aa03543-f67c-4178-aea9-891952ed1fb3
11111111-1111-1111-1111-111111111111,2026-08-20T17:58:21.272094Z,252ba623-b097-4ac4-8c0b-3cffa951448e,tesla_model_y_robotaxi_2024,arrival,twin,5aa03543-f67c-4178-aea9-891952ed1fb3
11111111-1111-1111-1111-111111111111,2026-08-20T17:58:21.272094Z,03d72f9c-de16-42ad-a6a2-2434511781c5,zoox_robotaxi_2024,arrival,twin,5aa03543-f67c-4178-aea9-891952ed1fb3
11111111-1111-1111-1111-111111111111,2026-08-20T17:58:21.272094Z,a1111111-0001-0001-0001-000000000004,waymo_jaguar_ipace_2024,arrival,twin,5aa03543-f67c-4178-aea9-891952ed1fb3
11111111-1111-1111-1111-111111111111,2026-08-20T17:58:21.272094Z,02ff42a9-de41-42d2-bfb9-00b681c02178,tesla_model_y_robotaxi_2024,arrival,twin,5aa03543-f67c-4178-aea9-891952ed1fb3
11111111-1111-1111-1111-111111111111,2026-08-20T17:58:21.272094Z,5fe5fe42-3237-4734-b819-37876ceb4454,waymo_jaguar_ipace_2024,arrival,twin,5aa03543-f67c-4178-aea9-891952ed1fb3
22222222-2222-2222-2222-222222222222,2026-08-20T18:02:31.741782Z,138f4a23-c5c8-4b89-96a0-c72ebb6aee0c,tesla_model_y_robotaxi_2024,departure,twin,c5dbc377-0195-4420-96d0-6125017cf19e
22222222-2222-2222-2222-222222222222,2026-08-20T18:02:31.741782Z,7026f086-5ec4-485c-ae41-87bee8f181f1,waymo_jaguar_ipace_2024,departure,twin,c5dbc377-0195-4420-96d0-6125017cf19e
22222222-2222-2222-2222-222222222222,2026-08-20T18:02:31.741782Z,9240c4c6-422b-4ac5-b65d-321faac569ce,waymo_jaguar_ipace_2024,departure,twin,c5dbc377-0195-4420-96d0-6125017cf19e
22222222-2222-2222-2222-222222222222,2026-08-20T18:02:31.741782Z,970832d1-8185-4eb5-8d10-c1cbe44c9283,waymo_jaguar_ipace_2024,departure,twin,c5dbc377-0195-4420-96d0-6125017cf19e
22222222-2222-2222-2222-222222222222,2026-08-20T18:02:31.741782Z,b41ab68e-d488-4102-ba08-502df168a1a1,waymo_jaguar_ipace_2024,departure,twin,c5dbc377-0195-4420-96d0-6125017cf19e
22222222-2222-2222-2222-222222222222,2026-08-20T18:02:31.741782Z,bfc95659-513d-4d55-b665-525b9e9e14e5,waymo_jaguar_ipace_2024,departure,twin,c5dbc377-0195-4420-96d0-6125017cf19e
22222222-2222-2222-2222-222222222222,2026-08-20T18:02:31.741782Z,f2cc320b-7543-47cf-a66d-37acee233f1b,tesla_model_y_robotaxi_2024,departure,twin,c5dbc377-0195-4420-96d0-6125017cf19e
22222222-2222-2222-2222-222222222222,2026-08-20T18:02:31.741782Z,053b8abd-e2b6-4b19-9bfc-314430947773,waymo_jaguar_ipace_2024,departure,twin,c5dbc377-0195-4420-96d0-6125017cf19e
22222222-2222-2222-2222-222222222222,2026-08-20T18:02:31.741782Z,5b8524d6-260b-448c-a9ae-9e18e9cada45,waymo_jaguar_ipace_2024,departure,twin,c5dbc377-0195-4420-96d0-6125017cf19e
22222222-2222-2222-2222-222222222222,2026-08-20T18:02:31.741782Z,64710503-d52c-42ae-bddf-53aec572c4d9,waymo_jaguar_ipace_2024,departure,twin,c5dbc377-0195-4420-96d0-6125017cf19e
22222222-2222-2222-2222-222222222222,2026-08-20T18:02:31.741782Z,8ed8211d-aaa2-4051-b116-8f9f2501fc51,waymo_jaguar_ipace_2024,departure,twin,c5dbc377-0195-4420-96d0-6125017cf19e
22222222-2222-2222-2222-222222222222,2026-08-20T18:02:31.741782Z,838200a0-b464-4eb0-9cab-faaee1f80b5a,zoox_robotaxi_2024,departure,twin,c5dbc377-0195-4420-96d0-6125017cf19e
22222222-2222-2222-2222-222222222222,2026-08-20T18:02:31.741782Z,19ec1471-8525-4d88-801f-4cfee46f5ded,zoox_robotaxi_2024,departure,twin,c5dbc377-0195-4420-96d0-6125017cf19e
22222222-2222-2222-2222-222222222222,2026-08-20T18:02:31.741782Z,1aacf90d-d4e1-415e-ba09-603c306dffef,zoox_robotaxi_2024,departure,twin,c5dbc377-0195-4420-96d0-6125017cf19e
22222222-2222-2222-2222-222222222222,2026-08-20T18:02:31.741782Z,ad5abf3e-30c0-461f-b268-471bbe24986b,zoox_robotaxi_2024,departure,twin,c5dbc377-0195-4420-96d0-6125017cf19e
22222222-2222-2222-2222-222222222222,2026-08-20T18:02:31.741782Z,c97a907b-eb50-49d4-81d2-ed38c1ab2616,zoox_robotaxi_2024,departure,twin,c5dbc377-0195-4420-96d0-6125017cf19e
22222222-2222-2222-2222-222222222222,2026-08-20T18:02:31.741782Z,01b10692-0e0e-42c5-9889-f461f60471cf,zoox_robotaxi_2024,departure,twin,c5dbc377-0195-4420-96d0-6125017cf19e
22222222-2222-2222-2222-222222222222,2026-08-20T18:02:31.741782Z,02734f04-7f30-40eb-beb2-36e5d401c697,zoox_robotaxi_2024,departure,twin,c5dbc377-0195-4420-96d0-6125017cf19e
22222222-2222-2222-2222-222222222222,2026-08-20T18:02:31.741782Z,19b9bcf6-0586-4238-b70e-9ce1d490efe9,zoox_robotaxi_2024,departure,twin,c5dbc377-0195-4420-96d0-6125017cf19e
22222222-2222-2222-2222-222222222222,2026-08-20T18:02:31.741782Z,45c66200-75cd-4f06-a41f-6534e1c311aa,zoox_robotaxi_2024,departure,twin,c5dbc377-0195-4420-96d0-6125017cf19e
22222222-2222-2222-2222-222222222222,2026-08-20T18:02:31.741782Z,55a6bddc-f019-4989-a335-81cbde15b44e,zoox_robotaxi_2024,departure,twin,c5dbc377-0195-4420-96d0-6125017cf19e
22222222-2222-2222-2222-222222222222,2026-08-20T18:02:31.741782Z,695b1879-46d1-4c5b-a76a-a6809490ec65,zoox_robotaxi_2024,departure,twin,c5dbc377-0195-4420-96d0-6125017cf19e
22222222-2222-2222-2222-222222222222,2026-08-20T18:02:31.741782Z,87b6dc31-cb87-4327-83d5-7ac9ffdf4988,zoox_robotaxi_2024,departure,twin,c5dbc377-0195-4420-96d0-6125017cf19e
22222222-2222-2222-2222-222222222222,2026-08-20T18:02:31.741782Z,8e00a933-eb0f-4d8e-9a0a-1d5b47ae95ed,zoox_robotaxi_2024,departure,twin,c5dbc377-0195-4420-96d0-6125017cf19e
22222222-2222-2222-2222-222222222222,2026-08-20T18:02:31.741782Z,98899633-be7c-42cb-9046-56321fb60f9d,zoox_robotaxi_2024,departure,twin,c5dbc377-0195-4420-96d0-6125017cf19e
22222222-2222-2222-2222-222222222222,2026-08-20T18:02:31.741782Z,9926e267-5f69-4b21-b3ab-b4b3239c1b3b,zoox_robotaxi_2024,departure,twin,c5dbc377-0195-4420-96d0-6125017cf19e
22222222-2222-2222-2222-222222222222,2026-08-20T18:02:31.741782Z,b00dca0e-3209-478b-ad8b-7984d7b16a8c,zoox_robotaxi_2024,departure,twin,c5dbc377-0195-4420-96d0-6125017cf19e
22222222-2222-2222-2222-222222222222,2026-08-20T18:02:31.741782Z,c867df46-fe1c-420c-89cd-39acad72790e,zoox_robotaxi_2024,departure,twin,c5dbc377-0195-4420-96d0-6125017cf19e
22222222-2222-2222-2222-222222222222,2026-08-20T18:02:31.741782Z,e91eda35-7043-4ba9-8a16-972b2cc07e39,zoox_robotaxi_2024,departure,twin,c5dbc377-0195-4420-96d0-6125017cf19e
22222222-2222-2222-2222-222222222222,2026-08-20T18:02:31.741782Z,f366ac68-5b23-49e7-8d02-0ade68526c5e,zoox_robotaxi_2024,departure,twin,c5dbc377-0195-4420-96d0-6125017cf19e
22222222-2222-2222-2222-222222222222,2026-08-20T18:02:31.741782Z,f72a1d21-3532-40ca-a69e-8ef5a4be38a0,zoox_robotaxi_2024,departure,twin,c5dbc377-0195-4420-96d0-6125017cf19e
22222222-2222-2222-2222-222222222222,2026-08-20T18:02:31.741782Z,f7940696-0800-49d0-9405-e1bae1f790e5,zoox_robotaxi_2024,departure,twin,c5dbc377-0195-4420-96d0-6125017cf19e
22222222-2222-2222-2222-222222222222,2026-08-20T18:02:31.741782Z,9e9193b9-e6e9-4f2a-8eaf-bc5dfceec4a2,zoox_robotaxi_2024,departure,twin,c5dbc377-0195-4420-96d0-6125017cf19e
22222222-2222-2222-2222-222222222222,2026-08-20T18:02:31.741782Z,6bff9287-c9b9-49e3-a94f-36b3543a8b9c,zoox_robotaxi_2024,departure,twin,c5dbc377-0195-4420-96d0-6125017cf19e
22222222-2222-2222-2222-222222222222,2026-08-20T18:02:31.741782Z,c98ef465-ea69-4da9-a0a8-55a9842b570b,zoox_robotaxi_2024,departure,twin,c5dbc377-0195-4420-96d0-6125017cf19e
22222222-2222-2222-2222-222222222222,2026-08-20T18:02:31.741782Z,78ee0dfd-ba9e-430c-b753-2c589c9183f2,zoox_robotaxi_2024,departure,twin,c5dbc377-0195-4420-96d0-6125017cf19e
22222222-2222-2222-2222-222222222222,2026-08-20T18:02:31.741782Z,890bef23-55ab-4001-aceb-538b3633cc73,zoox_robotaxi_2024,departure,twin,c5dbc377-0195-4420-96d0-6125017cf19e
22222222-2222-2222-2222-222222222222,2026-08-20T18:02:31.741782Z,1520dd3c-3658-4cd5-ad83-8c73c35e97c9,tesla_model_y_robotaxi_2024,departure,twin,c5dbc377-0195-4420-96d0-6125017cf19e
22222222-2222-2222-2222-222222222222,2026-08-20T18:02:31.741782Z,5dfd9db9-4262-4a7f-8f7e-055ce7a5e426,tesla_model_y_robotaxi_2024,departure,twin,c5dbc377-0195-4420-96d0-6125017cf19e
22222222-2222-2222-2222-222222222222,2026-08-20T18:02:31.741782Z,6e5c4806-1191-4b8b-b750-d38231213a1b,tesla_model_y_robotaxi_2024,departure,twin,c5dbc377-0195-4420-96d0-6125017cf19e
22222222-2222-2222-2222-222222222222,2026-08-20T18:02:31.741782Z,c5a58859-4282-42de-b596-0a4f433e05f1,tesla_model_y_robotaxi_2024,departure,twin,c5dbc377-0195-4420-96d0-6125017cf19e
22222222-2222-2222-2222-222222222222,2026-08-20T18:02:31.741782Z,dbade82d-51ef-40bf-b21b-8103ad487d91,tesla_model_y_robotaxi_2024,departure,twin,c5dbc377-0195-4420-96d0-6125017cf19e
22222222-2222-2222-2222-222222222222,2026-08-20T18:02:31.741782Z,0bfd4d59-44f9-4a57-8c06-51bc00a2a6b9,tesla_model_y_robotaxi_2024,departure,twin,c5dbc377-0195-4420-96d0-6125017cf19e
22222222-2222-2222-2222-222222222222,2026-08-20T18:02:31.741782Z,1c9aff71-a240-4bfe-b55a-d0eaa2ec6116,tesla_model_y_robotaxi_2024,departure,twin,c5dbc377-0195-4420-96d0-6125017cf19e
22222222-2222-2222-2222-222222222222,2026-08-20T18:02:31.741782Z,25061aa9-5a61-481b-acee-0aa08dd7066f,tesla_model_y_robotaxi_2024,departure,twin,c5dbc377-0195-4420-96d0-6125017cf19e
22222222-2222-2222-2222-222222222222,2026-08-20T18:02:31.741782Z,27be18c4-bd2e-44ac-9eb5-1d1edc2809b7,zoox_robotaxi_2024,departure,twin,c5dbc377-0195-4420-96d0-6125017cf19e
22222222-2222-2222-2222-222222222222,2026-08-20T18:02:31.741782Z,4992b1fa-fc81-445e-a203-657094d89f18,waymo_jaguar_ipace_2024,departure,twin,c5dbc377-0195-4420-96d0-6125017cf19e
22222222-2222-2222-2222-222222222222,2026-08-20T18:02:31.741782Z,524312ab-2416-46fd-aebb-34d785ef7da6,waymo_jaguar_ipace_2024,departure,twin,c5dbc377-0195-4420-96d0-6125017cf19e
22222222-2222-2222-2222-222222222222,2026-08-20T18:02:31.741782Z,acba173d-89ed-4221-a7f7-52ae57693c67,tesla_model_y_robotaxi_2024,departure,twin,c5dbc377-0195-4420-96d0-6125017cf19e
22222222-2222-2222-2222-222222222222,2026-08-20T18:02:31.741782Z,ba70312c-6d2b-4c96-92a9-86c31ca2ca63,tesla_model_y_robotaxi_2024,departure,twin,c5dbc377-0195-4420-96d0-6125017cf19e
22222222-2222-2222-2222-222222222222,2026-08-20T18:02:31.741782Z,0b8d2e11-fac3-40f3-883e-1d37cb7e6da5,waymo_jaguar_ipace_2024,departure,twin,c5dbc377-0195-4420-96d0-6125017cf19e
22222222-2222-2222-2222-222222222222,2026-08-20T18:02:31.741782Z,14b02ad9-b6f6-4a74-867c-2a6ba9daf8e0,waymo_jaguar_ipace_2024,departure,twin,c5dbc377-0195-4420-96d0-6125017cf19e
22222222-2222-2222-2222-222222222222,2026-08-20T18:02:31.741782Z,1ea6a5d7-862d-44cc-a387-86cea6bc4fe4,tesla_model_y_robotaxi_2024,departure,twin,c5dbc377-0195-4420-96d0-6125017cf19e
22222222-2222-2222-2222-222222222222,2026-08-20T18:02:31.741782Z,2879307e-1fde-41ca-9309-d0aa11357436,waymo_jaguar_ipace_2024,departure,twin,c5dbc377-0195-4420-96d0-6125017cf19e
22222222-2222-2222-2222-222222222222,2026-08-20T18:02:31.741782Z,36ff94e5-663b-408d-bebc-3d56508d4996,tesla_model_y_robotaxi_2024,departure,twin,c5dbc377-0195-4420-96d0-6125017cf19e
22222222-2222-2222-2222-222222222222,2026-08-20T18:02:31.741782Z,3e88b963-abb9-415c-9637-fa8002b0074d,waymo_jaguar_ipace_2024,departure,twin,c5dbc377-0195-4420-96d0-6125017cf19e
22222222-2222-2222-2222-222222222222,2026-08-20T18:02:31.741782Z,464c07e3-3699-4238-90d6-ea1325d0b36c,tesla_model_y_robotaxi_2024,departure,twin,c5dbc377-0195-4420-96d0-6125017cf19e
22222222-2222-2222-2222-222222222222,2026-08-20T18:02:31.741782Z,4a35c33f-b875-4cc6-a54d-85060633b711,waymo_jaguar_ipace_2024,departure,twin,c5dbc377-0195-4420-96d0-6125017cf19e
22222222-2222-2222-2222-222222222222,2026-08-20T18:02:31.741782Z,6860a969-bb88-416f-a3bf-545884f04aa8,waymo_jaguar_ipace_2024,departure,twin,c5dbc377-0195-4420-96d0-6125017cf19e
22222222-2222-2222-2222-222222222222,2026-08-20T18:02:31.741782Z,728d5880-36bc-4b47-b535-4544580ec303,tesla_model_y_robotaxi_2024,departure,twin,c5dbc377-0195-4420-96d0-6125017cf19e
22222222-2222-2222-2222-222222222222,2026-08-20T18:02:31.741782Z,964bd583-6d45-459b-8bca-4c415c0993d3,tesla_model_y_robotaxi_2024,departure,twin,c5dbc377-0195-4420-96d0-6125017cf19e
22222222-2222-2222-2222-222222222222,2026-08-20T18:02:31.741782Z,983002e6-790f-4e92-9722-b034571c7f47,waymo_jaguar_ipace_2024,departure,twin,c5dbc377-0195-4420-96d0-6125017cf19e
22222222-2222-2222-2222-222222222222,2026-08-20T18:02:31.741782Z,a6e9c009-82e7-4c32-b9be-d3feaad294ca,waymo_jaguar_ipace_2024,departure,twin,c5dbc377-0195-4420-96d0-6125017cf19e
22222222-2222-2222-2222-222222222222,2026-08-20T18:02:31.741782Z,b6e8b116-0650-4d3b-b4d7-d78bd454f7e0,tesla_model_y_robotaxi_2024,departure,twin,c5dbc377-0195-4420-96d0-6125017cf19e
22222222-2222-2222-2222-222222222222,2026-08-20T18:02:31.741782Z,00d5597b-d714-470c-b86c-95e8f4f600ce,waymo_jaguar_ipace_2024,departure,twin,c5dbc377-0195-4420-96d0-6125017cf19e
22222222-2222-2222-2222-222222222222,2026-08-20T18:02:31.741782Z,10b4f941-b257-4571-948d-cc7b72d0fb52,tesla_model_y_robotaxi_2024,departure,twin,c5dbc377-0195-4420-96d0-6125017cf19e
22222222-2222-2222-2222-222222222222,2026-08-20T18:02:31.741782Z,03812c6f-407b-4782-858f-c15cdbaf8de7,waymo_jaguar_ipace_2024,departure,twin,c5dbc377-0195-4420-96d0-6125017cf19e
22222222-2222-2222-2222-222222222222,2026-08-20T18:02:31.741782Z,32b62034-d7c6-4dbd-b9a4-78e708ec4c1c,waymo_jaguar_ipace_2024,departure,twin,c5dbc377-0195-4420-96d0-6125017cf19e
22222222-2222-2222-2222-222222222222,2026-08-20T18:02:31.741782Z,32a91a14-aac6-4c58-924e-e61a6766978b,waymo_jaguar_ipace_2024,departure,twin,c5dbc377-0195-4420-96d0-6125017cf19e
22222222-2222-2222-2222-222222222222,2026-08-20T18:02:31.741782Z,3b6f1eb7-15f4-48e5-956c-9b261b9fcae1,waymo_jaguar_ipace_2024,departure,twin,c5dbc377-0195-4420-96d0-6125017cf19e
22222222-2222-2222-2222-222222222222,2026-08-20T18:02:31.741782Z,3fc2148f-fe15-42b9-8e9a-619351c746e4,waymo_jaguar_ipace_2024,departure,twin,c5dbc377-0195-4420-96d0-6125017cf19e
22222222-2222-2222-2222-222222222222,2026-08-20T18:02:31.741782Z,4732bf55-398f-4430-bc4c-0d14d4b89e2e,waymo_jaguar_ipace_2024,departure,twin,c5dbc377-0195-4420-96d0-6125017cf19e
22222222-2222-2222-2222-222222222222,2026-08-20T18:02:31.741782Z,48ad6e64-7e84-4de3-8c0c-9d3abfaadb8d,waymo_jaguar_ipace_2024,departure,twin,c5dbc377-0195-4420-96d0-6125017cf19e
22222222-2222-2222-2222-222222222222,2026-08-20T18:02:31.741782Z,4cd2b777-e994-41b3-8542-fdf0f5d88189,waymo_jaguar_ipace_2024,departure,twin,c5dbc377-0195-4420-96d0-6125017cf19e
22222222-2222-2222-2222-222222222222,2026-08-20T18:02:31.741782Z,4f558f2c-7f46-4c12-8a13-351371d828b6,waymo_jaguar_ipace_2024,departure,twin,c5dbc377-0195-4420-96d0-6125017cf19e
22222222-2222-2222-2222-222222222222,2026-08-20T18:02:31.741782Z,51766e8e-fe42-436d-b37a-10215bdb6798,waymo_jaguar_ipace_2024,departure,twin,c5dbc377-0195-4420-96d0-6125017cf19e
22222222-2222-2222-2222-222222222222,2026-08-20T18:02:31.741782Z,53e3dc12-2d7e-4d7b-8dbf-79a5eeef13ce,tesla_model_y_robotaxi_2024,departure,twin,c5dbc377-0195-4420-96d0-6125017cf19e
22222222-2222-2222-2222-222222222222,2026-08-20T18:02:31.741782Z,618e0836-b6e1-459d-9955-38857bf1cbff,waymo_jaguar_ipace_2024,departure,twin,c5dbc377-0195-4420-96d0-6125017cf19e
22222222-2222-2222-2222-222222222222,2026-08-20T18:02:31.741782Z,8d4890b5-dd19-4bf9-b7be-3ef918ff1653,waymo_jaguar_ipace_2024,departure,twin,c5dbc377-0195-4420-96d0-6125017cf19e
22222222-2222-2222-2222-222222222222,2026-08-20T18:02:31.741782Z,99860ea8-ecf6-4bb7-8a59-52db6e90e8d9,waymo_jaguar_ipace_2024,departure,twin,c5dbc377-0195-4420-96d0-6125017cf19e
22222222-2222-2222-2222-222222222222,2026-08-20T18:02:31.741782Z,a5af28d4-d135-4617-a379-d20cf703d54d,tesla_model_y_robotaxi_2024,departure,twin,c5dbc377-0195-4420-96d0-6125017cf19e
22222222-2222-2222-2222-222222222222,2026-08-20T18:02:31.741782Z,c3f78336-f475-4d29-bf59-0261114066ef,tesla_model_y_robotaxi_2024,departure,twin,c5dbc377-0195-4420-96d0-6125017cf19e
22222222-2222-2222-2222-222222222222,2026-08-20T18:02:31.741782Z,c433a36d-8782-46b2-b128-3e345bcbd186,waymo_jaguar_ipace_2024,departure,twin,c5dbc377-0195-4420-96d0-6125017cf19e
22222222-2222-2222-2222-222222222222,2026-08-20T18:02:31.741782Z,ddf31311-e84f-4ef4-915a-c5ed82ae29ff,waymo_jaguar_ipace_2024,departure,twin,c5dbc377-0195-4420-96d0-6125017cf19e
22222222-2222-2222-2222-222222222222,2026-08-20T18:02:31.741782Z,e7c0498e-4f61-474f-8934-8864c090cefd,waymo_jaguar_ipace_2024,departure,twin,c5dbc377-0195-4420-96d0-6125017cf19e
22222222-2222-2222-2222-222222222222,2026-08-20T18:05:32.269186Z,1520dd3c-3658-4cd5-ad83-8c73c35e97c9,tesla_model_y_robotaxi_2024,departure,twin,943936c5-37cf-4dcc-b600-47366d1f3138
22222222-2222-2222-2222-222222222222,2026-08-20T18:05:32.269186Z,5dfd9db9-4262-4a7f-8f7e-055ce7a5e426,tesla_model_y_robotaxi_2024,departure,twin,943936c5-37cf-4dcc-b600-47366d1f3138
22222222-2222-2222-2222-222222222222,2026-08-20T18:05:32.269186Z,6e5c4806-1191-4b8b-b750-d38231213a1b,tesla_model_y_robotaxi_2024,departure,twin,943936c5-37cf-4dcc-b600-47366d1f3138
22222222-2222-2222-2222-222222222222,2026-08-20T18:05:32.269186Z,c5a58859-4282-42de-b596-0a4f433e05f1,tesla_model_y_robotaxi_2024,departure,twin,943936c5-37cf-4dcc-b600-47366d1f3138
22222222-2222-2222-2222-222222222222,2026-08-20T18:05:32.269186Z,dbade82d-51ef-40bf-b21b-8103ad487d91,tesla_model_y_robotaxi_2024,departure,twin,943936c5-37cf-4dcc-b600-47366d1f3138
22222222-2222-2222-2222-222222222222,2026-08-20T18:05:32.269186Z,0bfd4d59-44f9-4a57-8c06-51bc00a2a6b9,tesla_model_y_robotaxi_2024,departure,twin,943936c5-37cf-4dcc-b600-47366d1f3138
22222222-2222-2222-2222-222222222222,2026-08-20T18:05:32.269186Z,1c9aff71-a240-4bfe-b55a-d0eaa2ec6116,tesla_model_y_robotaxi_2024,departure,twin,943936c5-37cf-4dcc-b600-47366d1f3138
22222222-2222-2222-2222-222222222222,2026-08-20T18:05:32.269186Z,25061aa9-5a61-481b-acee-0aa08dd7066f,tesla_model_y_robotaxi_2024,departure,twin,943936c5-37cf-4dcc-b600-47366d1f3138
22222222-2222-2222-2222-222222222222,2026-08-20T18:05:32.269186Z,4992b1fa-fc81-445e-a203-657094d89f18,waymo_jaguar_ipace_2024,departure,twin,943936c5-37cf-4dcc-b600-47366d1f3138
22222222-2222-2222-2222-222222222222,2026-08-20T18:05:32.269186Z,524312ab-2416-46fd-aebb-34d785ef7da6,waymo_jaguar_ipace_2024,departure,twin,943936c5-37cf-4dcc-b600-47366d1f3138
22222222-2222-2222-2222-222222222222,2026-08-20T18:05:32.269186Z,acba173d-89ed-4221-a7f7-52ae57693c67,tesla_model_y_robotaxi_2024,departure,twin,943936c5-37cf-4dcc-b600-47366d1f3138
22222222-2222-2222-2222-222222222222,2026-08-20T18:05:32.269186Z,ba70312c-6d2b-4c96-92a9-86c31ca2ca63,tesla_model_y_robotaxi_2024,departure,twin,943936c5-37cf-4dcc-b600-47366d1f3138
22222222-2222-2222-2222-222222222222,2026-08-20T18:05:32.269186Z,0b8d2e11-fac3-40f3-883e-1d37cb7e6da5,waymo_jaguar_ipace_2024,departure,twin,943936c5-37cf-4dcc-b600-47366d1f3138
22222222-2222-2222-2222-222222222222,2026-08-20T18:05:32.269186Z,14b02ad9-b6f6-4a74-867c-2a6ba9daf8e0,waymo_jaguar_ipace_2024,departure,twin,943936c5-37cf-4dcc-b600-47366d1f3138
22222222-2222-2222-2222-222222222222,2026-08-20T18:05:32.269186Z,1aacf90d-d4e1-415e-ba09-603c306dffef,zoox_robotaxi_2024,departure,twin,943936c5-37cf-4dcc-b600-47366d1f3138
22222222-2222-2222-2222-222222222222,2026-08-20T18:05:32.269186Z,1ea6a5d7-862d-44cc-a387-86cea6bc4fe4,tesla_model_y_robotaxi_2024,departure,twin,943936c5-37cf-4dcc-b600-47366d1f3138
22222222-2222-2222-2222-222222222222,2026-08-20T18:05:32.269186Z,2879307e-1fde-41ca-9309-d0aa11357436,waymo_jaguar_ipace_2024,departure,twin,943936c5-37cf-4dcc-b600-47366d1f3138
22222222-2222-2222-2222-222222222222,2026-08-20T18:05:32.269186Z,27be18c4-bd2e-44ac-9eb5-1d1edc2809b7,zoox_robotaxi_2024,departure,twin,943936c5-37cf-4dcc-b600-47366d1f3138
22222222-2222-2222-2222-222222222222,2026-08-20T18:05:32.269186Z,36ff94e5-663b-408d-bebc-3d56508d4996,tesla_model_y_robotaxi_2024,departure,twin,943936c5-37cf-4dcc-b600-47366d1f3138
22222222-2222-2222-2222-222222222222,2026-08-20T18:05:32.269186Z,3e88b963-abb9-415c-9637-fa8002b0074d,waymo_jaguar_ipace_2024,departure,twin,943936c5-37cf-4dcc-b600-47366d1f3138
22222222-2222-2222-2222-222222222222,2026-08-20T18:05:32.269186Z,464c07e3-3699-4238-90d6-ea1325d0b36c,tesla_model_y_robotaxi_2024,departure,twin,943936c5-37cf-4dcc-b600-47366d1f3138
22222222-2222-2222-2222-222222222222,2026-08-20T18:05:32.269186Z,4a35c33f-b875-4cc6-a54d-85060633b711,waymo_jaguar_ipace_2024,departure,twin,943936c5-37cf-4dcc-b600-47366d1f3138
22222222-2222-2222-2222-222222222222,2026-08-20T18:05:32.269186Z,5b8524d6-260b-448c-a9ae-9e18e9cada45,waymo_jaguar_ipace_2024,departure,twin,943936c5-37cf-4dcc-b600-47366d1f3138
22222222-2222-2222-2222-222222222222,2026-08-20T18:05:32.269186Z,6860a969-bb88-416f-a3bf-545884f04aa8,waymo_jaguar_ipace_2024,departure,twin,943936c5-37cf-4dcc-b600-47366d1f3138
22222222-2222-2222-2222-222222222222,2026-08-20T18:05:32.269186Z,728d5880-36bc-4b47-b535-4544580ec303,tesla_model_y_robotaxi_2024,departure,twin,943936c5-37cf-4dcc-b600-47366d1f3138
22222222-2222-2222-2222-222222222222,2026-08-20T18:05:32.269186Z,964bd583-6d45-459b-8bca-4c415c0993d3,tesla_model_y_robotaxi_2024,departure,twin,943936c5-37cf-4dcc-b600-47366d1f3138
22222222-2222-2222-2222-222222222222,2026-08-20T18:05:32.269186Z,983002e6-790f-4e92-9722-b034571c7f47,waymo_jaguar_ipace_2024,departure,twin,943936c5-37cf-4dcc-b600-47366d1f3138
22222222-2222-2222-2222-222222222222,2026-08-20T18:05:32.269186Z,a6e9c009-82e7-4c32-b9be-d3feaad294ca,waymo_jaguar_ipace_2024,departure,twin,943936c5-37cf-4dcc-b600-47366d1f3138
22222222-2222-2222-2222-222222222222,2026-08-20T18:05:32.269186Z,b6e8b116-0650-4d3b-b4d7-d78bd454f7e0,tesla_model_y_robotaxi_2024,departure,twin,943936c5-37cf-4dcc-b600-47366d1f3138
22222222-2222-2222-2222-222222222222,2026-08-20T18:05:32.269186Z,00d5597b-d714-470c-b86c-95e8f4f600ce,waymo_jaguar_ipace_2024,departure,twin,943936c5-37cf-4dcc-b600-47366d1f3138
22222222-2222-2222-2222-222222222222,2026-08-20T18:05:32.269186Z,10b4f941-b257-4571-948d-cc7b72d0fb52,tesla_model_y_robotaxi_2024,departure,twin,943936c5-37cf-4dcc-b600-47366d1f3138
22222222-2222-2222-2222-222222222222,2026-08-20T18:05:32.269186Z,32b62034-d7c6-4dbd-b9a4-78e708ec4c1c,waymo_jaguar_ipace_2024,departure,twin,943936c5-37cf-4dcc-b600-47366d1f3138
22222222-2222-2222-2222-222222222222,2026-08-20T18:05:32.269186Z,3b6f1eb7-15f4-48e5-956c-9b261b9fcae1,waymo_jaguar_ipace_2024,departure,twin,943936c5-37cf-4dcc-b600-47366d1f3138
22222222-2222-2222-2222-222222222222,2026-08-20T18:05:32.269186Z,32a91a14-aac6-4c58-924e-e61a6766978b,waymo_jaguar_ipace_2024,departure,twin,943936c5-37cf-4dcc-b600-47366d1f3138
22222222-2222-2222-2222-222222222222,2026-08-20T18:05:32.269186Z,3fc2148f-fe15-42b9-8e9a-619351c746e4,waymo_jaguar_ipace_2024,departure,twin,943936c5-37cf-4dcc-b600-47366d1f3138
22222222-2222-2222-2222-222222222222,2026-08-20T18:05:32.269186Z,48ad6e64-7e84-4de3-8c0c-9d3abfaadb8d,waymo_jaguar_ipace_2024,departure,twin,943936c5-37cf-4dcc-b600-47366d1f3138
22222222-2222-2222-2222-222222222222,2026-08-20T18:05:32.269186Z,4732bf55-398f-4430-bc4c-0d14d4b89e2e,waymo_jaguar_ipace_2024,departure,twin,943936c5-37cf-4dcc-b600-47366d1f3138
22222222-2222-2222-2222-222222222222,2026-08-20T18:05:32.269186Z,4cd2b777-e994-41b3-8542-fdf0f5d88189,waymo_jaguar_ipace_2024,departure,twin,943936c5-37cf-4dcc-b600-47366d1f3138
22222222-2222-2222-2222-222222222222,2026-08-20T18:05:32.269186Z,4f558f2c-7f46-4c12-8a13-351371d828b6,waymo_jaguar_ipace_2024,departure,twin,943936c5-37cf-4dcc-b600-47366d1f3138
22222222-2222-2222-2222-222222222222,2026-08-20T18:05:32.269186Z,53e3dc12-2d7e-4d7b-8dbf-79a5eeef13ce,tesla_model_y_robotaxi_2024,departure,twin,943936c5-37cf-4dcc-b600-47366d1f3138
22222222-2222-2222-2222-222222222222,2026-08-20T18:05:32.269186Z,618e0836-b6e1-459d-9955-38857bf1cbff,waymo_jaguar_ipace_2024,departure,twin,943936c5-37cf-4dcc-b600-47366d1f3138
22222222-2222-2222-2222-222222222222,2026-08-20T18:05:32.269186Z,8d4890b5-dd19-4bf9-b7be-3ef918ff1653,waymo_jaguar_ipace_2024,departure,twin,943936c5-37cf-4dcc-b600-47366d1f3138
22222222-2222-2222-2222-222222222222,2026-08-20T18:05:32.269186Z,99860ea8-ecf6-4bb7-8a59-52db6e90e8d9,waymo_jaguar_ipace_2024,departure,twin,943936c5-37cf-4dcc-b600-47366d1f3138
22222222-2222-2222-2222-222222222222,2026-08-20T18:05:32.269186Z,a5af28d4-d135-4617-a379-d20cf703d54d,tesla_model_y_robotaxi_2024,departure,twin,943936c5-37cf-4dcc-b600-47366d1f3138
22222222-2222-2222-2222-222222222222,2026-08-20T18:05:32.269186Z,c3f78336-f475-4d29-bf59-0261114066ef,tesla_model_y_robotaxi_2024,departure,twin,943936c5-37cf-4dcc-b600-47366d1f3138
22222222-2222-2222-2222-222222222222,2026-08-20T18:05:32.269186Z,ddf31311-e84f-4ef4-915a-c5ed82ae29ff,waymo_jaguar_ipace_2024,departure,twin,943936c5-37cf-4dcc-b600-47366d1f3138
22222222-2222-2222-2222-222222222222,2026-08-20T18:05:32.269186Z,c433a36d-8782-46b2-b128-3e345bcbd186,waymo_jaguar_ipace_2024,departure,twin,943936c5-37cf-4dcc-b600-47366d1f3138
22222222-2222-2222-2222-222222222222,2026-08-20T18:05:32.269186Z,e7c0498e-4f61-474f-8934-8864c090cefd,waymo_jaguar_ipace_2024,departure,twin,943936c5-37cf-4dcc-b600-47366d1f3138
22222222-2222-2222-2222-222222222222,2026-08-20T18:05:32.269186Z,03812c6f-407b-4782-858f-c15cdbaf8de7,waymo_jaguar_ipace_2024,departure,twin,943936c5-37cf-4dcc-b600-47366d1f3138
22222222-2222-2222-2222-222222222222,2026-08-20T18:05:32.269186Z,138f4a23-c5c8-4b89-96a0-c72ebb6aee0c,tesla_model_y_robotaxi_2024,departure,twin,943936c5-37cf-4dcc-b600-47366d1f3138
22222222-2222-2222-2222-222222222222,2026-08-20T18:05:32.269186Z,51766e8e-fe42-436d-b37a-10215bdb6798,waymo_jaguar_ipace_2024,departure,twin,943936c5-37cf-4dcc-b600-47366d1f3138
22222222-2222-2222-2222-222222222222,2026-08-20T18:05:32.269186Z,7026f086-5ec4-485c-ae41-87bee8f181f1,waymo_jaguar_ipace_2024,departure,twin,943936c5-37cf-4dcc-b600-47366d1f3138
22222222-2222-2222-2222-222222222222,2026-08-20T18:05:32.269186Z,9240c4c6-422b-4ac5-b65d-321faac569ce,waymo_jaguar_ipace_2024,departure,twin,943936c5-37cf-4dcc-b600-47366d1f3138
22222222-2222-2222-2222-222222222222,2026-08-20T18:05:32.269186Z,970832d1-8185-4eb5-8d10-c1cbe44c9283,waymo_jaguar_ipace_2024,departure,twin,943936c5-37cf-4dcc-b600-47366d1f3138
22222222-2222-2222-2222-222222222222,2026-08-20T18:05:32.269186Z,b41ab68e-d488-4102-ba08-502df168a1a1,waymo_jaguar_ipace_2024,departure,twin,943936c5-37cf-4dcc-b600-47366d1f3138
22222222-2222-2222-2222-222222222222,2026-08-20T18:05:32.269186Z,bfc95659-513d-4d55-b665-525b9e9e14e5,waymo_jaguar_ipace_2024,departure,twin,943936c5-37cf-4dcc-b600-47366d1f3138
22222222-2222-2222-2222-222222222222,2026-08-20T18:05:32.269186Z,f2cc320b-7543-47cf-a66d-37acee233f1b,tesla_model_y_robotaxi_2024,departure,twin,943936c5-37cf-4dcc-b600-47366d1f3138
22222222-2222-2222-2222-222222222222,2026-08-20T18:05:32.269186Z,053b8abd-e2b6-4b19-9bfc-314430947773,waymo_jaguar_ipace_2024,departure,twin,943936c5-37cf-4dcc-b600-47366d1f3138
22222222-2222-2222-2222-222222222222,2026-08-20T18:05:32.269186Z,64710503-d52c-42ae-bddf-53aec572c4d9,waymo_jaguar_ipace_2024,departure,twin,943936c5-37cf-4dcc-b600-47366d1f3138
22222222-2222-2222-2222-222222222222,2026-08-20T18:05:32.269186Z,8ed8211d-aaa2-4051-b116-8f9f2501fc51,waymo_jaguar_ipace_2024,departure,twin,943936c5-37cf-4dcc-b600-47366d1f3138
22222222-2222-2222-2222-222222222222,2026-08-20T18:05:32.269186Z,838200a0-b464-4eb0-9cab-faaee1f80b5a,zoox_robotaxi_2024,departure,twin,943936c5-37cf-4dcc-b600-47366d1f3138
22222222-2222-2222-2222-222222222222,2026-08-20T18:05:32.269186Z,19ec1471-8525-4d88-801f-4cfee46f5ded,zoox_robotaxi_2024,departure,twin,943936c5-37cf-4dcc-b600-47366d1f3138
22222222-2222-2222-2222-222222222222,2026-08-20T18:05:32.269186Z,ad5abf3e-30c0-461f-b268-471bbe24986b,zoox_robotaxi_2024,departure,twin,943936c5-37cf-4dcc-b600-47366d1f3138
22222222-2222-2222-2222-222222222222,2026-08-20T18:05:32.269186Z,c97a907b-eb50-49d4-81d2-ed38c1ab2616,zoox_robotaxi_2024,departure,twin,943936c5-37cf-4dcc-b600-47366d1f3138
22222222-2222-2222-2222-222222222222,2026-08-20T18:05:32.269186Z,01b10692-0e0e-42c5-9889-f461f60471cf,zoox_robotaxi_2024,departure,twin,943936c5-37cf-4dcc-b600-47366d1f3138
22222222-2222-2222-2222-222222222222,2026-08-20T18:05:32.269186Z,02734f04-7f30-40eb-beb2-36e5d401c697,zoox_robotaxi_2024,departure,twin,943936c5-37cf-4dcc-b600-47366d1f3138
22222222-2222-2222-2222-222222222222,2026-08-20T18:05:32.269186Z,19b9bcf6-0586-4238-b70e-9ce1d490efe9,zoox_robotaxi_2024,departure,twin,943936c5-37cf-4dcc-b600-47366d1f3138
22222222-2222-2222-2222-222222222222,2026-08-20T18:05:32.269186Z,45c66200-75cd-4f06-a41f-6534e1c311aa,zoox_robotaxi_2024,departure,twin,943936c5-37cf-4dcc-b600-47366d1f3138
22222222-2222-2222-2222-222222222222,2026-08-20T18:05:32.269186Z,55a6bddc-f019-4989-a335-81cbde15b44e,zoox_robotaxi_2024,departure,twin,943936c5-37cf-4dcc-b600-47366d1f3138
22222222-2222-2222-2222-222222222222,2026-08-20T18:05:32.269186Z,695b1879-46d1-4c5b-a76a-a6809490ec65,zoox_robotaxi_2024,departure,twin,943936c5-37cf-4dcc-b600-47366d1f3138
22222222-2222-2222-2222-222222222222,2026-08-20T18:05:32.269186Z,87b6dc31-cb87-4327-83d5-7ac9ffdf4988,zoox_robotaxi_2024,departure,twin,943936c5-37cf-4dcc-b600-47366d1f3138
22222222-2222-2222-2222-222222222222,2026-08-20T18:05:32.269186Z,8e00a933-eb0f-4d8e-9a0a-1d5b47ae95ed,zoox_robotaxi_2024,departure,twin,943936c5-37cf-4dcc-b600-47366d1f3138
22222222-2222-2222-2222-222222222222,2026-08-20T18:05:32.269186Z,98899633-be7c-42cb-9046-56321fb60f9d,zoox_robotaxi_2024,departure,twin,943936c5-37cf-4dcc-b600-47366d1f3138
22222222-2222-2222-2222-222222222222,2026-08-20T18:05:32.269186Z,9926e267-5f69-4b21-b3ab-b4b3239c1b3b,zoox_robotaxi_2024,departure,twin,943936c5-37cf-4dcc-b600-47366d1f3138
22222222-2222-2222-2222-222222222222,2026-08-20T18:05:32.269186Z,b00dca0e-3209-478b-ad8b-7984d7b16a8c,zoox_robotaxi_2024,departure,twin,943936c5-37cf-4dcc-b600-47366d1f3138
22222222-2222-2222-2222-222222222222,2026-08-20T18:05:32.269186Z,c867df46-fe1c-420c-89cd-39acad72790e,zoox_robotaxi_2024,departure,twin,943936c5-37cf-4dcc-b600-47366d1f3138
22222222-2222-2222-2222-222222222222,2026-08-20T18:05:32.269186Z,e91eda35-7043-4ba9-8a16-972b2cc07e39,zoox_robotaxi_2024,departure,twin,943936c5-37cf-4dcc-b600-47366d1f3138
22222222-2222-2222-2222-222222222222,2026-08-20T18:05:32.269186Z,f366ac68-5b23-49e7-8d02-0ade68526c5e,zoox_robotaxi_2024,departure,twin,943936c5-37cf-4dcc-b600-47366d1f3138
22222222-2222-2222-2222-222222222222,2026-08-20T18:05:32.269186Z,f72a1d21-3532-40ca-a69e-8ef5a4be38a0,zoox_robotaxi_2024,departure,twin,943936c5-37cf-4dcc-b600-47366d1f3138
22222222-2222-2222-2222-222222222222,2026-08-20T18:05:32.269186Z,f7940696-0800-49d0-9405-e1bae1f790e5,zoox_robotaxi_2024,departure,twin,943936c5-37cf-4dcc-b600-47366d1f3138
22222222-2222-2222-2222-222222222222,2026-08-20T18:05:32.269186Z,9e9193b9-e6e9-4f2a-8eaf-bc5dfceec4a2,zoox_robotaxi_2024,departure,twin,943936c5-37cf-4dcc-b600-47366d1f3138
22222222-2222-2222-2222-222222222222,2026-08-20T18:05:32.269186Z,6bff9287-c9b9-49e3-a94f-36b3543a8b9c,zoox_robotaxi_2024,departure,twin,943936c5-37cf-4dcc-b600-47366d1f3138
22222222-2222-2222-2222-222222222222,2026-08-20T18:05:32.269186Z,c98ef465-ea69-4da9-a0a8-55a9842b570b,zoox_robotaxi_2024,departure,twin,943936c5-37cf-4dcc-b600-47366d1f3138
22222222-2222-2222-2222-222222222222,2026-08-20T18:05:32.269186Z,78ee0dfd-ba9e-430c-b753-2c589c9183f2,zoox_robotaxi_2024,departure,twin,943936c5-37cf-4dcc-b600-47366d1f3138
22222222-2222-2222-2222-222222222222,2026-08-20T18:05:32.269186Z,890bef23-55ab-4001-aceb-538b3633cc73,zoox_robotaxi_2024,departure,twin,943936c5-37cf-4dcc-b600-47366d1f3138
22222222-2222-2222-2222-222222222222,2026-08-20T18:25:37.378401Z,02734f04-7f30-40eb-beb2-36e5d401c697,zoox_robotaxi_2024,departure,twin,f3a1d43b-789b-4c6c-8f11-3e3a6b3ab38f
22222222-2222-2222-2222-222222222222,2026-08-20T18:25:37.378401Z,1973c5a4-5670-46fa-bbe2-5f6a3a1d0c6a,zoox_robotaxi_2024,departure,twin,f3a1d43b-789b-4c6c-8f11-3e3a6b3ab38f
22222222-2222-2222-2222-222222222222,2026-08-20T18:25:37.378401Z,1aacf90d-d4e1-415e-ba09-603c306dffef,zoox_robotaxi_2024,departure,twin,f3a1d43b-789b-4c6c-8f11-3e3a6b3ab38f
22222222-2222-2222-2222-222222222222,2026-08-20T18:25:37.378401Z,27be18c4-bd2e-44ac-9eb5-1d1edc2809b7,zoox_robotaxi_2024,departure,twin,f3a1d43b-789b-4c6c-8f11-3e3a6b3ab38f
22222222-2222-2222-2222-222222222222,2026-08-20T18:25:37.378401Z,4374f6a6-aa2e-4298-8fa2-1b30da90280e,zoox_robotaxi_2024,departure,twin,f3a1d43b-789b-4c6c-8f11-3e3a6b3ab38f
22222222-2222-2222-2222-222222222222,2026-08-20T18:25:37.378401Z,45c66200-75cd-4f06-a41f-6534e1c311aa,zoox_robotaxi_2024,departure,twin,f3a1d43b-789b-4c6c-8f11-3e3a6b3ab38f
22222222-2222-2222-2222-222222222222,2026-08-20T18:25:37.378401Z,9ec6cbc8-535e-4984-8fe2-1ac46abb9e00,waymo_jaguar_ipace_2024,departure,twin,f3a1d43b-789b-4c6c-8f11-3e3a6b3ab38f
22222222-2222-2222-2222-222222222222,2026-08-20T18:25:37.378401Z,8e00a933-eb0f-4d8e-9a0a-1d5b47ae95ed,zoox_robotaxi_2024,departure,twin,f3a1d43b-789b-4c6c-8f11-3e3a6b3ab38f
22222222-2222-2222-2222-222222222222,2026-08-20T18:25:37.378401Z,c97a907b-eb50-49d4-81d2-ed38c1ab2616,zoox_robotaxi_2024,departure,twin,f3a1d43b-789b-4c6c-8f11-3e3a6b3ab38f
22222222-2222-2222-2222-222222222222,2026-08-20T18:25:37.378401Z,695b1879-46d1-4c5b-a76a-a6809490ec65,zoox_robotaxi_2024,departure,twin,f3a1d43b-789b-4c6c-8f11-3e3a6b3ab38f
22222222-2222-2222-2222-222222222222,2026-08-20T18:25:37.378401Z,838200a0-b464-4eb0-9cab-faaee1f80b5a,zoox_robotaxi_2024,departure,twin,f3a1d43b-789b-4c6c-8f11-3e3a6b3ab38f
22222222-2222-2222-2222-222222222222,2026-08-20T18:25:37.378401Z,87b6dc31-cb87-4327-83d5-7ac9ffdf4988,zoox_robotaxi_2024,departure,twin,f3a1d43b-789b-4c6c-8f11-3e3a6b3ab38f
22222222-2222-2222-2222-222222222222,2026-08-20T18:25:37.378401Z,c867df46-fe1c-420c-89cd-39acad72790e,zoox_robotaxi_2024,departure,twin,f3a1d43b-789b-4c6c-8f11-3e3a6b3ab38f
22222222-2222-2222-2222-222222222222,2026-08-20T18:25:37.378401Z,f7940696-0800-49d0-9405-e1bae1f790e5,zoox_robotaxi_2024,departure,twin,f3a1d43b-789b-4c6c-8f11-3e3a6b3ab38f
22222222-2222-2222-2222-222222222222,2026-08-20T18:25:37.378401Z,55a6bddc-f019-4989-a335-81cbde15b44e,zoox_robotaxi_2024,departure,twin,f3a1d43b-789b-4c6c-8f11-3e3a6b3ab38f
22222222-2222-2222-2222-222222222222,2026-08-20T18:25:37.378401Z,01b10692-0e0e-42c5-9889-f461f60471cf,zoox_robotaxi_2024,departure,twin,f3a1d43b-789b-4c6c-8f11-3e3a6b3ab38f
22222222-2222-2222-2222-222222222222,2026-08-20T18:25:37.378401Z,98899633-be7c-42cb-9046-56321fb60f9d,zoox_robotaxi_2024,departure,twin,f3a1d43b-789b-4c6c-8f11-3e3a6b3ab38f
22222222-2222-2222-2222-222222222222,2026-08-20T18:25:37.378401Z,f366ac68-5b23-49e7-8d02-0ade68526c5e,zoox_robotaxi_2024,departure,twin,f3a1d43b-789b-4c6c-8f11-3e3a6b3ab38f
22222222-2222-2222-2222-222222222222,2026-08-20T18:25:37.378401Z,e91eda35-7043-4ba9-8a16-972b2cc07e39,zoox_robotaxi_2024,departure,twin,f3a1d43b-789b-4c6c-8f11-3e3a6b3ab38f
22222222-2222-2222-2222-222222222222,2026-08-20T18:25:37.378401Z,f72a1d21-3532-40ca-a69e-8ef5a4be38a0,zoox_robotaxi_2024,departure,twin,f3a1d43b-789b-4c6c-8f11-3e3a6b3ab38f
22222222-2222-2222-2222-222222222222,2026-08-20T18:25:37.378401Z,02f1a60b-27e8-46a3-831b-d9232cc510a0,tesla_model_y_robotaxi_2024,departure,twin,f3a1d43b-789b-4c6c-8f11-3e3a6b3ab38f
22222222-2222-2222-2222-222222222222,2026-08-20T18:25:37.378401Z,1c9aff71-a240-4bfe-b55a-d0eaa2ec6116,tesla_model_y_robotaxi_2024,departure,twin,f3a1d43b-789b-4c6c-8f11-3e3a6b3ab38f
22222222-2222-2222-2222-222222222222,2026-08-20T18:25:37.378401Z,6bff9287-c9b9-49e3-a94f-36b3543a8b9c,zoox_robotaxi_2024,departure,twin,f3a1d43b-789b-4c6c-8f11-3e3a6b3ab38f
22222222-2222-2222-2222-222222222222,2026-08-20T18:25:37.378401Z,6e5c4806-1191-4b8b-b750-d38231213a1b,tesla_model_y_robotaxi_2024,departure,twin,f3a1d43b-789b-4c6c-8f11-3e3a6b3ab38f
22222222-2222-2222-2222-222222222222,2026-08-20T18:25:37.378401Z,9926e267-5f69-4b21-b3ab-b4b3239c1b3b,zoox_robotaxi_2024,departure,twin,f3a1d43b-789b-4c6c-8f11-3e3a6b3ab38f
22222222-2222-2222-2222-222222222222,2026-08-20T18:25:37.378401Z,9e9193b9-e6e9-4f2a-8eaf-bc5dfceec4a2,zoox_robotaxi_2024,departure,twin,f3a1d43b-789b-4c6c-8f11-3e3a6b3ab38f
22222222-2222-2222-2222-222222222222,2026-08-20T18:25:37.378401Z,c5a58859-4282-42de-b596-0a4f433e05f1,tesla_model_y_robotaxi_2024,departure,twin,f3a1d43b-789b-4c6c-8f11-3e3a6b3ab38f
22222222-2222-2222-2222-222222222222,2026-08-20T18:25:37.378401Z,c98ef465-ea69-4da9-a0a8-55a9842b570b,zoox_robotaxi_2024,departure,twin,f3a1d43b-789b-4c6c-8f11-3e3a6b3ab38f
22222222-2222-2222-2222-222222222222,2026-08-20T18:25:37.378401Z,c8663fd7-b423-4398-9a18-a2ba5310feb7,tesla_model_y_robotaxi_2024,departure,twin,f3a1d43b-789b-4c6c-8f11-3e3a6b3ab38f
22222222-2222-2222-2222-222222222222,2026-08-20T18:25:37.378401Z,78ee0dfd-ba9e-430c-b753-2c589c9183f2,zoox_robotaxi_2024,departure,twin,f3a1d43b-789b-4c6c-8f11-3e3a6b3ab38f
22222222-2222-2222-2222-222222222222,2026-08-20T18:25:37.378401Z,890bef23-55ab-4001-aceb-538b3633cc73,zoox_robotaxi_2024,departure,twin,f3a1d43b-789b-4c6c-8f11-3e3a6b3ab38f
22222222-2222-2222-2222-222222222222,2026-08-20T18:25:37.378401Z,dbade82d-51ef-40bf-b21b-8103ad487d91,tesla_model_y_robotaxi_2024,departure,twin,f3a1d43b-789b-4c6c-8f11-3e3a6b3ab38f
22222222-2222-2222-2222-222222222222,2026-08-20T18:25:37.378401Z,0bfd4d59-44f9-4a57-8c06-51bc00a2a6b9,tesla_model_y_robotaxi_2024,departure,twin,f3a1d43b-789b-4c6c-8f11-3e3a6b3ab38f
22222222-2222-2222-2222-222222222222,2026-08-20T18:25:37.378401Z,10b4f941-b257-4571-948d-cc7b72d0fb52,tesla_model_y_robotaxi_2024,departure,twin,f3a1d43b-789b-4c6c-8f11-3e3a6b3ab38f
22222222-2222-2222-2222-222222222222,2026-08-20T18:25:37.378401Z,1520dd3c-3658-4cd5-ad83-8c73c35e97c9,tesla_model_y_robotaxi_2024,departure,twin,f3a1d43b-789b-4c6c-8f11-3e3a6b3ab38f
22222222-2222-2222-2222-222222222222,2026-08-20T18:25:37.378401Z,1ea6a5d7-862d-44cc-a387-86cea6bc4fe4,tesla_model_y_robotaxi_2024,departure,twin,f3a1d43b-789b-4c6c-8f11-3e3a6b3ab38f
22222222-2222-2222-2222-222222222222,2026-08-20T18:25:37.378401Z,5dfd9db9-4262-4a7f-8f7e-055ce7a5e426,tesla_model_y_robotaxi_2024,departure,twin,f3a1d43b-789b-4c6c-8f11-3e3a6b3ab38f
22222222-2222-2222-2222-222222222222,2026-08-20T18:25:37.378401Z,6860a969-bb88-416f-a3bf-545884f04aa8,waymo_jaguar_ipace_2024,departure,twin,f3a1d43b-789b-4c6c-8f11-3e3a6b3ab38f
22222222-2222-2222-2222-222222222222,2026-08-20T18:25:37.378401Z,b00dca0e-3209-478b-ad8b-7984d7b16a8c,zoox_robotaxi_2024,departure,twin,f3a1d43b-789b-4c6c-8f11-3e3a6b3ab38f
22222222-2222-2222-2222-222222222222,2026-08-20T18:25:37.378401Z,ba70312c-6d2b-4c96-92a9-86c31ca2ca63,tesla_model_y_robotaxi_2024,departure,twin,f3a1d43b-789b-4c6c-8f11-3e3a6b3ab38f
22222222-2222-2222-2222-222222222222,2026-08-20T18:25:37.378401Z,2be09ec0-e78a-4cd8-9f80-fceeb1c33e71,tesla_model_y_robotaxi_2024,departure,twin,f3a1d43b-789b-4c6c-8f11-3e3a6b3ab38f
22222222-2222-2222-2222-222222222222,2026-08-20T18:25:37.378401Z,36ff94e5-663b-408d-bebc-3d56508d4996,tesla_model_y_robotaxi_2024,departure,twin,f3a1d43b-789b-4c6c-8f11-3e3a6b3ab38f
22222222-2222-2222-2222-222222222222,2026-08-20T18:25:37.378401Z,464c07e3-3699-4238-90d6-ea1325d0b36c,tesla_model_y_robotaxi_2024,departure,twin,f3a1d43b-789b-4c6c-8f11-3e3a6b3ab38f
22222222-2222-2222-2222-222222222222,2026-08-20T18:25:37.378401Z,48ad6e64-7e84-4de3-8c0c-9d3abfaadb8d,waymo_jaguar_ipace_2024,departure,twin,f3a1d43b-789b-4c6c-8f11-3e3a6b3ab38f
22222222-2222-2222-2222-222222222222,2026-08-20T18:25:37.378401Z,4992b1fa-fc81-445e-a203-657094d89f18,waymo_jaguar_ipace_2024,departure,twin,f3a1d43b-789b-4c6c-8f11-3e3a6b3ab38f
22222222-2222-2222-2222-222222222222,2026-08-20T18:25:37.378401Z,964bd583-6d45-459b-8bca-4c415c0993d3,tesla_model_y_robotaxi_2024,departure,twin,f3a1d43b-789b-4c6c-8f11-3e3a6b3ab38f
22222222-2222-2222-2222-222222222222,2026-08-20T18:25:37.378401Z,acba173d-89ed-4221-a7f7-52ae57693c67,tesla_model_y_robotaxi_2024,departure,twin,f3a1d43b-789b-4c6c-8f11-3e3a6b3ab38f
22222222-2222-2222-2222-222222222222,2026-08-20T18:25:37.378401Z,b6e8b116-0650-4d3b-b4d7-d78bd454f7e0,tesla_model_y_robotaxi_2024,departure,twin,f3a1d43b-789b-4c6c-8f11-3e3a6b3ab38f
22222222-2222-2222-2222-222222222222,2026-08-20T18:25:37.378401Z,c3f78336-f475-4d29-bf59-0261114066ef,tesla_model_y_robotaxi_2024,departure,twin,f3a1d43b-789b-4c6c-8f11-3e3a6b3ab38f
22222222-2222-2222-2222-222222222222,2026-08-20T18:25:37.378401Z,e7c0498e-4f61-474f-8934-8864c090cefd,waymo_jaguar_ipace_2024,departure,twin,f3a1d43b-789b-4c6c-8f11-3e3a6b3ab38f
22222222-2222-2222-2222-222222222222,2026-08-20T18:25:37.378401Z,00d5597b-d714-470c-b86c-95e8f4f600ce,waymo_jaguar_ipace_2024,departure,twin,f3a1d43b-789b-4c6c-8f11-3e3a6b3ab38f
22222222-2222-2222-2222-222222222222,2026-08-20T18:25:37.378401Z,053b8abd-e2b6-4b19-9bfc-314430947773,waymo_jaguar_ipace_2024,departure,twin,f3a1d43b-789b-4c6c-8f11-3e3a6b3ab38f
22222222-2222-2222-2222-222222222222,2026-08-20T18:25:37.378401Z,0b8d2e11-fac3-40f3-883e-1d37cb7e6da5,waymo_jaguar_ipace_2024,departure,twin,f3a1d43b-789b-4c6c-8f11-3e3a6b3ab38f
22222222-2222-2222-2222-222222222222,2026-08-20T18:25:37.378401Z,138f4a23-c5c8-4b89-96a0-c72ebb6aee0c,tesla_model_y_robotaxi_2024,departure,twin,f3a1d43b-789b-4c6c-8f11-3e3a6b3ab38f
22222222-2222-2222-2222-222222222222,2026-08-20T18:25:37.378401Z,14b02ad9-b6f6-4a74-867c-2a6ba9daf8e0,waymo_jaguar_ipace_2024,departure,twin,f3a1d43b-789b-4c6c-8f11-3e3a6b3ab38f
22222222-2222-2222-2222-222222222222,2026-08-20T18:25:37.378401Z,2547bf99-05c5-4055-9daa-c9e2a99da11d,tesla_model_y_robotaxi_2024,departure,twin,f3a1d43b-789b-4c6c-8f11-3e3a6b3ab38f
22222222-2222-2222-2222-222222222222,2026-08-20T18:25:37.378401Z,32b62034-d7c6-4dbd-b9a4-78e708ec4c1c,waymo_jaguar_ipace_2024,departure,twin,f3a1d43b-789b-4c6c-8f11-3e3a6b3ab38f
22222222-2222-2222-2222-222222222222,2026-08-20T18:25:37.378401Z,3b6f1eb7-15f4-48e5-956c-9b261b9fcae1,waymo_jaguar_ipace_2024,departure,twin,f3a1d43b-789b-4c6c-8f11-3e3a6b3ab38f
22222222-2222-2222-2222-222222222222,2026-08-20T18:25:37.378401Z,4732bf55-398f-4430-bc4c-0d14d4b89e2e,waymo_jaguar_ipace_2024,departure,twin,f3a1d43b-789b-4c6c-8f11-3e3a6b3ab38f
22222222-2222-2222-2222-222222222222,2026-08-20T18:25:37.378401Z,4a35c33f-b875-4cc6-a54d-85060633b711,waymo_jaguar_ipace_2024,departure,twin,f3a1d43b-789b-4c6c-8f11-3e3a6b3ab38f
22222222-2222-2222-2222-222222222222,2026-08-20T18:25:37.378401Z,53e3dc12-2d7e-4d7b-8dbf-79a5eeef13ce,tesla_model_y_robotaxi_2024,departure,twin,f3a1d43b-789b-4c6c-8f11-3e3a6b3ab38f
22222222-2222-2222-2222-222222222222,2026-08-20T18:25:37.378401Z,5e4b54f6-ba19-4a30-9d26-2a4ed4810d6e,waymo_jaguar_ipace_2024,departure,twin,f3a1d43b-789b-4c6c-8f11-3e3a6b3ab38f
22222222-2222-2222-2222-222222222222,2026-08-20T18:25:37.378401Z,7026f086-5ec4-485c-ae41-87bee8f181f1,waymo_jaguar_ipace_2024,departure,twin,f3a1d43b-789b-4c6c-8f11-3e3a6b3ab38f
22222222-2222-2222-2222-222222222222,2026-08-20T18:25:37.378401Z,983002e6-790f-4e92-9722-b034571c7f47,waymo_jaguar_ipace_2024,departure,twin,f3a1d43b-789b-4c6c-8f11-3e3a6b3ab38f
22222222-2222-2222-2222-222222222222,2026-08-20T18:25:37.378401Z,99860ea8-ecf6-4bb7-8a59-52db6e90e8d9,waymo_jaguar_ipace_2024,departure,twin,f3a1d43b-789b-4c6c-8f11-3e3a6b3ab38f
22222222-2222-2222-2222-222222222222,2026-08-20T18:25:37.378401Z,a5af28d4-d135-4617-a379-d20cf703d54d,tesla_model_y_robotaxi_2024,departure,twin,f3a1d43b-789b-4c6c-8f11-3e3a6b3ab38f
22222222-2222-2222-2222-222222222222,2026-08-20T18:25:37.378401Z,b41ab68e-d488-4102-ba08-502df168a1a1,waymo_jaguar_ipace_2024,departure,twin,f3a1d43b-789b-4c6c-8f11-3e3a6b3ab38f
22222222-2222-2222-2222-222222222222,2026-08-20T18:25:37.378401Z,a6e9c009-82e7-4c32-b9be-d3feaad294ca,waymo_jaguar_ipace_2024,departure,twin,f3a1d43b-789b-4c6c-8f11-3e3a6b3ab38f
22222222-2222-2222-2222-222222222222,2026-08-20T18:25:37.378401Z,c1b40f85-c4e3-40c7-afba-d1aec9ed876b,waymo_jaguar_ipace_2024,departure,twin,f3a1d43b-789b-4c6c-8f11-3e3a6b3ab38f
22222222-2222-2222-2222-222222222222,2026-08-20T18:25:37.378401Z,cef7d122-6498-4555-8eba-8a6d51644d74,tesla_model_y_robotaxi_2024,departure,twin,f3a1d43b-789b-4c6c-8f11-3e3a6b3ab38f
22222222-2222-2222-2222-222222222222,2026-08-20T18:25:37.378401Z,c433a36d-8782-46b2-b128-3e345bcbd186,waymo_jaguar_ipace_2024,departure,twin,f3a1d43b-789b-4c6c-8f11-3e3a6b3ab38f
22222222-2222-2222-2222-222222222222,2026-08-20T18:25:37.378401Z,ddf31311-e84f-4ef4-915a-c5ed82ae29ff,waymo_jaguar_ipace_2024,departure,twin,f3a1d43b-789b-4c6c-8f11-3e3a6b3ab38f
22222222-2222-2222-2222-222222222222,2026-08-20T18:25:37.378401Z,f1776816-85e4-4ed0-8890-fe115c1c9f73,waymo_jaguar_ipace_2024,departure,twin,f3a1d43b-789b-4c6c-8f11-3e3a6b3ab38f
22222222-2222-2222-2222-222222222222,2026-08-20T18:25:37.378401Z,2879307e-1fde-41ca-9309-d0aa11357436,waymo_jaguar_ipace_2024,departure,twin,f3a1d43b-789b-4c6c-8f11-3e3a6b3ab38f
22222222-2222-2222-2222-222222222222,2026-08-20T18:25:37.378401Z,32a91a14-aac6-4c58-924e-e61a6766978b,waymo_jaguar_ipace_2024,departure,twin,f3a1d43b-789b-4c6c-8f11-3e3a6b3ab38f
22222222-2222-2222-2222-222222222222,2026-08-20T18:25:37.378401Z,51766e8e-fe42-436d-b37a-10215bdb6798,waymo_jaguar_ipace_2024,departure,twin,f3a1d43b-789b-4c6c-8f11-3e3a6b3ab38f
22222222-2222-2222-2222-222222222222,2026-08-20T18:25:37.378401Z,5b8524d6-260b-448c-a9ae-9e18e9cada45,waymo_jaguar_ipace_2024,departure,twin,f3a1d43b-789b-4c6c-8f11-3e3a6b3ab38f
22222222-2222-2222-2222-222222222222,2026-08-20T18:25:37.378401Z,618e0836-b6e1-459d-9955-38857bf1cbff,waymo_jaguar_ipace_2024,departure,twin,f3a1d43b-789b-4c6c-8f11-3e3a6b3ab38f
22222222-2222-2222-2222-222222222222,2026-08-20T18:25:37.378401Z,8ed8211d-aaa2-4051-b116-8f9f2501fc51,waymo_jaguar_ipace_2024,departure,twin,f3a1d43b-789b-4c6c-8f11-3e3a6b3ab38f
22222222-2222-2222-2222-222222222222,2026-08-20T18:25:37.378401Z,9240c4c6-422b-4ac5-b65d-321faac569ce,waymo_jaguar_ipace_2024,departure,twin,f3a1d43b-789b-4c6c-8f11-3e3a6b3ab38f
22222222-2222-2222-2222-222222222222,2026-08-20T18:25:37.378401Z,03812c6f-407b-4782-858f-c15cdbaf8de7,waymo_jaguar_ipace_2024,departure,twin,f3a1d43b-789b-4c6c-8f11-3e3a6b3ab38f
22222222-2222-2222-2222-222222222222,2026-08-20T18:25:37.378401Z,64710503-d52c-42ae-bddf-53aec572c4d9,waymo_jaguar_ipace_2024,departure,twin,f3a1d43b-789b-4c6c-8f11-3e3a6b3ab38f
22222222-2222-2222-2222-222222222222,2026-08-20T18:25:37.378401Z,661b3e46-d875-466f-bedd-605fd87ac4d7,waymo_jaguar_ipace_2024,departure,twin,f3a1d43b-789b-4c6c-8f11-3e3a6b3ab38f
22222222-2222-2222-2222-222222222222,2026-08-20T18:25:37.378401Z,970832d1-8185-4eb5-8d10-c1cbe44c9283,waymo_jaguar_ipace_2024,departure,twin,f3a1d43b-789b-4c6c-8f11-3e3a6b3ab38f
22222222-2222-2222-2222-222222222222,2026-08-20T18:25:37.378401Z,bfc95659-513d-4d55-b665-525b9e9e14e5,waymo_jaguar_ipace_2024,departure,twin,f3a1d43b-789b-4c6c-8f11-3e3a6b3ab38f
22222222-2222-2222-2222-222222222222,2026-08-20T18:27:43.353948Z,03812c6f-407b-4782-858f-c15cdbaf8de7,waymo_jaguar_ipace_2024,departure,twin,3b8043ab-f070-4353-a3af-d47619a9eff5
22222222-2222-2222-2222-222222222222,2026-08-20T18:27:43.353948Z,1aacf90d-d4e1-415e-ba09-603c306dffef,zoox_robotaxi_2024,departure,twin,3b8043ab-f070-4353-a3af-d47619a9eff5
22222222-2222-2222-2222-222222222222,2026-08-20T18:27:43.353948Z,1c9aff71-a240-4bfe-b55a-d0eaa2ec6116,tesla_model_y_robotaxi_2024,departure,twin,3b8043ab-f070-4353-a3af-d47619a9eff5
22222222-2222-2222-2222-222222222222,2026-08-20T18:27:43.353948Z,27be18c4-bd2e-44ac-9eb5-1d1edc2809b7,zoox_robotaxi_2024,departure,twin,3b8043ab-f070-4353-a3af-d47619a9eff5
22222222-2222-2222-2222-222222222222,2026-08-20T18:27:43.353948Z,32a91a14-aac6-4c58-924e-e61a6766978b,waymo_jaguar_ipace_2024,departure,twin,3b8043ab-f070-4353-a3af-d47619a9eff5
22222222-2222-2222-2222-222222222222,2026-08-20T18:27:43.353948Z,45c66200-75cd-4f06-a41f-6534e1c311aa,zoox_robotaxi_2024,departure,twin,3b8043ab-f070-4353-a3af-d47619a9eff5
22222222-2222-2222-2222-222222222222,2026-08-20T18:27:43.353948Z,4732bf55-398f-4430-bc4c-0d14d4b89e2e,waymo_jaguar_ipace_2024,departure,twin,3b8043ab-f070-4353-a3af-d47619a9eff5
22222222-2222-2222-2222-222222222222,2026-08-20T18:27:43.353948Z,6860a969-bb88-416f-a3bf-545884f04aa8,waymo_jaguar_ipace_2024,departure,twin,3b8043ab-f070-4353-a3af-d47619a9eff5
22222222-2222-2222-2222-222222222222,2026-08-20T18:27:43.353948Z,8e00a933-eb0f-4d8e-9a0a-1d5b47ae95ed,zoox_robotaxi_2024,departure,twin,3b8043ab-f070-4353-a3af-d47619a9eff5
22222222-2222-2222-2222-222222222222,2026-08-20T18:27:43.353948Z,970832d1-8185-4eb5-8d10-c1cbe44c9283,waymo_jaguar_ipace_2024,departure,twin,3b8043ab-f070-4353-a3af-d47619a9eff5
22222222-2222-2222-2222-222222222222,2026-08-20T18:27:43.353948Z,c8663fd7-b423-4398-9a18-a2ba5310feb7,tesla_model_y_robotaxi_2024,departure,twin,3b8043ab-f070-4353-a3af-d47619a9eff5
22222222-2222-2222-2222-222222222222,2026-08-20T18:27:43.353948Z,c98ef465-ea69-4da9-a0a8-55a9842b570b,zoox_robotaxi_2024,departure,twin,3b8043ab-f070-4353-a3af-d47619a9eff5
22222222-2222-2222-2222-222222222222,2026-08-20T18:27:43.353948Z,00d5597b-d714-470c-b86c-95e8f4f600ce,waymo_jaguar_ipace_2024,departure,twin,3b8043ab-f070-4353-a3af-d47619a9eff5
22222222-2222-2222-2222-222222222222,2026-08-20T18:27:43.353948Z,01b10692-0e0e-42c5-9889-f461f60471cf,zoox_robotaxi_2024,departure,twin,3b8043ab-f070-4353-a3af-d47619a9eff5
22222222-2222-2222-2222-222222222222,2026-08-20T18:27:43.353948Z,02734f04-7f30-40eb-beb2-36e5d401c697,zoox_robotaxi_2024,departure,twin,3b8043ab-f070-4353-a3af-d47619a9eff5
22222222-2222-2222-2222-222222222222,2026-08-20T18:27:43.353948Z,02f1a60b-27e8-46a3-831b-d9232cc510a0,tesla_model_y_robotaxi_2024,departure,twin,3b8043ab-f070-4353-a3af-d47619a9eff5
22222222-2222-2222-2222-222222222222,2026-08-20T18:27:43.353948Z,053b8abd-e2b6-4b19-9bfc-314430947773,waymo_jaguar_ipace_2024,departure,twin,3b8043ab-f070-4353-a3af-d47619a9eff5
22222222-2222-2222-2222-222222222222,2026-08-20T18:27:43.353948Z,0b8d2e11-fac3-40f3-883e-1d37cb7e6da5,waymo_jaguar_ipace_2024,departure,twin,3b8043ab-f070-4353-a3af-d47619a9eff5
22222222-2222-2222-2222-222222222222,2026-08-20T18:27:43.353948Z,0bfd4d59-44f9-4a57-8c06-51bc00a2a6b9,tesla_model_y_robotaxi_2024,departure,twin,3b8043ab-f070-4353-a3af-d47619a9eff5
22222222-2222-2222-2222-222222222222,2026-08-20T18:27:43.353948Z,10b4f941-b257-4571-948d-cc7b72d0fb52,tesla_model_y_robotaxi_2024,departure,twin,3b8043ab-f070-4353-a3af-d47619a9eff5
22222222-2222-2222-2222-222222222222,2026-08-20T18:27:43.353948Z,138f4a23-c5c8-4b89-96a0-c72ebb6aee0c,tesla_model_y_robotaxi_2024,departure,twin,3b8043ab-f070-4353-a3af-d47619a9eff5
22222222-2222-2222-2222-222222222222,2026-08-20T18:27:43.353948Z,14b02ad9-b6f6-4a74-867c-2a6ba9daf8e0,waymo_jaguar_ipace_2024,departure,twin,3b8043ab-f070-4353-a3af-d47619a9eff5
22222222-2222-2222-2222-222222222222,2026-08-20T18:27:43.353948Z,1520dd3c-3658-4cd5-ad83-8c73c35e97c9,tesla_model_y_robotaxi_2024,departure,twin,3b8043ab-f070-4353-a3af-d47619a9eff5
22222222-2222-2222-2222-222222222222,2026-08-20T18:27:43.353948Z,1973c5a4-5670-46fa-bbe2-5f6a3a1d0c6a,zoox_robotaxi_2024,departure,twin,3b8043ab-f070-4353-a3af-d47619a9eff5
22222222-2222-2222-2222-222222222222,2026-08-20T18:27:43.353948Z,1ea6a5d7-862d-44cc-a387-86cea6bc4fe4,tesla_model_y_robotaxi_2024,departure,twin,3b8043ab-f070-4353-a3af-d47619a9eff5
22222222-2222-2222-2222-222222222222,2026-08-20T18:27:43.353948Z,2547bf99-05c5-4055-9daa-c9e2a99da11d,tesla_model_y_robotaxi_2024,departure,twin,3b8043ab-f070-4353-a3af-d47619a9eff5
22222222-2222-2222-2222-222222222222,2026-08-20T18:27:43.353948Z,2879307e-1fde-41ca-9309-d0aa11357436,waymo_jaguar_ipace_2024,departure,twin,3b8043ab-f070-4353-a3af-d47619a9eff5
22222222-2222-2222-2222-222222222222,2026-08-20T18:27:43.353948Z,2be09ec0-e78a-4cd8-9f80-fceeb1c33e71,tesla_model_y_robotaxi_2024,departure,twin,3b8043ab-f070-4353-a3af-d47619a9eff5
22222222-2222-2222-2222-222222222222,2026-08-20T18:27:43.353948Z,32b62034-d7c6-4dbd-b9a4-78e708ec4c1c,waymo_jaguar_ipace_2024,departure,twin,3b8043ab-f070-4353-a3af-d47619a9eff5
22222222-2222-2222-2222-222222222222,2026-08-20T18:27:43.353948Z,36ff94e5-663b-408d-bebc-3d56508d4996,tesla_model_y_robotaxi_2024,departure,twin,3b8043ab-f070-4353-a3af-d47619a9eff5
22222222-2222-2222-2222-222222222222,2026-08-20T18:27:43.353948Z,3b6f1eb7-15f4-48e5-956c-9b261b9fcae1,waymo_jaguar_ipace_2024,departure,twin,3b8043ab-f070-4353-a3af-d47619a9eff5
22222222-2222-2222-2222-222222222222,2026-08-20T18:27:43.353948Z,4374f6a6-aa2e-4298-8fa2-1b30da90280e,zoox_robotaxi_2024,departure,twin,3b8043ab-f070-4353-a3af-d47619a9eff5
22222222-2222-2222-2222-222222222222,2026-08-20T18:27:43.353948Z,464c07e3-3699-4238-90d6-ea1325d0b36c,tesla_model_y_robotaxi_2024,departure,twin,3b8043ab-f070-4353-a3af-d47619a9eff5
22222222-2222-2222-2222-222222222222,2026-08-20T18:27:43.353948Z,48ad6e64-7e84-4de3-8c0c-9d3abfaadb8d,waymo_jaguar_ipace_2024,departure,twin,3b8043ab-f070-4353-a3af-d47619a9eff5
22222222-2222-2222-2222-222222222222,2026-08-20T18:27:43.353948Z,4992b1fa-fc81-445e-a203-657094d89f18,waymo_jaguar_ipace_2024,departure,twin,3b8043ab-f070-4353-a3af-d47619a9eff5
22222222-2222-2222-2222-222222222222,2026-08-20T18:27:43.353948Z,4a35c33f-b875-4cc6-a54d-85060633b711,waymo_jaguar_ipace_2024,departure,twin,3b8043ab-f070-4353-a3af-d47619a9eff5
22222222-2222-2222-2222-222222222222,2026-08-20T18:27:43.353948Z,51766e8e-fe42-436d-b37a-10215bdb6798,waymo_jaguar_ipace_2024,departure,twin,3b8043ab-f070-4353-a3af-d47619a9eff5
22222222-2222-2222-2222-222222222222,2026-08-20T18:27:43.353948Z,53e3dc12-2d7e-4d7b-8dbf-79a5eeef13ce,tesla_model_y_robotaxi_2024,departure,twin,3b8043ab-f070-4353-a3af-d47619a9eff5
22222222-2222-2222-2222-222222222222,2026-08-20T18:27:43.353948Z,55a6bddc-f019-4989-a335-81cbde15b44e,zoox_robotaxi_2024,departure,twin,3b8043ab-f070-4353-a3af-d47619a9eff5
22222222-2222-2222-2222-222222222222,2026-08-20T18:27:43.353948Z,5b8524d6-260b-448c-a9ae-9e18e9cada45,waymo_jaguar_ipace_2024,departure,twin,3b8043ab-f070-4353-a3af-d47619a9eff5
22222222-2222-2222-2222-222222222222,2026-08-20T18:27:43.353948Z,5dfd9db9-4262-4a7f-8f7e-055ce7a5e426,tesla_model_y_robotaxi_2024,departure,twin,3b8043ab-f070-4353-a3af-d47619a9eff5
22222222-2222-2222-2222-222222222222,2026-08-20T18:27:43.353948Z,5e4b54f6-ba19-4a30-9d26-2a4ed4810d6e,waymo_jaguar_ipace_2024,departure,twin,3b8043ab-f070-4353-a3af-d47619a9eff5
22222222-2222-2222-2222-222222222222,2026-08-20T18:27:43.353948Z,618e0836-b6e1-459d-9955-38857bf1cbff,waymo_jaguar_ipace_2024,departure,twin,3b8043ab-f070-4353-a3af-d47619a9eff5
22222222-2222-2222-2222-222222222222,2026-08-20T18:27:43.353948Z,64710503-d52c-42ae-bddf-53aec572c4d9,waymo_jaguar_ipace_2024,departure,twin,3b8043ab-f070-4353-a3af-d47619a9eff5
22222222-2222-2222-2222-222222222222,2026-08-20T18:27:43.353948Z,661b3e46-d875-466f-bedd-605fd87ac4d7,waymo_jaguar_ipace_2024,departure,twin,3b8043ab-f070-4353-a3af-d47619a9eff5
22222222-2222-2222-2222-222222222222,2026-08-20T18:27:43.353948Z,695b1879-46d1-4c5b-a76a-a6809490ec65,zoox_robotaxi_2024,departure,twin,3b8043ab-f070-4353-a3af-d47619a9eff5
22222222-2222-2222-2222-222222222222,2026-08-20T18:27:43.353948Z,6bff9287-c9b9-49e3-a94f-36b3543a8b9c,zoox_robotaxi_2024,departure,twin,3b8043ab-f070-4353-a3af-d47619a9eff5
22222222-2222-2222-2222-222222222222,2026-08-20T18:27:43.353948Z,6e5c4806-1191-4b8b-b750-d38231213a1b,tesla_model_y_robotaxi_2024,departure,twin,3b8043ab-f070-4353-a3af-d47619a9eff5
22222222-2222-2222-2222-222222222222,2026-08-20T18:27:43.353948Z,7026f086-5ec4-485c-ae41-87bee8f181f1,waymo_jaguar_ipace_2024,departure,twin,3b8043ab-f070-4353-a3af-d47619a9eff5
22222222-2222-2222-2222-222222222222,2026-08-20T18:27:43.353948Z,78ee0dfd-ba9e-430c-b753-2c589c9183f2,zoox_robotaxi_2024,departure,twin,3b8043ab-f070-4353-a3af-d47619a9eff5
22222222-2222-2222-2222-222222222222,2026-08-20T18:27:43.353948Z,838200a0-b464-4eb0-9cab-faaee1f80b5a,zoox_robotaxi_2024,departure,twin,3b8043ab-f070-4353-a3af-d47619a9eff5
22222222-2222-2222-2222-222222222222,2026-08-20T18:27:43.353948Z,87b6dc31-cb87-4327-83d5-7ac9ffdf4988,zoox_robotaxi_2024,departure,twin,3b8043ab-f070-4353-a3af-d47619a9eff5
22222222-2222-2222-2222-222222222222,2026-08-20T18:27:43.353948Z,890bef23-55ab-4001-aceb-538b3633cc73,zoox_robotaxi_2024,departure,twin,3b8043ab-f070-4353-a3af-d47619a9eff5
22222222-2222-2222-2222-222222222222,2026-08-20T18:27:43.353948Z,8ed8211d-aaa2-4051-b116-8f9f2501fc51,waymo_jaguar_ipace_2024,departure,twin,3b8043ab-f070-4353-a3af-d47619a9eff5
22222222-2222-2222-2222-222222222222,2026-08-20T18:27:43.353948Z,9240c4c6-422b-4ac5-b65d-321faac569ce,waymo_jaguar_ipace_2024,departure,twin,3b8043ab-f070-4353-a3af-d47619a9eff5
22222222-2222-2222-2222-222222222222,2026-08-20T18:27:43.353948Z,964bd583-6d45-459b-8bca-4c415c0993d3,tesla_model_y_robotaxi_2024,departure,twin,3b8043ab-f070-4353-a3af-d47619a9eff5
22222222-2222-2222-2222-222222222222,2026-08-20T18:27:43.353948Z,983002e6-790f-4e92-9722-b034571c7f47,waymo_jaguar_ipace_2024,departure,twin,3b8043ab-f070-4353-a3af-d47619a9eff5
22222222-2222-2222-2222-222222222222,2026-08-20T18:27:43.353948Z,98899633-be7c-42cb-9046-56321fb60f9d,zoox_robotaxi_2024,departure,twin,3b8043ab-f070-4353-a3af-d47619a9eff5
22222222-2222-2222-2222-222222222222,2026-08-20T18:27:43.353948Z,9926e267-5f69-4b21-b3ab-b4b3239c1b3b,zoox_robotaxi_2024,departure,twin,3b8043ab-f070-4353-a3af-d47619a9eff5
22222222-2222-2222-2222-222222222222,2026-08-20T18:27:43.353948Z,99860ea8-ecf6-4bb7-8a59-52db6e90e8d9,waymo_jaguar_ipace_2024,departure,twin,3b8043ab-f070-4353-a3af-d47619a9eff5
22222222-2222-2222-2222-222222222222,2026-08-20T18:27:43.353948Z,9e9193b9-e6e9-4f2a-8eaf-bc5dfceec4a2,zoox_robotaxi_2024,departure,twin,3b8043ab-f070-4353-a3af-d47619a9eff5
22222222-2222-2222-2222-222222222222,2026-08-20T18:27:43.353948Z,9ec6cbc8-535e-4984-8fe2-1ac46abb9e00,waymo_jaguar_ipace_2024,departure,twin,3b8043ab-f070-4353-a3af-d47619a9eff5
22222222-2222-2222-2222-222222222222,2026-08-20T18:27:43.353948Z,a5af28d4-d135-4617-a379-d20cf703d54d,tesla_model_y_robotaxi_2024,departure,twin,3b8043ab-f070-4353-a3af-d47619a9eff5
22222222-2222-2222-2222-222222222222,2026-08-20T18:27:43.353948Z,a6e9c009-82e7-4c32-b9be-d3feaad294ca,waymo_jaguar_ipace_2024,departure,twin,3b8043ab-f070-4353-a3af-d47619a9eff5
22222222-2222-2222-2222-222222222222,2026-08-20T18:27:43.353948Z,acba173d-89ed-4221-a7f7-52ae57693c67,tesla_model_y_robotaxi_2024,departure,twin,3b8043ab-f070-4353-a3af-d47619a9eff5
22222222-2222-2222-2222-222222222222,2026-08-20T18:27:43.353948Z,b00dca0e-3209-478b-ad8b-7984d7b16a8c,zoox_robotaxi_2024,departure,twin,3b8043ab-f070-4353-a3af-d47619a9eff5
22222222-2222-2222-2222-222222222222,2026-08-20T18:27:43.353948Z,b41ab68e-d488-4102-ba08-502df168a1a1,waymo_jaguar_ipace_2024,departure,twin,3b8043ab-f070-4353-a3af-d47619a9eff5
22222222-2222-2222-2222-222222222222,2026-08-20T18:27:43.353948Z,b6e8b116-0650-4d3b-b4d7-d78bd454f7e0,tesla_model_y_robotaxi_2024,departure,twin,3b8043ab-f070-4353-a3af-d47619a9eff5
22222222-2222-2222-2222-222222222222,2026-08-20T18:27:43.353948Z,ba70312c-6d2b-4c96-92a9-86c31ca2ca63,tesla_model_y_robotaxi_2024,departure,twin,3b8043ab-f070-4353-a3af-d47619a9eff5
22222222-2222-2222-2222-222222222222,2026-08-20T18:27:43.353948Z,bfc95659-513d-4d55-b665-525b9e9e14e5,waymo_jaguar_ipace_2024,departure,twin,3b8043ab-f070-4353-a3af-d47619a9eff5
22222222-2222-2222-2222-222222222222,2026-08-20T18:27:43.353948Z,c1b40f85-c4e3-40c7-afba-d1aec9ed876b,waymo_jaguar_ipace_2024,departure,twin,3b8043ab-f070-4353-a3af-d47619a9eff5
22222222-2222-2222-2222-222222222222,2026-08-20T18:27:43.353948Z,c3f78336-f475-4d29-bf59-0261114066ef,tesla_model_y_robotaxi_2024,departure,twin,3b8043ab-f070-4353-a3af-d47619a9eff5
22222222-2222-2222-2222-222222222222,2026-08-20T18:27:43.353948Z,c433a36d-8782-46b2-b128-3e345bcbd186,waymo_jaguar_ipace_2024,departure,twin,3b8043ab-f070-4353-a3af-d47619a9eff5
22222222-2222-2222-2222-222222222222,2026-08-20T18:27:43.353948Z,c5a58859-4282-42de-b596-0a4f433e05f1,tesla_model_y_robotaxi_2024,departure,twin,3b8043ab-f070-4353-a3af-d47619a9eff5
22222222-2222-2222-2222-222222222222,2026-08-20T18:27:43.353948Z,c867df46-fe1c-420c-89cd-39acad72790e,zoox_robotaxi_2024,departure,twin,3b8043ab-f070-4353-a3af-d47619a9eff5
22222222-2222-2222-2222-222222222222,2026-08-20T18:27:43.353948Z,c97a907b-eb50-49d4-81d2-ed38c1ab2616,zoox_robotaxi_2024,departure,twin,3b8043ab-f070-4353-a3af-d47619a9eff5
22222222-2222-2222-2222-222222222222,2026-08-20T18:27:43.353948Z,cef7d122-6498-4555-8eba-8a6d51644d74,tesla_model_y_robotaxi_2024,departure,twin,3b8043ab-f070-4353-a3af-d47619a9eff5
22222222-2222-2222-2222-222222222222,2026-08-20T18:27:43.353948Z,dbade82d-51ef-40bf-b21b-8103ad487d91,tesla_model_y_robotaxi_2024,departure,twin,3b8043ab-f070-4353-a3af-d47619a9eff5
22222222-2222-2222-2222-222222222222,2026-08-20T18:27:43.353948Z,ddf31311-e84f-4ef4-915a-c5ed82ae29ff,waymo_jaguar_ipace_2024,departure,twin,3b8043ab-f070-4353-a3af-d47619a9eff5
22222222-2222-2222-2222-222222222222,2026-08-20T18:27:43.353948Z,e7c0498e-4f61-474f-8934-8864c090cefd,waymo_jaguar_ipace_2024,departure,twin,3b8043ab-f070-4353-a3af-d47619a9eff5
22222222-2222-2222-2222-222222222222,2026-08-20T18:27:43.353948Z,e91eda35-7043-4ba9-8a16-972b2cc07e39,zoox_robotaxi_2024,departure,twin,3b8043ab-f070-4353-a3af-d47619a9eff5
22222222-2222-2222-2222-222222222222,2026-08-20T18:27:43.353948Z,f1776816-85e4-4ed0-8890-fe115c1c9f73,waymo_jaguar_ipace_2024,departure,twin,3b8043ab-f070-4353-a3af-d47619a9eff5
22222222-2222-2222-2222-222222222222,2026-08-20T18:27:43.353948Z,f366ac68-5b23-49e7-8d02-0ade68526c5e,zoox_robotaxi_2024,departure,twin,3b8043ab-f070-4353-a3af-d47619a9eff5
22222222-2222-2222-2222-222222222222,2026-08-20T18:27:43.353948Z,f72a1d21-3532-40ca-a69e-8ef5a4be38a0,zoox_robotaxi_2024,departure,twin,3b8043ab-f070-4353-a3af-d47619a9eff5
22222222-2222-2222-2222-222222222222,2026-08-20T18:27:43.353948Z,f7940696-0800-49d0-9405-e1bae1f790e5,zoox_robotaxi_2024,departure,twin,3b8043ab-f070-4353-a3af-d47619a9eff5
22222222-2222-2222-2222-222222222222,2026-08-20T18:32:45.137031Z,00d5597b-d714-470c-b86c-95e8f4f600ce,waymo_jaguar_ipace_2024,departure,twin,086a0a79-7c53-4ff6-8bba-3be0032e8db8
22222222-2222-2222-2222-222222222222,2026-08-20T18:32:45.137031Z,138f4a23-c5c8-4b89-96a0-c72ebb6aee0c,tesla_model_y_robotaxi_2024,departure,twin,086a0a79-7c53-4ff6-8bba-3be0032e8db8
22222222-2222-2222-2222-222222222222,2026-08-20T18:32:45.137031Z,02734f04-7f30-40eb-beb2-36e5d401c697,zoox_robotaxi_2024,departure,twin,086a0a79-7c53-4ff6-8bba-3be0032e8db8
22222222-2222-2222-2222-222222222222,2026-08-20T18:32:45.137031Z,02f1a60b-27e8-46a3-831b-d9232cc510a0,tesla_model_y_robotaxi_2024,departure,twin,086a0a79-7c53-4ff6-8bba-3be0032e8db8
22222222-2222-2222-2222-222222222222,2026-08-20T18:32:45.137031Z,03812c6f-407b-4782-858f-c15cdbaf8de7,waymo_jaguar_ipace_2024,departure,twin,086a0a79-7c53-4ff6-8bba-3be0032e8db8
22222222-2222-2222-2222-222222222222,2026-08-20T18:32:45.137031Z,053b8abd-e2b6-4b19-9bfc-314430947773,waymo_jaguar_ipace_2024,departure,twin,086a0a79-7c53-4ff6-8bba-3be0032e8db8
22222222-2222-2222-2222-222222222222,2026-08-20T18:32:45.137031Z,0b8d2e11-fac3-40f3-883e-1d37cb7e6da5,waymo_jaguar_ipace_2024,departure,twin,086a0a79-7c53-4ff6-8bba-3be0032e8db8
22222222-2222-2222-2222-222222222222,2026-08-20T18:32:45.137031Z,0bfd4d59-44f9-4a57-8c06-51bc00a2a6b9,tesla_model_y_robotaxi_2024,departure,twin,086a0a79-7c53-4ff6-8bba-3be0032e8db8
22222222-2222-2222-2222-222222222222,2026-08-20T18:32:45.137031Z,0d13e7d4-4707-44be-a233-8a3e849a23c5,waymo_jaguar_ipace_2024,departure,twin,086a0a79-7c53-4ff6-8bba-3be0032e8db8
22222222-2222-2222-2222-222222222222,2026-08-20T18:32:45.137031Z,14b02ad9-b6f6-4a74-867c-2a6ba9daf8e0,waymo_jaguar_ipace_2024,departure,twin,086a0a79-7c53-4ff6-8bba-3be0032e8db8
22222222-2222-2222-2222-222222222222,2026-08-20T18:32:45.137031Z,1520dd3c-3658-4cd5-ad83-8c73c35e97c9,tesla_model_y_robotaxi_2024,departure,twin,086a0a79-7c53-4ff6-8bba-3be0032e8db8
22222222-2222-2222-2222-222222222222,2026-08-20T18:32:45.137031Z,1973c5a4-5670-46fa-bbe2-5f6a3a1d0c6a,zoox_robotaxi_2024,departure,twin,086a0a79-7c53-4ff6-8bba-3be0032e8db8
22222222-2222-2222-2222-222222222222,2026-08-20T18:32:45.137031Z,19b9bcf6-0586-4238-b70e-9ce1d490efe9,zoox_robotaxi_2024,departure,twin,086a0a79-7c53-4ff6-8bba-3be0032e8db8
22222222-2222-2222-2222-222222222222,2026-08-20T18:32:45.137031Z,1aacf90d-d4e1-415e-ba09-603c306dffef,zoox_robotaxi_2024,departure,twin,086a0a79-7c53-4ff6-8bba-3be0032e8db8
22222222-2222-2222-2222-222222222222,2026-08-20T18:32:45.137031Z,1ea6a5d7-862d-44cc-a387-86cea6bc4fe4,tesla_model_y_robotaxi_2024,departure,twin,086a0a79-7c53-4ff6-8bba-3be0032e8db8
22222222-2222-2222-2222-222222222222,2026-08-20T18:32:45.137031Z,25061aa9-5a61-481b-acee-0aa08dd7066f,tesla_model_y_robotaxi_2024,departure,twin,086a0a79-7c53-4ff6-8bba-3be0032e8db8
22222222-2222-2222-2222-222222222222,2026-08-20T18:32:45.137031Z,2547bf99-05c5-4055-9daa-c9e2a99da11d,tesla_model_y_robotaxi_2024,departure,twin,086a0a79-7c53-4ff6-8bba-3be0032e8db8
22222222-2222-2222-2222-222222222222,2026-08-20T18:32:45.137031Z,27be18c4-bd2e-44ac-9eb5-1d1edc2809b7,zoox_robotaxi_2024,departure,twin,086a0a79-7c53-4ff6-8bba-3be0032e8db8
22222222-2222-2222-2222-222222222222,2026-08-20T18:32:45.137031Z,2879307e-1fde-41ca-9309-d0aa11357436,waymo_jaguar_ipace_2024,departure,twin,086a0a79-7c53-4ff6-8bba-3be0032e8db8
22222222-2222-2222-2222-222222222222,2026-08-20T18:32:45.137031Z,2be09ec0-e78a-4cd8-9f80-fceeb1c33e71,tesla_model_y_robotaxi_2024,departure,twin,086a0a79-7c53-4ff6-8bba-3be0032e8db8
22222222-2222-2222-2222-222222222222,2026-08-20T18:32:45.137031Z,32a91a14-aac6-4c58-924e-e61a6766978b,waymo_jaguar_ipace_2024,departure,twin,086a0a79-7c53-4ff6-8bba-3be0032e8db8
22222222-2222-2222-2222-222222222222,2026-08-20T18:32:45.137031Z,3b6f1eb7-15f4-48e5-956c-9b261b9fcae1,waymo_jaguar_ipace_2024,departure,twin,086a0a79-7c53-4ff6-8bba-3be0032e8db8
22222222-2222-2222-2222-222222222222,2026-08-20T18:32:45.137031Z,3e88b963-abb9-415c-9637-fa8002b0074d,waymo_jaguar_ipace_2024,departure,twin,086a0a79-7c53-4ff6-8bba-3be0032e8db8
22222222-2222-2222-2222-222222222222,2026-08-20T18:32:45.137031Z,3fc2148f-fe15-42b9-8e9a-619351c746e4,waymo_jaguar_ipace_2024,departure,twin,086a0a79-7c53-4ff6-8bba-3be0032e8db8
22222222-2222-2222-2222-222222222222,2026-08-20T18:32:45.137031Z,4374f6a6-aa2e-4298-8fa2-1b30da90280e,zoox_robotaxi_2024,departure,twin,086a0a79-7c53-4ff6-8bba-3be0032e8db8
22222222-2222-2222-2222-222222222222,2026-08-20T18:32:45.137031Z,45c66200-75cd-4f06-a41f-6534e1c311aa,zoox_robotaxi_2024,departure,twin,086a0a79-7c53-4ff6-8bba-3be0032e8db8
22222222-2222-2222-2222-222222222222,2026-08-20T18:32:45.137031Z,4732bf55-398f-4430-bc4c-0d14d4b89e2e,waymo_jaguar_ipace_2024,departure,twin,086a0a79-7c53-4ff6-8bba-3be0032e8db8
22222222-2222-2222-2222-222222222222,2026-08-20T18:32:45.137031Z,48ad6e64-7e84-4de3-8c0c-9d3abfaadb8d,waymo_jaguar_ipace_2024,departure,twin,086a0a79-7c53-4ff6-8bba-3be0032e8db8
22222222-2222-2222-2222-222222222222,2026-08-20T18:32:45.137031Z,4992b1fa-fc81-445e-a203-657094d89f18,waymo_jaguar_ipace_2024,departure,twin,086a0a79-7c53-4ff6-8bba-3be0032e8db8
22222222-2222-2222-2222-222222222222,2026-08-20T18:32:45.137031Z,4a35c33f-b875-4cc6-a54d-85060633b711,waymo_jaguar_ipace_2024,departure,twin,086a0a79-7c53-4ff6-8bba-3be0032e8db8
22222222-2222-2222-2222-222222222222,2026-08-20T18:32:45.137031Z,4cd2b777-e994-41b3-8542-fdf0f5d88189,waymo_jaguar_ipace_2024,departure,twin,086a0a79-7c53-4ff6-8bba-3be0032e8db8
22222222-2222-2222-2222-222222222222,2026-08-20T18:32:45.137031Z,4ce2666e-66b5-4053-9b4c-c8ad06a46557,tesla_model_y_robotaxi_2024,departure,twin,086a0a79-7c53-4ff6-8bba-3be0032e8db8
22222222-2222-2222-2222-222222222222,2026-08-20T18:32:45.137031Z,4f558f2c-7f46-4c12-8a13-351371d828b6,waymo_jaguar_ipace_2024,departure,twin,086a0a79-7c53-4ff6-8bba-3be0032e8db8
22222222-2222-2222-2222-222222222222,2026-08-20T18:32:45.137031Z,51766e8e-fe42-436d-b37a-10215bdb6798,waymo_jaguar_ipace_2024,departure,twin,086a0a79-7c53-4ff6-8bba-3be0032e8db8
22222222-2222-2222-2222-222222222222,2026-08-20T18:32:45.137031Z,524312ab-2416-46fd-aebb-34d785ef7da6,waymo_jaguar_ipace_2024,departure,twin,086a0a79-7c53-4ff6-8bba-3be0032e8db8
22222222-2222-2222-2222-222222222222,2026-08-20T18:32:45.137031Z,53e3dc12-2d7e-4d7b-8dbf-79a5eeef13ce,tesla_model_y_robotaxi_2024,departure,twin,086a0a79-7c53-4ff6-8bba-3be0032e8db8
22222222-2222-2222-2222-222222222222,2026-08-20T18:32:45.137031Z,55a6bddc-f019-4989-a335-81cbde15b44e,zoox_robotaxi_2024,departure,twin,086a0a79-7c53-4ff6-8bba-3be0032e8db8
22222222-2222-2222-2222-222222222222,2026-08-20T18:32:45.137031Z,5b8524d6-260b-448c-a9ae-9e18e9cada45,waymo_jaguar_ipace_2024,departure,twin,086a0a79-7c53-4ff6-8bba-3be0032e8db8
22222222-2222-2222-2222-222222222222,2026-08-20T18:32:45.137031Z,5e4b54f6-ba19-4a30-9d26-2a4ed4810d6e,waymo_jaguar_ipace_2024,departure,twin,086a0a79-7c53-4ff6-8bba-3be0032e8db8
22222222-2222-2222-2222-222222222222,2026-08-20T18:32:45.137031Z,618e0836-b6e1-459d-9955-38857bf1cbff,waymo_jaguar_ipace_2024,departure,twin,086a0a79-7c53-4ff6-8bba-3be0032e8db8
22222222-2222-2222-2222-222222222222,2026-08-20T18:32:45.137031Z,64710503-d52c-42ae-bddf-53aec572c4d9,waymo_jaguar_ipace_2024,departure,twin,086a0a79-7c53-4ff6-8bba-3be0032e8db8
22222222-2222-2222-2222-222222222222,2026-08-20T18:32:45.137031Z,661b3e46-d875-466f-bedd-605fd87ac4d7,waymo_jaguar_ipace_2024,departure,twin,086a0a79-7c53-4ff6-8bba-3be0032e8db8
22222222-2222-2222-2222-222222222222,2026-08-20T18:32:45.137031Z,6860a969-bb88-416f-a3bf-545884f04aa8,waymo_jaguar_ipace_2024,departure,twin,086a0a79-7c53-4ff6-8bba-3be0032e8db8
22222222-2222-2222-2222-222222222222,2026-08-20T18:32:45.137031Z,695b1879-46d1-4c5b-a76a-a6809490ec65,zoox_robotaxi_2024,departure,twin,086a0a79-7c53-4ff6-8bba-3be0032e8db8
22222222-2222-2222-2222-222222222222,2026-08-20T18:32:45.137031Z,6bff9287-c9b9-49e3-a94f-36b3543a8b9c,zoox_robotaxi_2024,departure,twin,086a0a79-7c53-4ff6-8bba-3be0032e8db8
22222222-2222-2222-2222-222222222222,2026-08-20T18:32:45.137031Z,6e5c4806-1191-4b8b-b750-d38231213a1b,tesla_model_y_robotaxi_2024,departure,twin,086a0a79-7c53-4ff6-8bba-3be0032e8db8
22222222-2222-2222-2222-222222222222,2026-08-20T18:32:45.137031Z,7026f086-5ec4-485c-ae41-87bee8f181f1,waymo_jaguar_ipace_2024,departure,twin,086a0a79-7c53-4ff6-8bba-3be0032e8db8
22222222-2222-2222-2222-222222222222,2026-08-20T18:32:45.137031Z,728d5880-36bc-4b47-b535-4544580ec303,tesla_model_y_robotaxi_2024,departure,twin,086a0a79-7c53-4ff6-8bba-3be0032e8db8
22222222-2222-2222-2222-222222222222,2026-08-20T18:32:45.137031Z,78ee0dfd-ba9e-430c-b753-2c589c9183f2,zoox_robotaxi_2024,departure,twin,086a0a79-7c53-4ff6-8bba-3be0032e8db8
22222222-2222-2222-2222-222222222222,2026-08-20T18:32:45.137031Z,838200a0-b464-4eb0-9cab-faaee1f80b5a,zoox_robotaxi_2024,departure,twin,086a0a79-7c53-4ff6-8bba-3be0032e8db8
22222222-2222-2222-2222-222222222222,2026-08-20T18:32:45.137031Z,87b6dc31-cb87-4327-83d5-7ac9ffdf4988,zoox_robotaxi_2024,departure,twin,086a0a79-7c53-4ff6-8bba-3be0032e8db8
22222222-2222-2222-2222-222222222222,2026-08-20T18:32:45.137031Z,890bef23-55ab-4001-aceb-538b3633cc73,zoox_robotaxi_2024,departure,twin,086a0a79-7c53-4ff6-8bba-3be0032e8db8
22222222-2222-2222-2222-222222222222,2026-08-20T18:32:45.137031Z,8d4890b5-dd19-4bf9-b7be-3ef918ff1653,waymo_jaguar_ipace_2024,departure,twin,086a0a79-7c53-4ff6-8bba-3be0032e8db8
22222222-2222-2222-2222-222222222222,2026-08-20T18:32:45.137031Z,8e00a933-eb0f-4d8e-9a0a-1d5b47ae95ed,zoox_robotaxi_2024,departure,twin,086a0a79-7c53-4ff6-8bba-3be0032e8db8
22222222-2222-2222-2222-222222222222,2026-08-20T18:32:45.137031Z,8ed8211d-aaa2-4051-b116-8f9f2501fc51,waymo_jaguar_ipace_2024,departure,twin,086a0a79-7c53-4ff6-8bba-3be0032e8db8
22222222-2222-2222-2222-222222222222,2026-08-20T18:32:45.137031Z,90c00fd5-03c2-4a5c-acdd-1fbcb709dfb2,tesla_model_y_robotaxi_2024,departure,twin,086a0a79-7c53-4ff6-8bba-3be0032e8db8
22222222-2222-2222-2222-222222222222,2026-08-20T18:32:45.137031Z,9240c4c6-422b-4ac5-b65d-321faac569ce,waymo_jaguar_ipace_2024,departure,twin,086a0a79-7c53-4ff6-8bba-3be0032e8db8
22222222-2222-2222-2222-222222222222,2026-08-20T18:32:45.137031Z,964bd583-6d45-459b-8bca-4c415c0993d3,tesla_model_y_robotaxi_2024,departure,twin,086a0a79-7c53-4ff6-8bba-3be0032e8db8
22222222-2222-2222-2222-222222222222,2026-08-20T18:32:45.137031Z,970832d1-8185-4eb5-8d10-c1cbe44c9283,waymo_jaguar_ipace_2024,departure,twin,086a0a79-7c53-4ff6-8bba-3be0032e8db8
22222222-2222-2222-2222-222222222222,2026-08-20T18:32:45.137031Z,983002e6-790f-4e92-9722-b034571c7f47,waymo_jaguar_ipace_2024,departure,twin,086a0a79-7c53-4ff6-8bba-3be0032e8db8
22222222-2222-2222-2222-222222222222,2026-08-20T18:32:45.137031Z,99860ea8-ecf6-4bb7-8a59-52db6e90e8d9,waymo_jaguar_ipace_2024,departure,twin,086a0a79-7c53-4ff6-8bba-3be0032e8db8
22222222-2222-2222-2222-222222222222,2026-08-20T18:32:45.137031Z,9e9193b9-e6e9-4f2a-8eaf-bc5dfceec4a2,zoox_robotaxi_2024,departure,twin,086a0a79-7c53-4ff6-8bba-3be0032e8db8
22222222-2222-2222-2222-222222222222,2026-08-20T18:32:45.137031Z,9ec6cbc8-535e-4984-8fe2-1ac46abb9e00,waymo_jaguar_ipace_2024,departure,twin,086a0a79-7c53-4ff6-8bba-3be0032e8db8
22222222-2222-2222-2222-222222222222,2026-08-20T18:32:45.137031Z,a5af28d4-d135-4617-a379-d20cf703d54d,tesla_model_y_robotaxi_2024,departure,twin,086a0a79-7c53-4ff6-8bba-3be0032e8db8
22222222-2222-2222-2222-222222222222,2026-08-20T18:32:45.137031Z,a6e9c009-82e7-4c32-b9be-d3feaad294ca,waymo_jaguar_ipace_2024,departure,twin,086a0a79-7c53-4ff6-8bba-3be0032e8db8
22222222-2222-2222-2222-222222222222,2026-08-20T18:32:45.137031Z,acba173d-89ed-4221-a7f7-52ae57693c67,tesla_model_y_robotaxi_2024,departure,twin,086a0a79-7c53-4ff6-8bba-3be0032e8db8
22222222-2222-2222-2222-222222222222,2026-08-20T18:32:45.137031Z,ad5abf3e-30c0-461f-b268-471bbe24986b,zoox_robotaxi_2024,departure,twin,086a0a79-7c53-4ff6-8bba-3be0032e8db8
22222222-2222-2222-2222-222222222222,2026-08-20T18:32:45.137031Z,b6e8b116-0650-4d3b-b4d7-d78bd454f7e0,tesla_model_y_robotaxi_2024,departure,twin,086a0a79-7c53-4ff6-8bba-3be0032e8db8
22222222-2222-2222-2222-222222222222,2026-08-20T18:32:45.137031Z,ba70312c-6d2b-4c96-92a9-86c31ca2ca63,tesla_model_y_robotaxi_2024,departure,twin,086a0a79-7c53-4ff6-8bba-3be0032e8db8
22222222-2222-2222-2222-222222222222,2026-08-20T18:32:45.137031Z,bfc95659-513d-4d55-b665-525b9e9e14e5,waymo_jaguar_ipace_2024,departure,twin,086a0a79-7c53-4ff6-8bba-3be0032e8db8
22222222-2222-2222-2222-222222222222,2026-08-20T18:32:45.137031Z,c1b40f85-c4e3-40c7-afba-d1aec9ed876b,waymo_jaguar_ipace_2024,departure,twin,086a0a79-7c53-4ff6-8bba-3be0032e8db8
22222222-2222-2222-2222-222222222222,2026-08-20T18:32:45.137031Z,c433a36d-8782-46b2-b128-3e345bcbd186,waymo_jaguar_ipace_2024,departure,twin,086a0a79-7c53-4ff6-8bba-3be0032e8db8
22222222-2222-2222-2222-222222222222,2026-08-20T18:32:45.137031Z,c8663fd7-b423-4398-9a18-a2ba5310feb7,tesla_model_y_robotaxi_2024,departure,twin,086a0a79-7c53-4ff6-8bba-3be0032e8db8
22222222-2222-2222-2222-222222222222,2026-08-20T18:32:45.137031Z,c867df46-fe1c-420c-89cd-39acad72790e,zoox_robotaxi_2024,departure,twin,086a0a79-7c53-4ff6-8bba-3be0032e8db8
22222222-2222-2222-2222-222222222222,2026-08-20T18:32:45.137031Z,c98ef465-ea69-4da9-a0a8-55a9842b570b,zoox_robotaxi_2024,departure,twin,086a0a79-7c53-4ff6-8bba-3be0032e8db8
22222222-2222-2222-2222-222222222222,2026-08-20T18:32:45.137031Z,cef7d122-6498-4555-8eba-8a6d51644d74,tesla_model_y_robotaxi_2024,departure,twin,086a0a79-7c53-4ff6-8bba-3be0032e8db8
22222222-2222-2222-2222-222222222222,2026-08-20T18:32:45.137031Z,dbade82d-51ef-40bf-b21b-8103ad487d91,tesla_model_y_robotaxi_2024,departure,twin,086a0a79-7c53-4ff6-8bba-3be0032e8db8
22222222-2222-2222-2222-222222222222,2026-08-20T18:32:45.137031Z,ddf31311-e84f-4ef4-915a-c5ed82ae29ff,waymo_jaguar_ipace_2024,departure,twin,086a0a79-7c53-4ff6-8bba-3be0032e8db8
22222222-2222-2222-2222-222222222222,2026-08-20T18:32:45.137031Z,e7c0498e-4f61-474f-8934-8864c090cefd,waymo_jaguar_ipace_2024,departure,twin,086a0a79-7c53-4ff6-8bba-3be0032e8db8
22222222-2222-2222-2222-222222222222,2026-08-20T18:32:45.137031Z,e91eda35-7043-4ba9-8a16-972b2cc07e39,zoox_robotaxi_2024,departure,twin,086a0a79-7c53-4ff6-8bba-3be0032e8db8
22222222-2222-2222-2222-222222222222,2026-08-20T18:32:45.137031Z,f1776816-85e4-4ed0-8890-fe115c1c9f73,waymo_jaguar_ipace_2024,departure,twin,086a0a79-7c53-4ff6-8bba-3be0032e8db8
22222222-2222-2222-2222-222222222222,2026-08-20T18:32:45.137031Z,f2cc320b-7543-47cf-a66d-37acee233f1b,tesla_model_y_robotaxi_2024,departure,twin,086a0a79-7c53-4ff6-8bba-3be0032e8db8
22222222-2222-2222-2222-222222222222,2026-08-20T18:32:45.137031Z,f366ac68-5b23-49e7-8d02-0ade68526c5e,zoox_robotaxi_2024,departure,twin,086a0a79-7c53-4ff6-8bba-3be0032e8db8
22222222-2222-2222-2222-222222222222,2026-08-20T18:32:45.137031Z,f72a1d21-3532-40ca-a69e-8ef5a4be38a0,zoox_robotaxi_2024,departure,twin,086a0a79-7c53-4ff6-8bba-3be0032e8db8
22222222-2222-2222-2222-222222222222,2026-08-20T18:32:45.137031Z,f7940696-0800-49d0-9405-e1bae1f790e5,zoox_robotaxi_2024,departure,twin,086a0a79-7c53-4ff6-8bba-3be0032e8db8
22222222-2222-2222-2222-222222222222,2026-08-20T18:33:45.566184Z,03812c6f-407b-4782-858f-c15cdbaf8de7,waymo_jaguar_ipace_2024,departure,twin,2010f408-d7c1-4bed-90ed-198fa3e90e87
22222222-2222-2222-2222-222222222222,2026-08-20T18:33:45.566184Z,32a91a14-aac6-4c58-924e-e61a6766978b,waymo_jaguar_ipace_2024,departure,twin,2010f408-d7c1-4bed-90ed-198fa3e90e87
22222222-2222-2222-2222-222222222222,2026-08-20T18:33:45.566184Z,4732bf55-398f-4430-bc4c-0d14d4b89e2e,waymo_jaguar_ipace_2024,departure,twin,2010f408-d7c1-4bed-90ed-198fa3e90e87
22222222-2222-2222-2222-222222222222,2026-08-20T18:33:45.566184Z,51766e8e-fe42-436d-b37a-10215bdb6798,waymo_jaguar_ipace_2024,departure,twin,2010f408-d7c1-4bed-90ed-198fa3e90e87
22222222-2222-2222-2222-222222222222,2026-08-20T18:33:45.566184Z,7026f086-5ec4-485c-ae41-87bee8f181f1,waymo_jaguar_ipace_2024,departure,twin,2010f408-d7c1-4bed-90ed-198fa3e90e87
22222222-2222-2222-2222-222222222222,2026-08-20T18:33:45.566184Z,9240c4c6-422b-4ac5-b65d-321faac569ce,waymo_jaguar_ipace_2024,departure,twin,2010f408-d7c1-4bed-90ed-198fa3e90e87
22222222-2222-2222-2222-222222222222,2026-08-20T18:33:45.566184Z,970832d1-8185-4eb5-8d10-c1cbe44c9283,waymo_jaguar_ipace_2024,departure,twin,2010f408-d7c1-4bed-90ed-198fa3e90e87
22222222-2222-2222-2222-222222222222,2026-08-20T18:33:45.566184Z,a6e9c009-82e7-4c32-b9be-d3feaad294ca,waymo_jaguar_ipace_2024,departure,twin,2010f408-d7c1-4bed-90ed-198fa3e90e87
22222222-2222-2222-2222-222222222222,2026-08-20T18:33:45.566184Z,01b10692-0e0e-42c5-9889-f461f60471cf,zoox_robotaxi_2024,departure,twin,2010f408-d7c1-4bed-90ed-198fa3e90e87
22222222-2222-2222-2222-222222222222,2026-08-20T18:33:45.566184Z,02734f04-7f30-40eb-beb2-36e5d401c697,zoox_robotaxi_2024,departure,twin,2010f408-d7c1-4bed-90ed-198fa3e90e87
22222222-2222-2222-2222-222222222222,2026-08-20T18:33:45.566184Z,1973c5a4-5670-46fa-bbe2-5f6a3a1d0c6a,zoox_robotaxi_2024,departure,twin,2010f408-d7c1-4bed-90ed-198fa3e90e87
22222222-2222-2222-2222-222222222222,2026-08-20T18:33:45.566184Z,19b9bcf6-0586-4238-b70e-9ce1d490efe9,zoox_robotaxi_2024,departure,twin,2010f408-d7c1-4bed-90ed-198fa3e90e87
22222222-2222-2222-2222-222222222222,2026-08-20T18:33:45.566184Z,1aacf90d-d4e1-415e-ba09-603c306dffef,zoox_robotaxi_2024,departure,twin,2010f408-d7c1-4bed-90ed-198fa3e90e87
22222222-2222-2222-2222-222222222222,2026-08-20T18:33:45.566184Z,27be18c4-bd2e-44ac-9eb5-1d1edc2809b7,zoox_robotaxi_2024,departure,twin,2010f408-d7c1-4bed-90ed-198fa3e90e87
22222222-2222-2222-2222-222222222222,2026-08-20T18:33:45.566184Z,4374f6a6-aa2e-4298-8fa2-1b30da90280e,zoox_robotaxi_2024,departure,twin,2010f408-d7c1-4bed-90ed-198fa3e90e87
22222222-2222-2222-2222-222222222222,2026-08-20T18:33:45.566184Z,45c66200-75cd-4f06-a41f-6534e1c311aa,zoox_robotaxi_2024,departure,twin,2010f408-d7c1-4bed-90ed-198fa3e90e87
22222222-2222-2222-2222-222222222222,2026-08-20T18:33:45.566184Z,5b8524d6-260b-448c-a9ae-9e18e9cada45,waymo_jaguar_ipace_2024,departure,twin,2010f408-d7c1-4bed-90ed-198fa3e90e87
22222222-2222-2222-2222-222222222222,2026-08-20T18:33:45.566184Z,64710503-d52c-42ae-bddf-53aec572c4d9,waymo_jaguar_ipace_2024,departure,twin,2010f408-d7c1-4bed-90ed-198fa3e90e87
22222222-2222-2222-2222-222222222222,2026-08-20T18:33:45.566184Z,661b3e46-d875-466f-bedd-605fd87ac4d7,waymo_jaguar_ipace_2024,departure,twin,2010f408-d7c1-4bed-90ed-198fa3e90e87
22222222-2222-2222-2222-222222222222,2026-08-20T18:33:45.566184Z,9ec6cbc8-535e-4984-8fe2-1ac46abb9e00,waymo_jaguar_ipace_2024,departure,twin,2010f408-d7c1-4bed-90ed-198fa3e90e87
22222222-2222-2222-2222-222222222222,2026-08-20T18:33:45.566184Z,ad5abf3e-30c0-461f-b268-471bbe24986b,zoox_robotaxi_2024,departure,twin,2010f408-d7c1-4bed-90ed-198fa3e90e87
22222222-2222-2222-2222-222222222222,2026-08-20T18:33:45.566184Z,55a6bddc-f019-4989-a335-81cbde15b44e,zoox_robotaxi_2024,departure,twin,2010f408-d7c1-4bed-90ed-198fa3e90e87
22222222-2222-2222-2222-222222222222,2026-08-20T18:33:45.566184Z,838200a0-b464-4eb0-9cab-faaee1f80b5a,zoox_robotaxi_2024,departure,twin,2010f408-d7c1-4bed-90ed-198fa3e90e87
22222222-2222-2222-2222-222222222222,2026-08-20T18:33:45.566184Z,98899633-be7c-42cb-9046-56321fb60f9d,zoox_robotaxi_2024,departure,twin,2010f408-d7c1-4bed-90ed-198fa3e90e87
22222222-2222-2222-2222-222222222222,2026-08-20T18:33:45.566184Z,c97a907b-eb50-49d4-81d2-ed38c1ab2616,zoox_robotaxi_2024,departure,twin,2010f408-d7c1-4bed-90ed-198fa3e90e87
22222222-2222-2222-2222-222222222222,2026-08-20T18:33:45.566184Z,695b1879-46d1-4c5b-a76a-a6809490ec65,zoox_robotaxi_2024,departure,twin,2010f408-d7c1-4bed-90ed-198fa3e90e87
22222222-2222-2222-2222-222222222222,2026-08-20T18:33:45.566184Z,6bff9287-c9b9-49e3-a94f-36b3543a8b9c,zoox_robotaxi_2024,departure,twin,2010f408-d7c1-4bed-90ed-198fa3e90e87
22222222-2222-2222-2222-222222222222,2026-08-20T18:33:45.566184Z,78ee0dfd-ba9e-430c-b753-2c589c9183f2,zoox_robotaxi_2024,departure,twin,2010f408-d7c1-4bed-90ed-198fa3e90e87
22222222-2222-2222-2222-222222222222,2026-08-20T18:33:45.566184Z,87b6dc31-cb87-4327-83d5-7ac9ffdf4988,zoox_robotaxi_2024,departure,twin,2010f408-d7c1-4bed-90ed-198fa3e90e87
22222222-2222-2222-2222-222222222222,2026-08-20T18:33:45.566184Z,890bef23-55ab-4001-aceb-538b3633cc73,zoox_robotaxi_2024,departure,twin,2010f408-d7c1-4bed-90ed-198fa3e90e87
22222222-2222-2222-2222-222222222222,2026-08-20T18:33:45.566184Z,9e9193b9-e6e9-4f2a-8eaf-bc5dfceec4a2,zoox_robotaxi_2024,departure,twin,2010f408-d7c1-4bed-90ed-198fa3e90e87
22222222-2222-2222-2222-222222222222,2026-08-20T18:33:45.566184Z,b00dca0e-3209-478b-ad8b-7984d7b16a8c,zoox_robotaxi_2024,departure,twin,2010f408-d7c1-4bed-90ed-198fa3e90e87
22222222-2222-2222-2222-222222222222,2026-08-20T18:33:45.566184Z,c867df46-fe1c-420c-89cd-39acad72790e,zoox_robotaxi_2024,departure,twin,2010f408-d7c1-4bed-90ed-198fa3e90e87
22222222-2222-2222-2222-222222222222,2026-08-20T18:33:45.566184Z,e91eda35-7043-4ba9-8a16-972b2cc07e39,zoox_robotaxi_2024,departure,twin,2010f408-d7c1-4bed-90ed-198fa3e90e87
22222222-2222-2222-2222-222222222222,2026-08-20T18:33:45.566184Z,f366ac68-5b23-49e7-8d02-0ade68526c5e,zoox_robotaxi_2024,departure,twin,2010f408-d7c1-4bed-90ed-198fa3e90e87
22222222-2222-2222-2222-222222222222,2026-08-20T18:33:45.566184Z,c8663fd7-b423-4398-9a18-a2ba5310feb7,tesla_model_y_robotaxi_2024,departure,twin,2010f408-d7c1-4bed-90ed-198fa3e90e87
22222222-2222-2222-2222-222222222222,2026-08-20T18:33:45.566184Z,f7940696-0800-49d0-9405-e1bae1f790e5,zoox_robotaxi_2024,departure,twin,2010f408-d7c1-4bed-90ed-198fa3e90e87
22222222-2222-2222-2222-222222222222,2026-08-20T18:33:45.566184Z,1520dd3c-3658-4cd5-ad83-8c73c35e97c9,tesla_model_y_robotaxi_2024,departure,twin,2010f408-d7c1-4bed-90ed-198fa3e90e87
22222222-2222-2222-2222-222222222222,2026-08-20T18:33:45.566184Z,25061aa9-5a61-481b-acee-0aa08dd7066f,tesla_model_y_robotaxi_2024,departure,twin,2010f408-d7c1-4bed-90ed-198fa3e90e87
22222222-2222-2222-2222-222222222222,2026-08-20T18:33:45.566184Z,c5a58859-4282-42de-b596-0a4f433e05f1,tesla_model_y_robotaxi_2024,departure,twin,2010f408-d7c1-4bed-90ed-198fa3e90e87
22222222-2222-2222-2222-222222222222,2026-08-20T18:33:45.566184Z,dbade82d-51ef-40bf-b21b-8103ad487d91,tesla_model_y_robotaxi_2024,departure,twin,2010f408-d7c1-4bed-90ed-198fa3e90e87
22222222-2222-2222-2222-222222222222,2026-08-20T18:33:45.566184Z,0bfd4d59-44f9-4a57-8c06-51bc00a2a6b9,tesla_model_y_robotaxi_2024,departure,twin,2010f408-d7c1-4bed-90ed-198fa3e90e87
22222222-2222-2222-2222-222222222222,2026-08-20T18:33:45.566184Z,10b4f941-b257-4571-948d-cc7b72d0fb52,tesla_model_y_robotaxi_2024,departure,twin,2010f408-d7c1-4bed-90ed-198fa3e90e87
22222222-2222-2222-2222-222222222222,2026-08-20T18:33:45.566184Z,1c9aff71-a240-4bfe-b55a-d0eaa2ec6116,tesla_model_y_robotaxi_2024,departure,twin,2010f408-d7c1-4bed-90ed-198fa3e90e87
22222222-2222-2222-2222-222222222222,2026-08-20T18:33:45.566184Z,4992b1fa-fc81-445e-a203-657094d89f18,waymo_jaguar_ipace_2024,departure,twin,2010f408-d7c1-4bed-90ed-198fa3e90e87
22222222-2222-2222-2222-222222222222,2026-08-20T18:33:45.566184Z,524312ab-2416-46fd-aebb-34d785ef7da6,waymo_jaguar_ipace_2024,departure,twin,2010f408-d7c1-4bed-90ed-198fa3e90e87
22222222-2222-2222-2222-222222222222,2026-08-20T18:33:45.566184Z,6e5c4806-1191-4b8b-b750-d38231213a1b,tesla_model_y_robotaxi_2024,departure,twin,2010f408-d7c1-4bed-90ed-198fa3e90e87
22222222-2222-2222-2222-222222222222,2026-08-20T18:33:45.566184Z,964bd583-6d45-459b-8bca-4c415c0993d3,tesla_model_y_robotaxi_2024,departure,twin,2010f408-d7c1-4bed-90ed-198fa3e90e87
22222222-2222-2222-2222-222222222222,2026-08-20T18:33:45.566184Z,ba70312c-6d2b-4c96-92a9-86c31ca2ca63,tesla_model_y_robotaxi_2024,departure,twin,2010f408-d7c1-4bed-90ed-198fa3e90e87
22222222-2222-2222-2222-222222222222,2026-08-20T18:33:45.566184Z,14b02ad9-b6f6-4a74-867c-2a6ba9daf8e0,waymo_jaguar_ipace_2024,departure,twin,2010f408-d7c1-4bed-90ed-198fa3e90e87
22222222-2222-2222-2222-222222222222,2026-08-20T18:33:45.566184Z,36ff94e5-663b-408d-bebc-3d56508d4996,tesla_model_y_robotaxi_2024,departure,twin,2010f408-d7c1-4bed-90ed-198fa3e90e87
22222222-2222-2222-2222-222222222222,2026-08-20T18:33:45.566184Z,464c07e3-3699-4238-90d6-ea1325d0b36c,tesla_model_y_robotaxi_2024,departure,twin,2010f408-d7c1-4bed-90ed-198fa3e90e87
22222222-2222-2222-2222-222222222222,2026-08-20T18:33:45.566184Z,4cd2b777-e994-41b3-8542-fdf0f5d88189,waymo_jaguar_ipace_2024,departure,twin,2010f408-d7c1-4bed-90ed-198fa3e90e87
22222222-2222-2222-2222-222222222222,2026-08-20T18:33:45.566184Z,4ce2666e-66b5-4053-9b4c-c8ad06a46557,tesla_model_y_robotaxi_2024,departure,twin,2010f408-d7c1-4bed-90ed-198fa3e90e87
22222222-2222-2222-2222-222222222222,2026-08-20T18:33:45.566184Z,728d5880-36bc-4b47-b535-4544580ec303,tesla_model_y_robotaxi_2024,departure,twin,2010f408-d7c1-4bed-90ed-198fa3e90e87
22222222-2222-2222-2222-222222222222,2026-08-20T18:33:45.566184Z,8d4890b5-dd19-4bf9-b7be-3ef918ff1653,waymo_jaguar_ipace_2024,departure,twin,2010f408-d7c1-4bed-90ed-198fa3e90e87
22222222-2222-2222-2222-222222222222,2026-08-20T18:33:45.566184Z,acba173d-89ed-4221-a7f7-52ae57693c67,tesla_model_y_robotaxi_2024,departure,twin,2010f408-d7c1-4bed-90ed-198fa3e90e87
22222222-2222-2222-2222-222222222222,2026-08-20T18:33:45.566184Z,9926e267-5f69-4b21-b3ab-b4b3239c1b3b,zoox_robotaxi_2024,departure,twin,2010f408-d7c1-4bed-90ed-198fa3e90e87
22222222-2222-2222-2222-222222222222,2026-08-20T18:33:45.566184Z,b6e8b116-0650-4d3b-b4d7-d78bd454f7e0,tesla_model_y_robotaxi_2024,departure,twin,2010f408-d7c1-4bed-90ed-198fa3e90e87
22222222-2222-2222-2222-222222222222,2026-08-20T18:33:45.566184Z,bfc95659-513d-4d55-b665-525b9e9e14e5,waymo_jaguar_ipace_2024,departure,twin,2010f408-d7c1-4bed-90ed-198fa3e90e87
22222222-2222-2222-2222-222222222222,2026-08-20T18:33:45.566184Z,c98ef465-ea69-4da9-a0a8-55a9842b570b,zoox_robotaxi_2024,departure,twin,2010f408-d7c1-4bed-90ed-198fa3e90e87
22222222-2222-2222-2222-222222222222,2026-08-20T18:33:45.566184Z,00d5597b-d714-470c-b86c-95e8f4f600ce,waymo_jaguar_ipace_2024,departure,twin,2010f408-d7c1-4bed-90ed-198fa3e90e87
22222222-2222-2222-2222-222222222222,2026-08-20T18:33:45.566184Z,0b8d2e11-fac3-40f3-883e-1d37cb7e6da5,waymo_jaguar_ipace_2024,departure,twin,2010f408-d7c1-4bed-90ed-198fa3e90e87
22222222-2222-2222-2222-222222222222,2026-08-20T18:33:45.566184Z,138f4a23-c5c8-4b89-96a0-c72ebb6aee0c,tesla_model_y_robotaxi_2024,departure,twin,2010f408-d7c1-4bed-90ed-198fa3e90e87
22222222-2222-2222-2222-222222222222,2026-08-20T18:33:45.566184Z,0d13e7d4-4707-44be-a233-8a3e849a23c5,waymo_jaguar_ipace_2024,departure,twin,2010f408-d7c1-4bed-90ed-198fa3e90e87
22222222-2222-2222-2222-222222222222,2026-08-20T18:33:45.566184Z,1ea6a5d7-862d-44cc-a387-86cea6bc4fe4,tesla_model_y_robotaxi_2024,departure,twin,2010f408-d7c1-4bed-90ed-198fa3e90e87
22222222-2222-2222-2222-222222222222,2026-08-20T18:33:45.566184Z,2879307e-1fde-41ca-9309-d0aa11357436,waymo_jaguar_ipace_2024,departure,twin,2010f408-d7c1-4bed-90ed-198fa3e90e87
22222222-2222-2222-2222-222222222222,2026-08-20T18:33:45.566184Z,2be09ec0-e78a-4cd8-9f80-fceeb1c33e71,tesla_model_y_robotaxi_2024,departure,twin,2010f408-d7c1-4bed-90ed-198fa3e90e87
22222222-2222-2222-2222-222222222222,2026-08-20T18:33:45.566184Z,32b62034-d7c6-4dbd-b9a4-78e708ec4c1c,waymo_jaguar_ipace_2024,departure,twin,2010f408-d7c1-4bed-90ed-198fa3e90e87
22222222-2222-2222-2222-222222222222,2026-08-20T18:33:45.566184Z,3e88b963-abb9-415c-9637-fa8002b0074d,waymo_jaguar_ipace_2024,departure,twin,2010f408-d7c1-4bed-90ed-198fa3e90e87
22222222-2222-2222-2222-222222222222,2026-08-20T18:33:45.566184Z,48ad6e64-7e84-4de3-8c0c-9d3abfaadb8d,waymo_jaguar_ipace_2024,departure,twin,2010f408-d7c1-4bed-90ed-198fa3e90e87
22222222-2222-2222-2222-222222222222,2026-08-20T18:33:45.566184Z,4a35c33f-b875-4cc6-a54d-85060633b711,waymo_jaguar_ipace_2024,departure,twin,2010f408-d7c1-4bed-90ed-198fa3e90e87
22222222-2222-2222-2222-222222222222,2026-08-20T18:33:45.566184Z,4f558f2c-7f46-4c12-8a13-351371d828b6,waymo_jaguar_ipace_2024,departure,twin,2010f408-d7c1-4bed-90ed-198fa3e90e87
22222222-2222-2222-2222-222222222222,2026-08-20T18:33:45.566184Z,53e3dc12-2d7e-4d7b-8dbf-79a5eeef13ce,tesla_model_y_robotaxi_2024,departure,twin,2010f408-d7c1-4bed-90ed-198fa3e90e87
22222222-2222-2222-2222-222222222222,2026-08-20T18:33:45.566184Z,5e4b54f6-ba19-4a30-9d26-2a4ed4810d6e,waymo_jaguar_ipace_2024,departure,twin,2010f408-d7c1-4bed-90ed-198fa3e90e87
22222222-2222-2222-2222-222222222222,2026-08-20T18:33:45.566184Z,6860a969-bb88-416f-a3bf-545884f04aa8,waymo_jaguar_ipace_2024,departure,twin,2010f408-d7c1-4bed-90ed-198fa3e90e87
22222222-2222-2222-2222-222222222222,2026-08-20T18:33:45.566184Z,90c00fd5-03c2-4a5c-acdd-1fbcb709dfb2,tesla_model_y_robotaxi_2024,departure,twin,2010f408-d7c1-4bed-90ed-198fa3e90e87
22222222-2222-2222-2222-222222222222,2026-08-20T18:33:45.566184Z,983002e6-790f-4e92-9722-b034571c7f47,waymo_jaguar_ipace_2024,departure,twin,2010f408-d7c1-4bed-90ed-198fa3e90e87
22222222-2222-2222-2222-222222222222,2026-08-20T18:33:45.566184Z,99860ea8-ecf6-4bb7-8a59-52db6e90e8d9,waymo_jaguar_ipace_2024,departure,twin,2010f408-d7c1-4bed-90ed-198fa3e90e87
22222222-2222-2222-2222-222222222222,2026-08-20T18:33:45.566184Z,a5af28d4-d135-4617-a379-d20cf703d54d,tesla_model_y_robotaxi_2024,departure,twin,2010f408-d7c1-4bed-90ed-198fa3e90e87
22222222-2222-2222-2222-222222222222,2026-08-20T18:33:45.566184Z,b41ab68e-d488-4102-ba08-502df168a1a1,waymo_jaguar_ipace_2024,departure,twin,2010f408-d7c1-4bed-90ed-198fa3e90e87
22222222-2222-2222-2222-222222222222,2026-08-20T18:33:45.566184Z,c3f78336-f475-4d29-bf59-0261114066ef,tesla_model_y_robotaxi_2024,departure,twin,2010f408-d7c1-4bed-90ed-198fa3e90e87
22222222-2222-2222-2222-222222222222,2026-08-20T18:33:45.566184Z,c433a36d-8782-46b2-b128-3e345bcbd186,waymo_jaguar_ipace_2024,departure,twin,2010f408-d7c1-4bed-90ed-198fa3e90e87
22222222-2222-2222-2222-222222222222,2026-08-20T18:33:45.566184Z,cef7d122-6498-4555-8eba-8a6d51644d74,tesla_model_y_robotaxi_2024,departure,twin,2010f408-d7c1-4bed-90ed-198fa3e90e87
22222222-2222-2222-2222-222222222222,2026-08-20T18:33:45.566184Z,e7c0498e-4f61-474f-8934-8864c090cefd,waymo_jaguar_ipace_2024,departure,twin,2010f408-d7c1-4bed-90ed-198fa3e90e87
22222222-2222-2222-2222-222222222222,2026-08-20T18:35:39.028103Z,55a6bddc-f019-4989-a335-81cbde15b44e,zoox_robotaxi_2024,departure,twin,c507bce2-9e55-4f45-a388-5be005beacfd
22222222-2222-2222-2222-222222222222,2026-08-20T18:35:39.028103Z,838200a0-b464-4eb0-9cab-faaee1f80b5a,zoox_robotaxi_2024,departure,twin,c507bce2-9e55-4f45-a388-5be005beacfd
22222222-2222-2222-2222-222222222222,2026-08-20T18:35:39.028103Z,c97a907b-eb50-49d4-81d2-ed38c1ab2616,zoox_robotaxi_2024,departure,twin,c507bce2-9e55-4f45-a388-5be005beacfd
22222222-2222-2222-2222-222222222222,2026-08-20T18:35:39.028103Z,695b1879-46d1-4c5b-a76a-a6809490ec65,zoox_robotaxi_2024,departure,twin,c507bce2-9e55-4f45-a388-5be005beacfd
22222222-2222-2222-2222-222222222222,2026-08-20T18:35:39.028103Z,6bff9287-c9b9-49e3-a94f-36b3543a8b9c,zoox_robotaxi_2024,departure,twin,c507bce2-9e55-4f45-a388-5be005beacfd
22222222-2222-2222-2222-222222222222,2026-08-20T18:35:39.028103Z,78ee0dfd-ba9e-430c-b753-2c589c9183f2,zoox_robotaxi_2024,departure,twin,c507bce2-9e55-4f45-a388-5be005beacfd
22222222-2222-2222-2222-222222222222,2026-08-20T18:35:39.028103Z,87b6dc31-cb87-4327-83d5-7ac9ffdf4988,zoox_robotaxi_2024,departure,twin,c507bce2-9e55-4f45-a388-5be005beacfd
22222222-2222-2222-2222-222222222222,2026-08-20T18:35:39.028103Z,890bef23-55ab-4001-aceb-538b3633cc73,zoox_robotaxi_2024,departure,twin,c507bce2-9e55-4f45-a388-5be005beacfd
22222222-2222-2222-2222-222222222222,2026-08-20T18:35:39.028103Z,9926e267-5f69-4b21-b3ab-b4b3239c1b3b,zoox_robotaxi_2024,departure,twin,c507bce2-9e55-4f45-a388-5be005beacfd
22222222-2222-2222-2222-222222222222,2026-08-20T18:35:39.028103Z,9e9193b9-e6e9-4f2a-8eaf-bc5dfceec4a2,zoox_robotaxi_2024,departure,twin,c507bce2-9e55-4f45-a388-5be005beacfd
22222222-2222-2222-2222-222222222222,2026-08-20T18:35:39.028103Z,b00dca0e-3209-478b-ad8b-7984d7b16a8c,zoox_robotaxi_2024,departure,twin,c507bce2-9e55-4f45-a388-5be005beacfd
22222222-2222-2222-2222-222222222222,2026-08-20T18:35:39.028103Z,c867df46-fe1c-420c-89cd-39acad72790e,zoox_robotaxi_2024,departure,twin,c507bce2-9e55-4f45-a388-5be005beacfd
22222222-2222-2222-2222-222222222222,2026-08-20T18:35:39.028103Z,c98ef465-ea69-4da9-a0a8-55a9842b570b,zoox_robotaxi_2024,departure,twin,c507bce2-9e55-4f45-a388-5be005beacfd
22222222-2222-2222-2222-222222222222,2026-08-20T18:35:39.028103Z,e91eda35-7043-4ba9-8a16-972b2cc07e39,zoox_robotaxi_2024,departure,twin,c507bce2-9e55-4f45-a388-5be005beacfd
22222222-2222-2222-2222-222222222222,2026-08-20T18:35:39.028103Z,f366ac68-5b23-49e7-8d02-0ade68526c5e,zoox_robotaxi_2024,departure,twin,c507bce2-9e55-4f45-a388-5be005beacfd
22222222-2222-2222-2222-222222222222,2026-08-20T18:35:39.028103Z,f7940696-0800-49d0-9405-e1bae1f790e5,zoox_robotaxi_2024,departure,twin,c507bce2-9e55-4f45-a388-5be005beacfd
22222222-2222-2222-2222-222222222222,2026-08-20T18:35:39.028103Z,c8663fd7-b423-4398-9a18-a2ba5310feb7,tesla_model_y_robotaxi_2024,departure,twin,c507bce2-9e55-4f45-a388-5be005beacfd
22222222-2222-2222-2222-222222222222,2026-08-20T18:35:39.028103Z,1520dd3c-3658-4cd5-ad83-8c73c35e97c9,tesla_model_y_robotaxi_2024,departure,twin,c507bce2-9e55-4f45-a388-5be005beacfd
22222222-2222-2222-2222-222222222222,2026-08-20T18:35:39.028103Z,25061aa9-5a61-481b-acee-0aa08dd7066f,tesla_model_y_robotaxi_2024,departure,twin,c507bce2-9e55-4f45-a388-5be005beacfd
22222222-2222-2222-2222-222222222222,2026-08-20T18:35:39.028103Z,c5a58859-4282-42de-b596-0a4f433e05f1,tesla_model_y_robotaxi_2024,departure,twin,c507bce2-9e55-4f45-a388-5be005beacfd
22222222-2222-2222-2222-222222222222,2026-08-20T18:35:39.028103Z,dbade82d-51ef-40bf-b21b-8103ad487d91,tesla_model_y_robotaxi_2024,departure,twin,c507bce2-9e55-4f45-a388-5be005beacfd
22222222-2222-2222-2222-222222222222,2026-08-20T18:35:39.028103Z,0bfd4d59-44f9-4a57-8c06-51bc00a2a6b9,tesla_model_y_robotaxi_2024,departure,twin,c507bce2-9e55-4f45-a388-5be005beacfd
22222222-2222-2222-2222-222222222222,2026-08-20T18:35:39.028103Z,10b4f941-b257-4571-948d-cc7b72d0fb52,tesla_model_y_robotaxi_2024,departure,twin,c507bce2-9e55-4f45-a388-5be005beacfd
22222222-2222-2222-2222-222222222222,2026-08-20T18:35:39.028103Z,1c9aff71-a240-4bfe-b55a-d0eaa2ec6116,tesla_model_y_robotaxi_2024,departure,twin,c507bce2-9e55-4f45-a388-5be005beacfd
22222222-2222-2222-2222-222222222222,2026-08-20T18:35:39.028103Z,4992b1fa-fc81-445e-a203-657094d89f18,waymo_jaguar_ipace_2024,departure,twin,c507bce2-9e55-4f45-a388-5be005beacfd
22222222-2222-2222-2222-222222222222,2026-08-20T18:35:39.028103Z,524312ab-2416-46fd-aebb-34d785ef7da6,waymo_jaguar_ipace_2024,departure,twin,c507bce2-9e55-4f45-a388-5be005beacfd
22222222-2222-2222-2222-222222222222,2026-08-20T18:35:39.028103Z,6e5c4806-1191-4b8b-b750-d38231213a1b,tesla_model_y_robotaxi_2024,departure,twin,c507bce2-9e55-4f45-a388-5be005beacfd
22222222-2222-2222-2222-222222222222,2026-08-20T18:35:39.028103Z,964bd583-6d45-459b-8bca-4c415c0993d3,tesla_model_y_robotaxi_2024,departure,twin,c507bce2-9e55-4f45-a388-5be005beacfd
22222222-2222-2222-2222-222222222222,2026-08-20T18:35:39.028103Z,ba70312c-6d2b-4c96-92a9-86c31ca2ca63,tesla_model_y_robotaxi_2024,departure,twin,c507bce2-9e55-4f45-a388-5be005beacfd
22222222-2222-2222-2222-222222222222,2026-08-20T18:35:39.028103Z,14b02ad9-b6f6-4a74-867c-2a6ba9daf8e0,waymo_jaguar_ipace_2024,departure,twin,c507bce2-9e55-4f45-a388-5be005beacfd
22222222-2222-2222-2222-222222222222,2026-08-20T18:35:39.028103Z,36ff94e5-663b-408d-bebc-3d56508d4996,tesla_model_y_robotaxi_2024,departure,twin,c507bce2-9e55-4f45-a388-5be005beacfd
22222222-2222-2222-2222-222222222222,2026-08-20T18:35:39.028103Z,464c07e3-3699-4238-90d6-ea1325d0b36c,tesla_model_y_robotaxi_2024,departure,twin,c507bce2-9e55-4f45-a388-5be005beacfd
22222222-2222-2222-2222-222222222222,2026-08-20T18:35:39.028103Z,4cd2b777-e994-41b3-8542-fdf0f5d88189,waymo_jaguar_ipace_2024,departure,twin,c507bce2-9e55-4f45-a388-5be005beacfd
22222222-2222-2222-2222-222222222222,2026-08-20T18:35:39.028103Z,4ce2666e-66b5-4053-9b4c-c8ad06a46557,tesla_model_y_robotaxi_2024,departure,twin,c507bce2-9e55-4f45-a388-5be005beacfd
22222222-2222-2222-2222-222222222222,2026-08-20T18:35:39.028103Z,728d5880-36bc-4b47-b535-4544580ec303,tesla_model_y_robotaxi_2024,departure,twin,c507bce2-9e55-4f45-a388-5be005beacfd
22222222-2222-2222-2222-222222222222,2026-08-20T18:35:39.028103Z,8d4890b5-dd19-4bf9-b7be-3ef918ff1653,waymo_jaguar_ipace_2024,departure,twin,c507bce2-9e55-4f45-a388-5be005beacfd
22222222-2222-2222-2222-222222222222,2026-08-20T18:35:39.028103Z,98899633-be7c-42cb-9046-56321fb60f9d,zoox_robotaxi_2024,departure,twin,c507bce2-9e55-4f45-a388-5be005beacfd
22222222-2222-2222-2222-222222222222,2026-08-20T18:35:39.028103Z,acba173d-89ed-4221-a7f7-52ae57693c67,tesla_model_y_robotaxi_2024,departure,twin,c507bce2-9e55-4f45-a388-5be005beacfd
22222222-2222-2222-2222-222222222222,2026-08-20T18:35:39.028103Z,ad5abf3e-30c0-461f-b268-471bbe24986b,zoox_robotaxi_2024,departure,twin,c507bce2-9e55-4f45-a388-5be005beacfd
22222222-2222-2222-2222-222222222222,2026-08-20T18:35:39.028103Z,b6e8b116-0650-4d3b-b4d7-d78bd454f7e0,tesla_model_y_robotaxi_2024,departure,twin,c507bce2-9e55-4f45-a388-5be005beacfd
22222222-2222-2222-2222-222222222222,2026-08-20T18:35:39.028103Z,00d5597b-d714-470c-b86c-95e8f4f600ce,waymo_jaguar_ipace_2024,departure,twin,c507bce2-9e55-4f45-a388-5be005beacfd
22222222-2222-2222-2222-222222222222,2026-08-20T18:35:39.028103Z,0b8d2e11-fac3-40f3-883e-1d37cb7e6da5,waymo_jaguar_ipace_2024,departure,twin,c507bce2-9e55-4f45-a388-5be005beacfd
22222222-2222-2222-2222-222222222222,2026-08-20T18:35:39.028103Z,138f4a23-c5c8-4b89-96a0-c72ebb6aee0c,tesla_model_y_robotaxi_2024,departure,twin,c507bce2-9e55-4f45-a388-5be005beacfd
22222222-2222-2222-2222-222222222222,2026-08-20T18:35:39.028103Z,1ea6a5d7-862d-44cc-a387-86cea6bc4fe4,tesla_model_y_robotaxi_2024,departure,twin,c507bce2-9e55-4f45-a388-5be005beacfd
22222222-2222-2222-2222-222222222222,2026-08-20T18:35:39.028103Z,0d13e7d4-4707-44be-a233-8a3e849a23c5,waymo_jaguar_ipace_2024,departure,twin,c507bce2-9e55-4f45-a388-5be005beacfd
22222222-2222-2222-2222-222222222222,2026-08-20T18:35:39.028103Z,2879307e-1fde-41ca-9309-d0aa11357436,waymo_jaguar_ipace_2024,departure,twin,c507bce2-9e55-4f45-a388-5be005beacfd
22222222-2222-2222-2222-222222222222,2026-08-20T18:35:39.028103Z,2be09ec0-e78a-4cd8-9f80-fceeb1c33e71,tesla_model_y_robotaxi_2024,departure,twin,c507bce2-9e55-4f45-a388-5be005beacfd
22222222-2222-2222-2222-222222222222,2026-08-20T18:35:39.028103Z,32b62034-d7c6-4dbd-b9a4-78e708ec4c1c,waymo_jaguar_ipace_2024,departure,twin,c507bce2-9e55-4f45-a388-5be005beacfd
22222222-2222-2222-2222-222222222222,2026-08-20T18:35:39.028103Z,3e88b963-abb9-415c-9637-fa8002b0074d,waymo_jaguar_ipace_2024,departure,twin,c507bce2-9e55-4f45-a388-5be005beacfd
22222222-2222-2222-2222-222222222222,2026-08-20T18:35:39.028103Z,48ad6e64-7e84-4de3-8c0c-9d3abfaadb8d,waymo_jaguar_ipace_2024,departure,twin,c507bce2-9e55-4f45-a388-5be005beacfd
22222222-2222-2222-2222-222222222222,2026-08-20T18:35:39.028103Z,4a35c33f-b875-4cc6-a54d-85060633b711,waymo_jaguar_ipace_2024,departure,twin,c507bce2-9e55-4f45-a388-5be005beacfd
22222222-2222-2222-2222-222222222222,2026-08-20T18:35:39.028103Z,4f558f2c-7f46-4c12-8a13-351371d828b6,waymo_jaguar_ipace_2024,departure,twin,c507bce2-9e55-4f45-a388-5be005beacfd
22222222-2222-2222-2222-222222222222,2026-08-20T18:35:39.028103Z,53e3dc12-2d7e-4d7b-8dbf-79a5eeef13ce,tesla_model_y_robotaxi_2024,departure,twin,c507bce2-9e55-4f45-a388-5be005beacfd
22222222-2222-2222-2222-222222222222,2026-08-20T18:35:39.028103Z,51766e8e-fe42-436d-b37a-10215bdb6798,waymo_jaguar_ipace_2024,departure,twin,c507bce2-9e55-4f45-a388-5be005beacfd
22222222-2222-2222-2222-222222222222,2026-08-20T18:35:39.028103Z,5e4b54f6-ba19-4a30-9d26-2a4ed4810d6e,waymo_jaguar_ipace_2024,departure,twin,c507bce2-9e55-4f45-a388-5be005beacfd
22222222-2222-2222-2222-222222222222,2026-08-20T18:35:39.028103Z,6860a969-bb88-416f-a3bf-545884f04aa8,waymo_jaguar_ipace_2024,departure,twin,c507bce2-9e55-4f45-a388-5be005beacfd
22222222-2222-2222-2222-222222222222,2026-08-20T18:35:39.028103Z,90c00fd5-03c2-4a5c-acdd-1fbcb709dfb2,tesla_model_y_robotaxi_2024,departure,twin,c507bce2-9e55-4f45-a388-5be005beacfd
22222222-2222-2222-2222-222222222222,2026-08-20T18:35:39.028103Z,983002e6-790f-4e92-9722-b034571c7f47,waymo_jaguar_ipace_2024,departure,twin,c507bce2-9e55-4f45-a388-5be005beacfd
22222222-2222-2222-2222-222222222222,2026-08-20T18:35:39.028103Z,99860ea8-ecf6-4bb7-8a59-52db6e90e8d9,waymo_jaguar_ipace_2024,departure,twin,c507bce2-9e55-4f45-a388-5be005beacfd
22222222-2222-2222-2222-222222222222,2026-08-20T18:35:39.028103Z,a5af28d4-d135-4617-a379-d20cf703d54d,tesla_model_y_robotaxi_2024,departure,twin,c507bce2-9e55-4f45-a388-5be005beacfd
22222222-2222-2222-2222-222222222222,2026-08-20T18:35:39.028103Z,b41ab68e-d488-4102-ba08-502df168a1a1,waymo_jaguar_ipace_2024,departure,twin,c507bce2-9e55-4f45-a388-5be005beacfd
22222222-2222-2222-2222-222222222222,2026-08-20T18:35:39.028103Z,c3f78336-f475-4d29-bf59-0261114066ef,tesla_model_y_robotaxi_2024,departure,twin,c507bce2-9e55-4f45-a388-5be005beacfd
22222222-2222-2222-2222-222222222222,2026-08-20T18:35:39.028103Z,bfc95659-513d-4d55-b665-525b9e9e14e5,waymo_jaguar_ipace_2024,departure,twin,c507bce2-9e55-4f45-a388-5be005beacfd
22222222-2222-2222-2222-222222222222,2026-08-20T18:35:39.028103Z,c433a36d-8782-46b2-b128-3e345bcbd186,waymo_jaguar_ipace_2024,departure,twin,c507bce2-9e55-4f45-a388-5be005beacfd
22222222-2222-2222-2222-222222222222,2026-08-20T18:35:39.028103Z,cef7d122-6498-4555-8eba-8a6d51644d74,tesla_model_y_robotaxi_2024,departure,twin,c507bce2-9e55-4f45-a388-5be005beacfd
22222222-2222-2222-2222-222222222222,2026-08-20T18:35:39.028103Z,e7c0498e-4f61-474f-8934-8864c090cefd,waymo_jaguar_ipace_2024,departure,twin,c507bce2-9e55-4f45-a388-5be005beacfd
22222222-2222-2222-2222-222222222222,2026-08-20T18:35:39.028103Z,03812c6f-407b-4782-858f-c15cdbaf8de7,waymo_jaguar_ipace_2024,departure,twin,c507bce2-9e55-4f45-a388-5be005beacfd
22222222-2222-2222-2222-222222222222,2026-08-20T18:35:39.028103Z,32a91a14-aac6-4c58-924e-e61a6766978b,waymo_jaguar_ipace_2024,departure,twin,c507bce2-9e55-4f45-a388-5be005beacfd
22222222-2222-2222-2222-222222222222,2026-08-20T18:35:39.028103Z,4732bf55-398f-4430-bc4c-0d14d4b89e2e,waymo_jaguar_ipace_2024,departure,twin,c507bce2-9e55-4f45-a388-5be005beacfd
22222222-2222-2222-2222-222222222222,2026-08-20T18:35:39.028103Z,7026f086-5ec4-485c-ae41-87bee8f181f1,waymo_jaguar_ipace_2024,departure,twin,c507bce2-9e55-4f45-a388-5be005beacfd
22222222-2222-2222-2222-222222222222,2026-08-20T18:35:39.028103Z,9240c4c6-422b-4ac5-b65d-321faac569ce,waymo_jaguar_ipace_2024,departure,twin,c507bce2-9e55-4f45-a388-5be005beacfd
22222222-2222-2222-2222-222222222222,2026-08-20T18:35:39.028103Z,970832d1-8185-4eb5-8d10-c1cbe44c9283,waymo_jaguar_ipace_2024,departure,twin,c507bce2-9e55-4f45-a388-5be005beacfd
22222222-2222-2222-2222-222222222222,2026-08-20T18:35:39.028103Z,a6e9c009-82e7-4c32-b9be-d3feaad294ca,waymo_jaguar_ipace_2024,departure,twin,c507bce2-9e55-4f45-a388-5be005beacfd
22222222-2222-2222-2222-222222222222,2026-08-20T18:35:39.028103Z,01b10692-0e0e-42c5-9889-f461f60471cf,zoox_robotaxi_2024,departure,twin,c507bce2-9e55-4f45-a388-5be005beacfd
22222222-2222-2222-2222-222222222222,2026-08-20T18:35:39.028103Z,02734f04-7f30-40eb-beb2-36e5d401c697,zoox_robotaxi_2024,departure,twin,c507bce2-9e55-4f45-a388-5be005beacfd
22222222-2222-2222-2222-222222222222,2026-08-20T18:35:39.028103Z,1973c5a4-5670-46fa-bbe2-5f6a3a1d0c6a,zoox_robotaxi_2024,departure,twin,c507bce2-9e55-4f45-a388-5be005beacfd
22222222-2222-2222-2222-222222222222,2026-08-20T18:35:39.028103Z,19b9bcf6-0586-4238-b70e-9ce1d490efe9,zoox_robotaxi_2024,departure,twin,c507bce2-9e55-4f45-a388-5be005beacfd
22222222-2222-2222-2222-222222222222,2026-08-20T18:35:39.028103Z,1aacf90d-d4e1-415e-ba09-603c306dffef,zoox_robotaxi_2024,departure,twin,c507bce2-9e55-4f45-a388-5be005beacfd
22222222-2222-2222-2222-222222222222,2026-08-20T18:35:39.028103Z,27be18c4-bd2e-44ac-9eb5-1d1edc2809b7,zoox_robotaxi_2024,departure,twin,c507bce2-9e55-4f45-a388-5be005beacfd
22222222-2222-2222-2222-222222222222,2026-08-20T18:35:39.028103Z,4374f6a6-aa2e-4298-8fa2-1b30da90280e,zoox_robotaxi_2024,departure,twin,c507bce2-9e55-4f45-a388-5be005beacfd
22222222-2222-2222-2222-222222222222,2026-08-20T18:35:39.028103Z,45c66200-75cd-4f06-a41f-6534e1c311aa,zoox_robotaxi_2024,departure,twin,c507bce2-9e55-4f45-a388-5be005beacfd
22222222-2222-2222-2222-222222222222,2026-08-20T18:35:39.028103Z,5b8524d6-260b-448c-a9ae-9e18e9cada45,waymo_jaguar_ipace_2024,departure,twin,c507bce2-9e55-4f45-a388-5be005beacfd
22222222-2222-2222-2222-222222222222,2026-08-20T18:35:39.028103Z,64710503-d52c-42ae-bddf-53aec572c4d9,waymo_jaguar_ipace_2024,departure,twin,c507bce2-9e55-4f45-a388-5be005beacfd
22222222-2222-2222-2222-222222222222,2026-08-20T18:35:39.028103Z,661b3e46-d875-466f-bedd-605fd87ac4d7,waymo_jaguar_ipace_2024,departure,twin,c507bce2-9e55-4f45-a388-5be005beacfd
22222222-2222-2222-2222-222222222222,2026-08-20T18:35:39.028103Z,9ec6cbc8-535e-4984-8fe2-1ac46abb9e00,waymo_jaguar_ipace_2024,departure,twin,c507bce2-9e55-4f45-a388-5be005beacfd
22222222-2222-2222-2222-222222222222,2026-08-20T18:52:05.087761Z,4f558f2c-7f46-4c12-8a13-351371d828b6,waymo_jaguar_ipace_2024,arrival,twin,f3a1d43b-789b-4c6c-8f11-3e3a6b3ab38f
22222222-2222-2222-2222-222222222222,2026-08-20T18:52:05.087761Z,6e5c4806-1191-4b8b-b750-d38231213a1b,tesla_model_y_robotaxi_2024,arrival,twin,f3a1d43b-789b-4c6c-8f11-3e3a6b3ab38f
22222222-2222-2222-2222-222222222222,2026-08-20T18:52:05.087761Z,524312ab-2416-46fd-aebb-34d785ef7da6,waymo_jaguar_ipace_2024,arrival,twin,f3a1d43b-789b-4c6c-8f11-3e3a6b3ab38f
22222222-2222-2222-2222-222222222222,2026-08-20T18:52:05.087761Z,464c07e3-3699-4238-90d6-ea1325d0b36c,tesla_model_y_robotaxi_2024,arrival,twin,f3a1d43b-789b-4c6c-8f11-3e3a6b3ab38f
22222222-2222-2222-2222-222222222222,2026-08-20T18:52:05.087761Z,1ea6a5d7-862d-44cc-a387-86cea6bc4fe4,tesla_model_y_robotaxi_2024,arrival,twin,f3a1d43b-789b-4c6c-8f11-3e3a6b3ab38f
22222222-2222-2222-2222-222222222222,2026-08-20T18:52:05.087761Z,1c9aff71-a240-4bfe-b55a-d0eaa2ec6116,tesla_model_y_robotaxi_2024,arrival,twin,f3a1d43b-789b-4c6c-8f11-3e3a6b3ab38f
22222222-2222-2222-2222-222222222222,2026-08-20T18:52:05.087761Z,5dfd9db9-4262-4a7f-8f7e-055ce7a5e426,tesla_model_y_robotaxi_2024,arrival,twin,f3a1d43b-789b-4c6c-8f11-3e3a6b3ab38f
22222222-2222-2222-2222-222222222222,2026-08-20T18:52:05.087761Z,c5a58859-4282-42de-b596-0a4f433e05f1,tesla_model_y_robotaxi_2024,arrival,twin,f3a1d43b-789b-4c6c-8f11-3e3a6b3ab38f
22222222-2222-2222-2222-222222222222,2026-08-20T18:52:05.087761Z,dbade82d-51ef-40bf-b21b-8103ad487d91,tesla_model_y_robotaxi_2024,arrival,twin,f3a1d43b-789b-4c6c-8f11-3e3a6b3ab38f
22222222-2222-2222-2222-222222222222,2026-08-20T18:52:05.087761Z,e91eda35-7043-4ba9-8a16-972b2cc07e39,zoox_robotaxi_2024,arrival,twin,f3a1d43b-789b-4c6c-8f11-3e3a6b3ab38f
22222222-2222-2222-2222-222222222222,2026-08-20T18:52:05.087761Z,6bff9287-c9b9-49e3-a94f-36b3543a8b9c,zoox_robotaxi_2024,arrival,twin,f3a1d43b-789b-4c6c-8f11-3e3a6b3ab38f
22222222-2222-2222-2222-222222222222,2026-08-20T18:52:05.087761Z,728d5880-36bc-4b47-b535-4544580ec303,tesla_model_y_robotaxi_2024,arrival,twin,f3a1d43b-789b-4c6c-8f11-3e3a6b3ab38f
22222222-2222-2222-2222-222222222222,2026-08-20T18:52:05.087761Z,9926e267-5f69-4b21-b3ab-b4b3239c1b3b,zoox_robotaxi_2024,arrival,twin,f3a1d43b-789b-4c6c-8f11-3e3a6b3ab38f
22222222-2222-2222-2222-222222222222,2026-08-20T18:52:05.087761Z,9e9193b9-e6e9-4f2a-8eaf-bc5dfceec4a2,zoox_robotaxi_2024,arrival,twin,f3a1d43b-789b-4c6c-8f11-3e3a6b3ab38f
22222222-2222-2222-2222-222222222222,2026-08-20T18:52:05.087761Z,c98ef465-ea69-4da9-a0a8-55a9842b570b,zoox_robotaxi_2024,arrival,twin,f3a1d43b-789b-4c6c-8f11-3e3a6b3ab38f
22222222-2222-2222-2222-222222222222,2026-08-20T18:52:05.087761Z,78ee0dfd-ba9e-430c-b753-2c589c9183f2,zoox_robotaxi_2024,arrival,twin,f3a1d43b-789b-4c6c-8f11-3e3a6b3ab38f
22222222-2222-2222-2222-222222222222,2026-08-20T18:52:05.087761Z,890bef23-55ab-4001-aceb-538b3633cc73,zoox_robotaxi_2024,arrival,twin,f3a1d43b-789b-4c6c-8f11-3e3a6b3ab38f
22222222-2222-2222-2222-222222222222,2026-08-20T18:52:05.087761Z,f2cc320b-7543-47cf-a66d-37acee233f1b,tesla_model_y_robotaxi_2024,arrival,twin,f3a1d43b-789b-4c6c-8f11-3e3a6b3ab38f
22222222-2222-2222-2222-222222222222,2026-08-20T18:52:05.087761Z,90c00fd5-03c2-4a5c-acdd-1fbcb709dfb2,tesla_model_y_robotaxi_2024,arrival,twin,f3a1d43b-789b-4c6c-8f11-3e3a6b3ab38f
22222222-2222-2222-2222-222222222222,2026-08-20T18:52:05.087761Z,b00dca0e-3209-478b-ad8b-7984d7b16a8c,zoox_robotaxi_2024,arrival,twin,f3a1d43b-789b-4c6c-8f11-3e3a6b3ab38f
22222222-2222-2222-2222-222222222222,2026-08-20T18:52:05.087761Z,4cd2b777-e994-41b3-8542-fdf0f5d88189,waymo_jaguar_ipace_2024,arrival,twin,f3a1d43b-789b-4c6c-8f11-3e3a6b3ab38f
22222222-2222-2222-2222-222222222222,2026-08-20T18:52:05.087761Z,ad5abf3e-30c0-461f-b268-471bbe24986b,zoox_robotaxi_2024,arrival,twin,f3a1d43b-789b-4c6c-8f11-3e3a6b3ab38f
22222222-2222-2222-2222-222222222222,2026-08-20T20:02:31.741782Z,1973c5a4-5670-46fa-bbe2-5f6a3a1d0c6a,zoox_robotaxi_2024,departure,twin,c5dbc377-0195-4420-96d0-6125017cf19e
22222222-2222-2222-2222-222222222222,2026-08-20T20:03:45.566184Z,8e00a933-eb0f-4d8e-9a0a-1d5b47ae95ed,zoox_robotaxi_2024,departure,twin,2010f408-d7c1-4bed-90ed-198fa3e90e87
22222222-2222-2222-2222-222222222222,2026-08-20T20:05:32.269186Z,1973c5a4-5670-46fa-bbe2-5f6a3a1d0c6a,zoox_robotaxi_2024,departure,twin,943936c5-37cf-4dcc-b600-47366d1f3138
22222222-2222-2222-2222-222222222222,2026-08-20T20:05:39.028103Z,8e00a933-eb0f-4d8e-9a0a-1d5b47ae95ed,zoox_robotaxi_2024,departure,twin,c507bce2-9e55-4f45-a388-5be005beacfd
22222222-2222-2222-2222-222222222222,2026-08-20T20:25:37.378401Z,ad5abf3e-30c0-461f-b268-471bbe24986b,zoox_robotaxi_2024,departure,twin,f3a1d43b-789b-4c6c-8f11-3e3a6b3ab38f
22222222-2222-2222-2222-222222222222,2026-08-20T21:02:31.741782Z,02f1a60b-27e8-46a3-831b-d9232cc510a0,tesla_model_y_robotaxi_2024,departure,twin,c5dbc377-0195-4420-96d0-6125017cf19e
22222222-2222-2222-2222-222222222222,2026-08-20T21:02:31.741782Z,2be09ec0-e78a-4cd8-9f80-fceeb1c33e71,tesla_model_y_robotaxi_2024,departure,twin,c5dbc377-0195-4420-96d0-6125017cf19e
22222222-2222-2222-2222-222222222222,2026-08-20T21:02:31.741782Z,5e4b54f6-ba19-4a30-9d26-2a4ed4810d6e,waymo_jaguar_ipace_2024,departure,twin,c5dbc377-0195-4420-96d0-6125017cf19e
22222222-2222-2222-2222-222222222222,2026-08-20T21:02:31.741782Z,4374f6a6-aa2e-4298-8fa2-1b30da90280e,zoox_robotaxi_2024,departure,twin,c5dbc377-0195-4420-96d0-6125017cf19e
22222222-2222-2222-2222-222222222222,2026-08-20T21:03:45.566184Z,2547bf99-05c5-4055-9daa-c9e2a99da11d,tesla_model_y_robotaxi_2024,departure,twin,2010f408-d7c1-4bed-90ed-198fa3e90e87
22222222-2222-2222-2222-222222222222,2026-08-20T21:03:45.566184Z,3b6f1eb7-15f4-48e5-956c-9b261b9fcae1,waymo_jaguar_ipace_2024,departure,twin,2010f408-d7c1-4bed-90ed-198fa3e90e87
22222222-2222-2222-2222-222222222222,2026-08-20T21:03:45.566184Z,8ed8211d-aaa2-4051-b116-8f9f2501fc51,waymo_jaguar_ipace_2024,departure,twin,2010f408-d7c1-4bed-90ed-198fa3e90e87
22222222-2222-2222-2222-222222222222,2026-08-20T21:03:45.566184Z,f2cc320b-7543-47cf-a66d-37acee233f1b,tesla_model_y_robotaxi_2024,departure,twin,2010f408-d7c1-4bed-90ed-198fa3e90e87
22222222-2222-2222-2222-222222222222,2026-08-20T21:05:32.269186Z,02f1a60b-27e8-46a3-831b-d9232cc510a0,tesla_model_y_robotaxi_2024,departure,twin,943936c5-37cf-4dcc-b600-47366d1f3138
22222222-2222-2222-2222-222222222222,2026-08-20T21:05:32.269186Z,2be09ec0-e78a-4cd8-9f80-fceeb1c33e71,tesla_model_y_robotaxi_2024,departure,twin,943936c5-37cf-4dcc-b600-47366d1f3138
22222222-2222-2222-2222-222222222222,2026-08-20T21:05:32.269186Z,5e4b54f6-ba19-4a30-9d26-2a4ed4810d6e,waymo_jaguar_ipace_2024,departure,twin,943936c5-37cf-4dcc-b600-47366d1f3138
22222222-2222-2222-2222-222222222222,2026-08-20T21:05:32.269186Z,4374f6a6-aa2e-4298-8fa2-1b30da90280e,zoox_robotaxi_2024,departure,twin,943936c5-37cf-4dcc-b600-47366d1f3138
22222222-2222-2222-2222-222222222222,2026-08-20T21:05:39.028103Z,8ed8211d-aaa2-4051-b116-8f9f2501fc51,waymo_jaguar_ipace_2024,departure,twin,c507bce2-9e55-4f45-a388-5be005beacfd
22222222-2222-2222-2222-222222222222,2026-08-20T21:05:39.028103Z,f2cc320b-7543-47cf-a66d-37acee233f1b,tesla_model_y_robotaxi_2024,departure,twin,c507bce2-9e55-4f45-a388-5be005beacfd
22222222-2222-2222-2222-222222222222,2026-08-20T21:05:39.028103Z,2547bf99-05c5-4055-9daa-c9e2a99da11d,tesla_model_y_robotaxi_2024,departure,twin,c507bce2-9e55-4f45-a388-5be005beacfd
22222222-2222-2222-2222-222222222222,2026-08-20T21:05:39.028103Z,3b6f1eb7-15f4-48e5-956c-9b261b9fcae1,waymo_jaguar_ipace_2024,departure,twin,c507bce2-9e55-4f45-a388-5be005beacfd
22222222-2222-2222-2222-222222222222,2026-08-20T21:25:37.378401Z,0d13e7d4-4707-44be-a233-8a3e849a23c5,waymo_jaguar_ipace_2024,departure,twin,f3a1d43b-789b-4c6c-8f11-3e3a6b3ab38f
22222222-2222-2222-2222-222222222222,2026-08-20T21:25:37.378401Z,19ec1471-8525-4d88-801f-4cfee46f5ded,zoox_robotaxi_2024,departure,twin,f3a1d43b-789b-4c6c-8f11-3e3a6b3ab38f
22222222-2222-2222-2222-222222222222,2026-08-20T21:25:37.378401Z,4ce2666e-66b5-4053-9b4c-c8ad06a46557,tesla_model_y_robotaxi_2024,departure,twin,f3a1d43b-789b-4c6c-8f11-3e3a6b3ab38f
22222222-2222-2222-2222-222222222222,2026-08-20T21:25:37.378401Z,8d4890b5-dd19-4bf9-b7be-3ef918ff1653,waymo_jaguar_ipace_2024,departure,twin,f3a1d43b-789b-4c6c-8f11-3e3a6b3ab38f
22222222-2222-2222-2222-222222222222,2026-08-20T22:40:26.979248Z,64710503-d52c-42ae-bddf-53aec572c4d9,waymo_jaguar_ipace_2024,departure,twin,ead7911f-71e9-4da1-b601-c181e0ffeb1e
22222222-2222-2222-2222-222222222222,2026-08-20T22:40:26.979248Z,6860a969-bb88-416f-a3bf-545884f04aa8,waymo_jaguar_ipace_2024,departure,twin,ead7911f-71e9-4da1-b601-c181e0ffeb1e
22222222-2222-2222-2222-222222222222,2026-08-20T22:40:26.979248Z,9240c4c6-422b-4ac5-b65d-321faac569ce,waymo_jaguar_ipace_2024,departure,twin,ead7911f-71e9-4da1-b601-c181e0ffeb1e
22222222-2222-2222-2222-222222222222,2026-08-20T22:40:26.979248Z,c3f78336-f475-4d29-bf59-0261114066ef,tesla_model_y_robotaxi_2024,departure,twin,ead7911f-71e9-4da1-b601-c181e0ffeb1e
22222222-2222-2222-2222-222222222222,2026-08-20T22:40:26.979248Z,4cd2b777-e994-41b3-8542-fdf0f5d88189,waymo_jaguar_ipace_2024,departure,twin,ead7911f-71e9-4da1-b601-c181e0ffeb1e
22222222-2222-2222-2222-222222222222,2026-08-20T22:40:26.979248Z,51766e8e-fe42-436d-b37a-10215bdb6798,waymo_jaguar_ipace_2024,departure,twin,ead7911f-71e9-4da1-b601-c181e0ffeb1e
22222222-2222-2222-2222-222222222222,2026-08-20T22:40:26.979248Z,55a6bddc-f019-4989-a335-81cbde15b44e,zoox_robotaxi_2024,departure,twin,ead7911f-71e9-4da1-b601-c181e0ffeb1e
22222222-2222-2222-2222-222222222222,2026-08-20T22:40:26.979248Z,5e4b54f6-ba19-4a30-9d26-2a4ed4810d6e,waymo_jaguar_ipace_2024,departure,twin,ead7911f-71e9-4da1-b601-c181e0ffeb1e
22222222-2222-2222-2222-222222222222,2026-08-20T22:40:26.979248Z,618e0836-b6e1-459d-9955-38857bf1cbff,waymo_jaguar_ipace_2024,departure,twin,ead7911f-71e9-4da1-b601-c181e0ffeb1e
22222222-2222-2222-2222-222222222222,2026-08-20T22:40:26.979248Z,661b3e46-d875-466f-bedd-605fd87ac4d7,waymo_jaguar_ipace_2024,departure,twin,ead7911f-71e9-4da1-b601-c181e0ffeb1e
22222222-2222-2222-2222-222222222222,2026-08-20T22:40:26.979248Z,7026f086-5ec4-485c-ae41-87bee8f181f1,waymo_jaguar_ipace_2024,departure,twin,ead7911f-71e9-4da1-b601-c181e0ffeb1e
22222222-2222-2222-2222-222222222222,2026-08-20T22:40:26.979248Z,838200a0-b464-4eb0-9cab-faaee1f80b5a,zoox_robotaxi_2024,departure,twin,ead7911f-71e9-4da1-b601-c181e0ffeb1e
22222222-2222-2222-2222-222222222222,2026-08-20T22:40:26.979248Z,99860ea8-ecf6-4bb7-8a59-52db6e90e8d9,waymo_jaguar_ipace_2024,departure,twin,ead7911f-71e9-4da1-b601-c181e0ffeb1e
22222222-2222-2222-2222-222222222222,2026-08-20T22:40:26.979248Z,9ec6cbc8-535e-4984-8fe2-1ac46abb9e00,waymo_jaguar_ipace_2024,departure,twin,ead7911f-71e9-4da1-b601-c181e0ffeb1e
22222222-2222-2222-2222-222222222222,2026-08-20T22:40:26.979248Z,ad5abf3e-30c0-461f-b268-471bbe24986b,zoox_robotaxi_2024,departure,twin,ead7911f-71e9-4da1-b601-c181e0ffeb1e
22222222-2222-2222-2222-222222222222,2026-08-20T22:40:26.979248Z,b41ab68e-d488-4102-ba08-502df168a1a1,waymo_jaguar_ipace_2024,departure,twin,ead7911f-71e9-4da1-b601-c181e0ffeb1e
22222222-2222-2222-2222-222222222222,2026-08-20T22:40:26.979248Z,bfc95659-513d-4d55-b665-525b9e9e14e5,waymo_jaguar_ipace_2024,departure,twin,ead7911f-71e9-4da1-b601-c181e0ffeb1e
22222222-2222-2222-2222-222222222222,2026-08-20T22:40:26.979248Z,c97a907b-eb50-49d4-81d2-ed38c1ab2616,zoox_robotaxi_2024,departure,twin,ead7911f-71e9-4da1-b601-c181e0ffeb1e
22222222-2222-2222-2222-222222222222,2026-08-20T22:40:26.979248Z,c98ef465-ea69-4da9-a0a8-55a9842b570b,zoox_robotaxi_2024,departure,twin,ead7911f-71e9-4da1-b601-c181e0ffeb1e
22222222-2222-2222-2222-222222222222,2026-08-20T22:40:26.979248Z,f7940696-0800-49d0-9405-e1bae1f790e5,zoox_robotaxi_2024,departure,twin,ead7911f-71e9-4da1-b601-c181e0ffeb1e
22222222-2222-2222-2222-222222222222,2026-08-20T22:40:26.979248Z,695b1879-46d1-4c5b-a76a-a6809490ec65,zoox_robotaxi_2024,departure,twin,ead7911f-71e9-4da1-b601-c181e0ffeb1e
22222222-2222-2222-2222-222222222222,2026-08-20T22:40:26.979248Z,6bff9287-c9b9-49e3-a94f-36b3543a8b9c,zoox_robotaxi_2024,departure,twin,ead7911f-71e9-4da1-b601-c181e0ffeb1e
22222222-2222-2222-2222-222222222222,2026-08-20T22:40:26.979248Z,78ee0dfd-ba9e-430c-b753-2c589c9183f2,zoox_robotaxi_2024,departure,twin,ead7911f-71e9-4da1-b601-c181e0ffeb1e
22222222-2222-2222-2222-222222222222,2026-08-20T22:40:26.979248Z,87b6dc31-cb87-4327-83d5-7ac9ffdf4988,zoox_robotaxi_2024,departure,twin,ead7911f-71e9-4da1-b601-c181e0ffeb1e
22222222-2222-2222-2222-222222222222,2026-08-20T22:40:26.979248Z,890bef23-55ab-4001-aceb-538b3633cc73,zoox_robotaxi_2024,departure,twin,ead7911f-71e9-4da1-b601-c181e0ffeb1e
22222222-2222-2222-2222-222222222222,2026-08-20T22:40:26.979248Z,9e9193b9-e6e9-4f2a-8eaf-bc5dfceec4a2,zoox_robotaxi_2024,departure,twin,ead7911f-71e9-4da1-b601-c181e0ffeb1e
22222222-2222-2222-2222-222222222222,2026-08-20T22:40:26.979248Z,b00dca0e-3209-478b-ad8b-7984d7b16a8c,zoox_robotaxi_2024,departure,twin,ead7911f-71e9-4da1-b601-c181e0ffeb1e
22222222-2222-2222-2222-222222222222,2026-08-20T22:40:26.979248Z,e91eda35-7043-4ba9-8a16-972b2cc07e39,zoox_robotaxi_2024,departure,twin,ead7911f-71e9-4da1-b601-c181e0ffeb1e
22222222-2222-2222-2222-222222222222,2026-08-20T22:40:26.979248Z,f366ac68-5b23-49e7-8d02-0ade68526c5e,zoox_robotaxi_2024,departure,twin,ead7911f-71e9-4da1-b601-c181e0ffeb1e
22222222-2222-2222-2222-222222222222,2026-08-20T22:40:26.979248Z,f72a1d21-3532-40ca-a69e-8ef5a4be38a0,zoox_robotaxi_2024,departure,twin,ead7911f-71e9-4da1-b601-c181e0ffeb1e
22222222-2222-2222-2222-222222222222,2026-08-20T22:40:26.979248Z,a5af28d4-d135-4617-a379-d20cf703d54d,tesla_model_y_robotaxi_2024,departure,twin,ead7911f-71e9-4da1-b601-c181e0ffeb1e
22222222-2222-2222-2222-222222222222,2026-08-20T22:40:26.979248Z,00d5597b-d714-470c-b86c-95e8f4f600ce,waymo_jaguar_ipace_2024,departure,twin,ead7911f-71e9-4da1-b601-c181e0ffeb1e
22222222-2222-2222-2222-222222222222,2026-08-20T22:40:26.979248Z,01b10692-0e0e-42c5-9889-f461f60471cf,zoox_robotaxi_2024,departure,twin,ead7911f-71e9-4da1-b601-c181e0ffeb1e
22222222-2222-2222-2222-222222222222,2026-08-20T22:40:26.979248Z,02734f04-7f30-40eb-beb2-36e5d401c697,zoox_robotaxi_2024,departure,twin,ead7911f-71e9-4da1-b601-c181e0ffeb1e
22222222-2222-2222-2222-222222222222,2026-08-20T22:40:26.979248Z,03812c6f-407b-4782-858f-c15cdbaf8de7,waymo_jaguar_ipace_2024,departure,twin,ead7911f-71e9-4da1-b601-c181e0ffeb1e
22222222-2222-2222-2222-222222222222,2026-08-20T22:40:26.979248Z,053b8abd-e2b6-4b19-9bfc-314430947773,waymo_jaguar_ipace_2024,departure,twin,ead7911f-71e9-4da1-b601-c181e0ffeb1e
22222222-2222-2222-2222-222222222222,2026-08-20T22:40:26.979248Z,0b8d2e11-fac3-40f3-883e-1d37cb7e6da5,waymo_jaguar_ipace_2024,departure,twin,ead7911f-71e9-4da1-b601-c181e0ffeb1e
22222222-2222-2222-2222-222222222222,2026-08-20T22:40:26.979248Z,0bfd4d59-44f9-4a57-8c06-51bc00a2a6b9,tesla_model_y_robotaxi_2024,departure,twin,ead7911f-71e9-4da1-b601-c181e0ffeb1e
22222222-2222-2222-2222-222222222222,2026-08-20T22:40:26.979248Z,0d13e7d4-4707-44be-a233-8a3e849a23c5,waymo_jaguar_ipace_2024,departure,twin,ead7911f-71e9-4da1-b601-c181e0ffeb1e
22222222-2222-2222-2222-222222222222,2026-08-20T22:40:26.979248Z,10b4f941-b257-4571-948d-cc7b72d0fb52,tesla_model_y_robotaxi_2024,departure,twin,ead7911f-71e9-4da1-b601-c181e0ffeb1e
22222222-2222-2222-2222-222222222222,2026-08-20T22:40:26.979248Z,138f4a23-c5c8-4b89-96a0-c72ebb6aee0c,tesla_model_y_robotaxi_2024,departure,twin,ead7911f-71e9-4da1-b601-c181e0ffeb1e
22222222-2222-2222-2222-222222222222,2026-08-20T22:40:26.979248Z,14b02ad9-b6f6-4a74-867c-2a6ba9daf8e0,waymo_jaguar_ipace_2024,departure,twin,ead7911f-71e9-4da1-b601-c181e0ffeb1e
22222222-2222-2222-2222-222222222222,2026-08-20T22:40:26.979248Z,1973c5a4-5670-46fa-bbe2-5f6a3a1d0c6a,zoox_robotaxi_2024,departure,twin,ead7911f-71e9-4da1-b601-c181e0ffeb1e
22222222-2222-2222-2222-222222222222,2026-08-20T22:40:26.979248Z,19b9bcf6-0586-4238-b70e-9ce1d490efe9,zoox_robotaxi_2024,departure,twin,ead7911f-71e9-4da1-b601-c181e0ffeb1e
22222222-2222-2222-2222-222222222222,2026-08-20T22:40:26.979248Z,19ec1471-8525-4d88-801f-4cfee46f5ded,zoox_robotaxi_2024,departure,twin,ead7911f-71e9-4da1-b601-c181e0ffeb1e
22222222-2222-2222-2222-222222222222,2026-08-20T22:40:26.979248Z,1aacf90d-d4e1-415e-ba09-603c306dffef,zoox_robotaxi_2024,departure,twin,ead7911f-71e9-4da1-b601-c181e0ffeb1e
22222222-2222-2222-2222-222222222222,2026-08-20T22:40:26.979248Z,1c9aff71-a240-4bfe-b55a-d0eaa2ec6116,tesla_model_y_robotaxi_2024,departure,twin,ead7911f-71e9-4da1-b601-c181e0ffeb1e
22222222-2222-2222-2222-222222222222,2026-08-20T22:40:26.979248Z,25061aa9-5a61-481b-acee-0aa08dd7066f,tesla_model_y_robotaxi_2024,departure,twin,ead7911f-71e9-4da1-b601-c181e0ffeb1e
22222222-2222-2222-2222-222222222222,2026-08-20T22:40:26.979248Z,2547bf99-05c5-4055-9daa-c9e2a99da11d,tesla_model_y_robotaxi_2024,departure,twin,ead7911f-71e9-4da1-b601-c181e0ffeb1e
22222222-2222-2222-2222-222222222222,2026-08-20T22:40:26.979248Z,27be18c4-bd2e-44ac-9eb5-1d1edc2809b7,zoox_robotaxi_2024,departure,twin,ead7911f-71e9-4da1-b601-c181e0ffeb1e
22222222-2222-2222-2222-222222222222,2026-08-20T22:40:26.979248Z,32a91a14-aac6-4c58-924e-e61a6766978b,waymo_jaguar_ipace_2024,departure,twin,ead7911f-71e9-4da1-b601-c181e0ffeb1e
22222222-2222-2222-2222-222222222222,2026-08-20T22:40:26.979248Z,32b62034-d7c6-4dbd-b9a4-78e708ec4c1c,waymo_jaguar_ipace_2024,departure,twin,ead7911f-71e9-4da1-b601-c181e0ffeb1e
22222222-2222-2222-2222-222222222222,2026-08-20T22:40:26.979248Z,36ff94e5-663b-408d-bebc-3d56508d4996,tesla_model_y_robotaxi_2024,departure,twin,ead7911f-71e9-4da1-b601-c181e0ffeb1e
22222222-2222-2222-2222-222222222222,2026-08-20T22:40:26.979248Z,3b6f1eb7-15f4-48e5-956c-9b261b9fcae1,waymo_jaguar_ipace_2024,departure,twin,ead7911f-71e9-4da1-b601-c181e0ffeb1e
22222222-2222-2222-2222-222222222222,2026-08-20T22:40:26.979248Z,3fc2148f-fe15-42b9-8e9a-619351c746e4,waymo_jaguar_ipace_2024,departure,twin,ead7911f-71e9-4da1-b601-c181e0ffeb1e
22222222-2222-2222-2222-222222222222,2026-08-20T22:40:26.979248Z,4374f6a6-aa2e-4298-8fa2-1b30da90280e,zoox_robotaxi_2024,departure,twin,ead7911f-71e9-4da1-b601-c181e0ffeb1e
22222222-2222-2222-2222-222222222222,2026-08-20T22:40:26.979248Z,45c66200-75cd-4f06-a41f-6534e1c311aa,zoox_robotaxi_2024,departure,twin,ead7911f-71e9-4da1-b601-c181e0ffeb1e
22222222-2222-2222-2222-222222222222,2026-08-20T22:40:26.979248Z,464c07e3-3699-4238-90d6-ea1325d0b36c,tesla_model_y_robotaxi_2024,departure,twin,ead7911f-71e9-4da1-b601-c181e0ffeb1e
22222222-2222-2222-2222-222222222222,2026-08-20T22:40:26.979248Z,4732bf55-398f-4430-bc4c-0d14d4b89e2e,waymo_jaguar_ipace_2024,departure,twin,ead7911f-71e9-4da1-b601-c181e0ffeb1e
22222222-2222-2222-2222-222222222222,2026-08-20T22:40:26.979248Z,4992b1fa-fc81-445e-a203-657094d89f18,waymo_jaguar_ipace_2024,departure,twin,ead7911f-71e9-4da1-b601-c181e0ffeb1e
22222222-2222-2222-2222-222222222222,2026-08-20T22:40:26.979248Z,4a35c33f-b875-4cc6-a54d-85060633b711,waymo_jaguar_ipace_2024,departure,twin,ead7911f-71e9-4da1-b601-c181e0ffeb1e
22222222-2222-2222-2222-222222222222,2026-08-20T22:40:26.979248Z,4ce2666e-66b5-4053-9b4c-c8ad06a46557,tesla_model_y_robotaxi_2024,departure,twin,ead7911f-71e9-4da1-b601-c181e0ffeb1e
22222222-2222-2222-2222-222222222222,2026-08-20T22:40:26.979248Z,4f558f2c-7f46-4c12-8a13-351371d828b6,waymo_jaguar_ipace_2024,departure,twin,ead7911f-71e9-4da1-b601-c181e0ffeb1e
22222222-2222-2222-2222-222222222222,2026-08-20T22:40:26.979248Z,524312ab-2416-46fd-aebb-34d785ef7da6,waymo_jaguar_ipace_2024,departure,twin,ead7911f-71e9-4da1-b601-c181e0ffeb1e
22222222-2222-2222-2222-222222222222,2026-08-20T22:40:26.979248Z,5dfd9db9-4262-4a7f-8f7e-055ce7a5e426,tesla_model_y_robotaxi_2024,departure,twin,ead7911f-71e9-4da1-b601-c181e0ffeb1e
22222222-2222-2222-2222-222222222222,2026-08-20T22:40:26.979248Z,53e3dc12-2d7e-4d7b-8dbf-79a5eeef13ce,tesla_model_y_robotaxi_2024,departure,twin,ead7911f-71e9-4da1-b601-c181e0ffeb1e
22222222-2222-2222-2222-222222222222,2026-08-20T22:40:26.979248Z,8d4890b5-dd19-4bf9-b7be-3ef918ff1653,waymo_jaguar_ipace_2024,departure,twin,ead7911f-71e9-4da1-b601-c181e0ffeb1e
22222222-2222-2222-2222-222222222222,2026-08-20T22:40:26.979248Z,8e00a933-eb0f-4d8e-9a0a-1d5b47ae95ed,zoox_robotaxi_2024,departure,twin,ead7911f-71e9-4da1-b601-c181e0ffeb1e
22222222-2222-2222-2222-222222222222,2026-08-20T22:40:26.979248Z,8ed8211d-aaa2-4051-b116-8f9f2501fc51,waymo_jaguar_ipace_2024,departure,twin,ead7911f-71e9-4da1-b601-c181e0ffeb1e
22222222-2222-2222-2222-222222222222,2026-08-20T22:40:26.979248Z,90c00fd5-03c2-4a5c-acdd-1fbcb709dfb2,tesla_model_y_robotaxi_2024,departure,twin,ead7911f-71e9-4da1-b601-c181e0ffeb1e
22222222-2222-2222-2222-222222222222,2026-08-20T22:40:26.979248Z,964bd583-6d45-459b-8bca-4c415c0993d3,tesla_model_y_robotaxi_2024,departure,twin,ead7911f-71e9-4da1-b601-c181e0ffeb1e
22222222-2222-2222-2222-222222222222,2026-08-20T22:40:26.979248Z,983002e6-790f-4e92-9722-b034571c7f47,waymo_jaguar_ipace_2024,departure,twin,ead7911f-71e9-4da1-b601-c181e0ffeb1e
22222222-2222-2222-2222-222222222222,2026-08-20T22:40:26.979248Z,98899633-be7c-42cb-9046-56321fb60f9d,zoox_robotaxi_2024,departure,twin,ead7911f-71e9-4da1-b601-c181e0ffeb1e
22222222-2222-2222-2222-222222222222,2026-08-20T22:40:26.979248Z,acba173d-89ed-4221-a7f7-52ae57693c67,tesla_model_y_robotaxi_2024,departure,twin,ead7911f-71e9-4da1-b601-c181e0ffeb1e
22222222-2222-2222-2222-222222222222,2026-08-20T22:40:26.979248Z,b6e8b116-0650-4d3b-b4d7-d78bd454f7e0,tesla_model_y_robotaxi_2024,departure,twin,ead7911f-71e9-4da1-b601-c181e0ffeb1e
22222222-2222-2222-2222-222222222222,2026-08-20T22:40:26.979248Z,ba70312c-6d2b-4c96-92a9-86c31ca2ca63,tesla_model_y_robotaxi_2024,departure,twin,ead7911f-71e9-4da1-b601-c181e0ffeb1e
22222222-2222-2222-2222-222222222222,2026-08-20T22:40:26.979248Z,c1b40f85-c4e3-40c7-afba-d1aec9ed876b,waymo_jaguar_ipace_2024,departure,twin,ead7911f-71e9-4da1-b601-c181e0ffeb1e
22222222-2222-2222-2222-222222222222,2026-08-20T22:40:26.979248Z,c433a36d-8782-46b2-b128-3e345bcbd186,waymo_jaguar_ipace_2024,departure,twin,ead7911f-71e9-4da1-b601-c181e0ffeb1e
22222222-2222-2222-2222-222222222222,2026-08-20T22:40:26.979248Z,c8663fd7-b423-4398-9a18-a2ba5310feb7,tesla_model_y_robotaxi_2024,departure,twin,ead7911f-71e9-4da1-b601-c181e0ffeb1e
22222222-2222-2222-2222-222222222222,2026-08-20T22:40:26.979248Z,cef7d122-6498-4555-8eba-8a6d51644d74,tesla_model_y_robotaxi_2024,departure,twin,ead7911f-71e9-4da1-b601-c181e0ffeb1e
22222222-2222-2222-2222-222222222222,2026-08-20T22:40:26.979248Z,dbade82d-51ef-40bf-b21b-8103ad487d91,tesla_model_y_robotaxi_2024,departure,twin,ead7911f-71e9-4da1-b601-c181e0ffeb1e
22222222-2222-2222-2222-222222222222,2026-08-20T22:40:26.979248Z,ddf31311-e84f-4ef4-915a-c5ed82ae29ff,waymo_jaguar_ipace_2024,departure,twin,ead7911f-71e9-4da1-b601-c181e0ffeb1e
22222222-2222-2222-2222-222222222222,2026-08-20T22:40:26.979248Z,f1776816-85e4-4ed0-8890-fe115c1c9f73,waymo_jaguar_ipace_2024,departure,twin,ead7911f-71e9-4da1-b601-c181e0ffeb1e
22222222-2222-2222-2222-222222222222,2026-08-20T22:40:26.979248Z,f2cc320b-7543-47cf-a66d-37acee233f1b,tesla_model_y_robotaxi_2024,departure,twin,ead7911f-71e9-4da1-b601-c181e0ffeb1e
22222222-2222-2222-2222-222222222222,2026-08-20T22:40:26.979248Z,48ad6e64-7e84-4de3-8c0c-9d3abfaadb8d,waymo_jaguar_ipace_2024,departure,twin,ead7911f-71e9-4da1-b601-c181e0ffeb1e
22222222-2222-2222-2222-222222222222,2026-08-20T22:42:23.463724Z,695b1879-46d1-4c5b-a76a-a6809490ec65,zoox_robotaxi_2024,departure,twin,35a907e7-8536-40c4-bf7f-eafa4d5077a7
22222222-2222-2222-2222-222222222222,2026-08-20T22:42:23.463724Z,6bff9287-c9b9-49e3-a94f-36b3543a8b9c,zoox_robotaxi_2024,departure,twin,35a907e7-8536-40c4-bf7f-eafa4d5077a7
22222222-2222-2222-2222-222222222222,2026-08-20T22:42:23.463724Z,87b6dc31-cb87-4327-83d5-7ac9ffdf4988,zoox_robotaxi_2024,departure,twin,35a907e7-8536-40c4-bf7f-eafa4d5077a7
22222222-2222-2222-2222-222222222222,2026-08-20T22:42:23.463724Z,8e00a933-eb0f-4d8e-9a0a-1d5b47ae95ed,zoox_robotaxi_2024,departure,twin,35a907e7-8536-40c4-bf7f-eafa4d5077a7
22222222-2222-2222-2222-222222222222,2026-08-20T22:42:23.463724Z,9e9193b9-e6e9-4f2a-8eaf-bc5dfceec4a2,zoox_robotaxi_2024,departure,twin,35a907e7-8536-40c4-bf7f-eafa4d5077a7
22222222-2222-2222-2222-222222222222,2026-08-20T22:42:23.463724Z,b00dca0e-3209-478b-ad8b-7984d7b16a8c,zoox_robotaxi_2024,departure,twin,35a907e7-8536-40c4-bf7f-eafa4d5077a7
22222222-2222-2222-2222-222222222222,2026-08-20T22:42:23.463724Z,f366ac68-5b23-49e7-8d02-0ade68526c5e,zoox_robotaxi_2024,departure,twin,35a907e7-8536-40c4-bf7f-eafa4d5077a7
22222222-2222-2222-2222-222222222222,2026-08-20T22:42:23.463724Z,f72a1d21-3532-40ca-a69e-8ef5a4be38a0,zoox_robotaxi_2024,departure,twin,35a907e7-8536-40c4-bf7f-eafa4d5077a7
22222222-2222-2222-2222-222222222222,2026-08-20T22:42:23.463724Z,78ee0dfd-ba9e-430c-b753-2c589c9183f2,zoox_robotaxi_2024,departure,twin,35a907e7-8536-40c4-bf7f-eafa4d5077a7
22222222-2222-2222-2222-222222222222,2026-08-20T22:42:23.463724Z,890bef23-55ab-4001-aceb-538b3633cc73,zoox_robotaxi_2024,departure,twin,35a907e7-8536-40c4-bf7f-eafa4d5077a7
22222222-2222-2222-2222-222222222222,2026-08-20T22:42:23.463724Z,00d5597b-d714-470c-b86c-95e8f4f600ce,waymo_jaguar_ipace_2024,departure,twin,35a907e7-8536-40c4-bf7f-eafa4d5077a7
22222222-2222-2222-2222-222222222222,2026-08-20T22:42:23.463724Z,01b10692-0e0e-42c5-9889-f461f60471cf,zoox_robotaxi_2024,departure,twin,35a907e7-8536-40c4-bf7f-eafa4d5077a7
22222222-2222-2222-2222-222222222222,2026-08-20T22:42:23.463724Z,02734f04-7f30-40eb-beb2-36e5d401c697,zoox_robotaxi_2024,departure,twin,35a907e7-8536-40c4-bf7f-eafa4d5077a7
22222222-2222-2222-2222-222222222222,2026-08-20T22:42:23.463724Z,03812c6f-407b-4782-858f-c15cdbaf8de7,waymo_jaguar_ipace_2024,departure,twin,35a907e7-8536-40c4-bf7f-eafa4d5077a7
22222222-2222-2222-2222-222222222222,2026-08-20T22:42:23.463724Z,053b8abd-e2b6-4b19-9bfc-314430947773,waymo_jaguar_ipace_2024,departure,twin,35a907e7-8536-40c4-bf7f-eafa4d5077a7
22222222-2222-2222-2222-222222222222,2026-08-20T22:42:23.463724Z,0b8d2e11-fac3-40f3-883e-1d37cb7e6da5,waymo_jaguar_ipace_2024,departure,twin,35a907e7-8536-40c4-bf7f-eafa4d5077a7
22222222-2222-2222-2222-222222222222,2026-08-20T22:42:23.463724Z,0bfd4d59-44f9-4a57-8c06-51bc00a2a6b9,tesla_model_y_robotaxi_2024,departure,twin,35a907e7-8536-40c4-bf7f-eafa4d5077a7
22222222-2222-2222-2222-222222222222,2026-08-20T22:42:23.463724Z,0d13e7d4-4707-44be-a233-8a3e849a23c5,waymo_jaguar_ipace_2024,departure,twin,35a907e7-8536-40c4-bf7f-eafa4d5077a7
22222222-2222-2222-2222-222222222222,2026-08-20T22:42:23.463724Z,10b4f941-b257-4571-948d-cc7b72d0fb52,tesla_model_y_robotaxi_2024,departure,twin,35a907e7-8536-40c4-bf7f-eafa4d5077a7
22222222-2222-2222-2222-222222222222,2026-08-20T22:42:23.463724Z,138f4a23-c5c8-4b89-96a0-c72ebb6aee0c,tesla_model_y_robotaxi_2024,departure,twin,35a907e7-8536-40c4-bf7f-eafa4d5077a7
22222222-2222-2222-2222-222222222222,2026-08-20T22:42:23.463724Z,14b02ad9-b6f6-4a74-867c-2a6ba9daf8e0,waymo_jaguar_ipace_2024,departure,twin,35a907e7-8536-40c4-bf7f-eafa4d5077a7
22222222-2222-2222-2222-222222222222,2026-08-20T22:42:23.463724Z,1973c5a4-5670-46fa-bbe2-5f6a3a1d0c6a,zoox_robotaxi_2024,departure,twin,35a907e7-8536-40c4-bf7f-eafa4d5077a7
22222222-2222-2222-2222-222222222222,2026-08-20T22:42:23.463724Z,19b9bcf6-0586-4238-b70e-9ce1d490efe9,zoox_robotaxi_2024,departure,twin,35a907e7-8536-40c4-bf7f-eafa4d5077a7
22222222-2222-2222-2222-222222222222,2026-08-20T22:42:23.463724Z,19ec1471-8525-4d88-801f-4cfee46f5ded,zoox_robotaxi_2024,departure,twin,35a907e7-8536-40c4-bf7f-eafa4d5077a7
22222222-2222-2222-2222-222222222222,2026-08-20T22:42:23.463724Z,1aacf90d-d4e1-415e-ba09-603c306dffef,zoox_robotaxi_2024,departure,twin,35a907e7-8536-40c4-bf7f-eafa4d5077a7
22222222-2222-2222-2222-222222222222,2026-08-20T22:42:23.463724Z,1c9aff71-a240-4bfe-b55a-d0eaa2ec6116,tesla_model_y_robotaxi_2024,departure,twin,35a907e7-8536-40c4-bf7f-eafa4d5077a7
22222222-2222-2222-2222-222222222222,2026-08-20T22:42:23.463724Z,25061aa9-5a61-481b-acee-0aa08dd7066f,tesla_model_y_robotaxi_2024,departure,twin,35a907e7-8536-40c4-bf7f-eafa4d5077a7
22222222-2222-2222-2222-222222222222,2026-08-20T22:42:23.463724Z,2547bf99-05c5-4055-9daa-c9e2a99da11d,tesla_model_y_robotaxi_2024,departure,twin,35a907e7-8536-40c4-bf7f-eafa4d5077a7
22222222-2222-2222-2222-222222222222,2026-08-20T22:42:23.463724Z,27be18c4-bd2e-44ac-9eb5-1d1edc2809b7,zoox_robotaxi_2024,departure,twin,35a907e7-8536-40c4-bf7f-eafa4d5077a7
22222222-2222-2222-2222-222222222222,2026-08-20T22:42:23.463724Z,32a91a14-aac6-4c58-924e-e61a6766978b,waymo_jaguar_ipace_2024,departure,twin,35a907e7-8536-40c4-bf7f-eafa4d5077a7
22222222-2222-2222-2222-222222222222,2026-08-20T22:42:23.463724Z,32b62034-d7c6-4dbd-b9a4-78e708ec4c1c,waymo_jaguar_ipace_2024,departure,twin,35a907e7-8536-40c4-bf7f-eafa4d5077a7
22222222-2222-2222-2222-222222222222,2026-08-20T22:42:23.463724Z,36ff94e5-663b-408d-bebc-3d56508d4996,tesla_model_y_robotaxi_2024,departure,twin,35a907e7-8536-40c4-bf7f-eafa4d5077a7
22222222-2222-2222-2222-222222222222,2026-08-20T22:42:23.463724Z,3b6f1eb7-15f4-48e5-956c-9b261b9fcae1,waymo_jaguar_ipace_2024,departure,twin,35a907e7-8536-40c4-bf7f-eafa4d5077a7
22222222-2222-2222-2222-222222222222,2026-08-20T22:42:23.463724Z,3fc2148f-fe15-42b9-8e9a-619351c746e4,waymo_jaguar_ipace_2024,departure,twin,35a907e7-8536-40c4-bf7f-eafa4d5077a7
22222222-2222-2222-2222-222222222222,2026-08-20T22:42:23.463724Z,4374f6a6-aa2e-4298-8fa2-1b30da90280e,zoox_robotaxi_2024,departure,twin,35a907e7-8536-40c4-bf7f-eafa4d5077a7
22222222-2222-2222-2222-222222222222,2026-08-20T22:42:23.463724Z,45c66200-75cd-4f06-a41f-6534e1c311aa,zoox_robotaxi_2024,departure,twin,35a907e7-8536-40c4-bf7f-eafa4d5077a7
22222222-2222-2222-2222-222222222222,2026-08-20T22:42:23.463724Z,464c07e3-3699-4238-90d6-ea1325d0b36c,tesla_model_y_robotaxi_2024,departure,twin,35a907e7-8536-40c4-bf7f-eafa4d5077a7
22222222-2222-2222-2222-222222222222,2026-08-20T22:42:23.463724Z,4732bf55-398f-4430-bc4c-0d14d4b89e2e,waymo_jaguar_ipace_2024,departure,twin,35a907e7-8536-40c4-bf7f-eafa4d5077a7
22222222-2222-2222-2222-222222222222,2026-08-20T22:42:23.463724Z,4992b1fa-fc81-445e-a203-657094d89f18,waymo_jaguar_ipace_2024,departure,twin,35a907e7-8536-40c4-bf7f-eafa4d5077a7
22222222-2222-2222-2222-222222222222,2026-08-20T22:42:23.463724Z,4a35c33f-b875-4cc6-a54d-85060633b711,waymo_jaguar_ipace_2024,departure,twin,35a907e7-8536-40c4-bf7f-eafa4d5077a7
22222222-2222-2222-2222-222222222222,2026-08-20T22:42:23.463724Z,4ce2666e-66b5-4053-9b4c-c8ad06a46557,tesla_model_y_robotaxi_2024,departure,twin,35a907e7-8536-40c4-bf7f-eafa4d5077a7
22222222-2222-2222-2222-222222222222,2026-08-20T22:42:23.463724Z,4f558f2c-7f46-4c12-8a13-351371d828b6,waymo_jaguar_ipace_2024,departure,twin,35a907e7-8536-40c4-bf7f-eafa4d5077a7
22222222-2222-2222-2222-222222222222,2026-08-20T22:42:23.463724Z,524312ab-2416-46fd-aebb-34d785ef7da6,waymo_jaguar_ipace_2024,departure,twin,35a907e7-8536-40c4-bf7f-eafa4d5077a7
22222222-2222-2222-2222-222222222222,2026-08-20T22:42:23.463724Z,53e3dc12-2d7e-4d7b-8dbf-79a5eeef13ce,tesla_model_y_robotaxi_2024,departure,twin,35a907e7-8536-40c4-bf7f-eafa4d5077a7
22222222-2222-2222-2222-222222222222,2026-08-20T22:42:23.463724Z,5dfd9db9-4262-4a7f-8f7e-055ce7a5e426,tesla_model_y_robotaxi_2024,departure,twin,35a907e7-8536-40c4-bf7f-eafa4d5077a7
22222222-2222-2222-2222-222222222222,2026-08-20T22:42:23.463724Z,8d4890b5-dd19-4bf9-b7be-3ef918ff1653,waymo_jaguar_ipace_2024,departure,twin,35a907e7-8536-40c4-bf7f-eafa4d5077a7
22222222-2222-2222-2222-222222222222,2026-08-20T22:42:23.463724Z,8ed8211d-aaa2-4051-b116-8f9f2501fc51,waymo_jaguar_ipace_2024,departure,twin,35a907e7-8536-40c4-bf7f-eafa4d5077a7
22222222-2222-2222-2222-222222222222,2026-08-20T22:42:23.463724Z,90c00fd5-03c2-4a5c-acdd-1fbcb709dfb2,tesla_model_y_robotaxi_2024,departure,twin,35a907e7-8536-40c4-bf7f-eafa4d5077a7
22222222-2222-2222-2222-222222222222,2026-08-20T22:42:23.463724Z,964bd583-6d45-459b-8bca-4c415c0993d3,tesla_model_y_robotaxi_2024,departure,twin,35a907e7-8536-40c4-bf7f-eafa4d5077a7
22222222-2222-2222-2222-222222222222,2026-08-20T22:42:23.463724Z,983002e6-790f-4e92-9722-b034571c7f47,waymo_jaguar_ipace_2024,departure,twin,35a907e7-8536-40c4-bf7f-eafa4d5077a7
22222222-2222-2222-2222-222222222222,2026-08-20T22:42:23.463724Z,acba173d-89ed-4221-a7f7-52ae57693c67,tesla_model_y_robotaxi_2024,departure,twin,35a907e7-8536-40c4-bf7f-eafa4d5077a7
22222222-2222-2222-2222-222222222222,2026-08-20T22:42:23.463724Z,b6e8b116-0650-4d3b-b4d7-d78bd454f7e0,tesla_model_y_robotaxi_2024,departure,twin,35a907e7-8536-40c4-bf7f-eafa4d5077a7
22222222-2222-2222-2222-222222222222,2026-08-20T22:42:23.463724Z,ba70312c-6d2b-4c96-92a9-86c31ca2ca63,tesla_model_y_robotaxi_2024,departure,twin,35a907e7-8536-40c4-bf7f-eafa4d5077a7
22222222-2222-2222-2222-222222222222,2026-08-20T22:42:23.463724Z,c1b40f85-c4e3-40c7-afba-d1aec9ed876b,waymo_jaguar_ipace_2024,departure,twin,35a907e7-8536-40c4-bf7f-eafa4d5077a7
22222222-2222-2222-2222-222222222222,2026-08-20T22:42:23.463724Z,c433a36d-8782-46b2-b128-3e345bcbd186,waymo_jaguar_ipace_2024,departure,twin,35a907e7-8536-40c4-bf7f-eafa4d5077a7
22222222-2222-2222-2222-222222222222,2026-08-20T22:42:23.463724Z,c8663fd7-b423-4398-9a18-a2ba5310feb7,tesla_model_y_robotaxi_2024,departure,twin,35a907e7-8536-40c4-bf7f-eafa4d5077a7
22222222-2222-2222-2222-222222222222,2026-08-20T22:42:23.463724Z,cef7d122-6498-4555-8eba-8a6d51644d74,tesla_model_y_robotaxi_2024,departure,twin,35a907e7-8536-40c4-bf7f-eafa4d5077a7
22222222-2222-2222-2222-222222222222,2026-08-20T22:42:23.463724Z,dbade82d-51ef-40bf-b21b-8103ad487d91,tesla_model_y_robotaxi_2024,departure,twin,35a907e7-8536-40c4-bf7f-eafa4d5077a7
22222222-2222-2222-2222-222222222222,2026-08-20T22:42:23.463724Z,ddf31311-e84f-4ef4-915a-c5ed82ae29ff,waymo_jaguar_ipace_2024,departure,twin,35a907e7-8536-40c4-bf7f-eafa4d5077a7
22222222-2222-2222-2222-222222222222,2026-08-20T22:42:23.463724Z,f1776816-85e4-4ed0-8890-fe115c1c9f73,waymo_jaguar_ipace_2024,departure,twin,35a907e7-8536-40c4-bf7f-eafa4d5077a7
22222222-2222-2222-2222-222222222222,2026-08-20T22:42:23.463724Z,f2cc320b-7543-47cf-a66d-37acee233f1b,tesla_model_y_robotaxi_2024,departure,twin,35a907e7-8536-40c4-bf7f-eafa4d5077a7
22222222-2222-2222-2222-222222222222,2026-08-20T22:42:23.463724Z,48ad6e64-7e84-4de3-8c0c-9d3abfaadb8d,waymo_jaguar_ipace_2024,departure,twin,35a907e7-8536-40c4-bf7f-eafa4d5077a7
22222222-2222-2222-2222-222222222222,2026-08-20T22:42:23.463724Z,64710503-d52c-42ae-bddf-53aec572c4d9,waymo_jaguar_ipace_2024,departure,twin,35a907e7-8536-40c4-bf7f-eafa4d5077a7
22222222-2222-2222-2222-222222222222,2026-08-20T22:42:23.463724Z,6860a969-bb88-416f-a3bf-545884f04aa8,waymo_jaguar_ipace_2024,departure,twin,35a907e7-8536-40c4-bf7f-eafa4d5077a7
22222222-2222-2222-2222-222222222222,2026-08-20T22:42:23.463724Z,9240c4c6-422b-4ac5-b65d-321faac569ce,waymo_jaguar_ipace_2024,departure,twin,35a907e7-8536-40c4-bf7f-eafa4d5077a7
22222222-2222-2222-2222-222222222222,2026-08-20T22:42:23.463724Z,a5af28d4-d135-4617-a379-d20cf703d54d,tesla_model_y_robotaxi_2024,departure,twin,35a907e7-8536-40c4-bf7f-eafa4d5077a7
22222222-2222-2222-2222-222222222222,2026-08-20T22:42:23.463724Z,c3f78336-f475-4d29-bf59-0261114066ef,tesla_model_y_robotaxi_2024,departure,twin,35a907e7-8536-40c4-bf7f-eafa4d5077a7
22222222-2222-2222-2222-222222222222,2026-08-20T22:42:23.463724Z,4cd2b777-e994-41b3-8542-fdf0f5d88189,waymo_jaguar_ipace_2024,departure,twin,35a907e7-8536-40c4-bf7f-eafa4d5077a7
22222222-2222-2222-2222-222222222222,2026-08-20T22:42:23.463724Z,51766e8e-fe42-436d-b37a-10215bdb6798,waymo_jaguar_ipace_2024,departure,twin,35a907e7-8536-40c4-bf7f-eafa4d5077a7
22222222-2222-2222-2222-222222222222,2026-08-20T22:42:23.463724Z,55a6bddc-f019-4989-a335-81cbde15b44e,zoox_robotaxi_2024,departure,twin,35a907e7-8536-40c4-bf7f-eafa4d5077a7
22222222-2222-2222-2222-222222222222,2026-08-20T22:42:23.463724Z,5e4b54f6-ba19-4a30-9d26-2a4ed4810d6e,waymo_jaguar_ipace_2024,departure,twin,35a907e7-8536-40c4-bf7f-eafa4d5077a7
22222222-2222-2222-2222-222222222222,2026-08-20T22:42:23.463724Z,618e0836-b6e1-459d-9955-38857bf1cbff,waymo_jaguar_ipace_2024,departure,twin,35a907e7-8536-40c4-bf7f-eafa4d5077a7
22222222-2222-2222-2222-222222222222,2026-08-20T22:42:23.463724Z,661b3e46-d875-466f-bedd-605fd87ac4d7,waymo_jaguar_ipace_2024,departure,twin,35a907e7-8536-40c4-bf7f-eafa4d5077a7
22222222-2222-2222-2222-222222222222,2026-08-20T22:42:23.463724Z,7026f086-5ec4-485c-ae41-87bee8f181f1,waymo_jaguar_ipace_2024,departure,twin,35a907e7-8536-40c4-bf7f-eafa4d5077a7
22222222-2222-2222-2222-222222222222,2026-08-20T22:42:23.463724Z,838200a0-b464-4eb0-9cab-faaee1f80b5a,zoox_robotaxi_2024,departure,twin,35a907e7-8536-40c4-bf7f-eafa4d5077a7
22222222-2222-2222-2222-222222222222,2026-08-20T22:42:23.463724Z,98899633-be7c-42cb-9046-56321fb60f9d,zoox_robotaxi_2024,departure,twin,35a907e7-8536-40c4-bf7f-eafa4d5077a7
22222222-2222-2222-2222-222222222222,2026-08-20T22:42:23.463724Z,99860ea8-ecf6-4bb7-8a59-52db6e90e8d9,waymo_jaguar_ipace_2024,departure,twin,35a907e7-8536-40c4-bf7f-eafa4d5077a7
22222222-2222-2222-2222-222222222222,2026-08-20T22:42:23.463724Z,9ec6cbc8-535e-4984-8fe2-1ac46abb9e00,waymo_jaguar_ipace_2024,departure,twin,35a907e7-8536-40c4-bf7f-eafa4d5077a7
22222222-2222-2222-2222-222222222222,2026-08-20T22:42:23.463724Z,ad5abf3e-30c0-461f-b268-471bbe24986b,zoox_robotaxi_2024,departure,twin,35a907e7-8536-40c4-bf7f-eafa4d5077a7
22222222-2222-2222-2222-222222222222,2026-08-20T22:42:23.463724Z,b41ab68e-d488-4102-ba08-502df168a1a1,waymo_jaguar_ipace_2024,departure,twin,35a907e7-8536-40c4-bf7f-eafa4d5077a7
22222222-2222-2222-2222-222222222222,2026-08-20T22:42:23.463724Z,bfc95659-513d-4d55-b665-525b9e9e14e5,waymo_jaguar_ipace_2024,departure,twin,35a907e7-8536-40c4-bf7f-eafa4d5077a7
22222222-2222-2222-2222-222222222222,2026-08-20T22:42:23.463724Z,c97a907b-eb50-49d4-81d2-ed38c1ab2616,zoox_robotaxi_2024,departure,twin,35a907e7-8536-40c4-bf7f-eafa4d5077a7
22222222-2222-2222-2222-222222222222,2026-08-20T22:42:23.463724Z,c98ef465-ea69-4da9-a0a8-55a9842b570b,zoox_robotaxi_2024,departure,twin,35a907e7-8536-40c4-bf7f-eafa4d5077a7
22222222-2222-2222-2222-222222222222,2026-08-20T22:42:23.463724Z,f7940696-0800-49d0-9405-e1bae1f790e5,zoox_robotaxi_2024,departure,twin,35a907e7-8536-40c4-bf7f-eafa4d5077a7
22222222-2222-2222-2222-222222222222,2026-08-20T22:42:23.463724Z,e91eda35-7043-4ba9-8a16-972b2cc07e39,zoox_robotaxi_2024,departure,twin,35a907e7-8536-40c4-bf7f-eafa4d5077a7
11111111-1111-1111-1111-111111111111,2026-08-20T22:49:06.767490Z,b2222222-0002-0002-0002-000000000003,tesla_model_y_robotaxi_2024,arrival,twin,5aa03543-f67c-4178-aea9-891952ed1fb3
11111111-1111-1111-1111-111111111111,2026-08-20T22:49:06.767490Z,b2222222-0002-0002-0002-000000000005,tesla_model_y_robotaxi_2024,arrival,twin,5aa03543-f67c-4178-aea9-891952ed1fb3
11111111-1111-1111-1111-111111111111,2026-08-20T22:49:06.767490Z,87098f16-b5b8-417b-bb6a-95e1ea02f619,zoox_robotaxi_2024,arrival,twin,5aa03543-f67c-4178-aea9-891952ed1fb3
11111111-1111-1111-1111-111111111111,2026-08-20T22:49:06.767490Z,ec5d2c18-bc65-400e-a9db-811be2b75659,tesla_model_y_robotaxi_2024,arrival,twin,5aa03543-f67c-4178-aea9-891952ed1fb3
11111111-1111-1111-1111-111111111111,2026-08-20T22:49:06.767490Z,db9d7b6e-e17c-44db-86d8-cebcf99e24d7,zoox_robotaxi_2024,arrival,twin,5aa03543-f67c-4178-aea9-891952ed1fb3
11111111-1111-1111-1111-111111111111,2026-08-20T22:49:06.767490Z,f5c7d2a9-f6b6-46bb-8e61-5da2ec54b7db,waymo_jaguar_ipace_2024,arrival,twin,5aa03543-f67c-4178-aea9-891952ed1fb3
11111111-1111-1111-1111-111111111111,2026-08-20T22:49:06.767490Z,30892fc2-9078-4ec6-a8dc-006bc667cea3,zoox_robotaxi_2024,arrival,twin,5aa03543-f67c-4178-aea9-891952ed1fb3
11111111-1111-1111-1111-111111111111,2026-08-20T22:49:06.767490Z,c8c7cd10-99de-40ca-a0b2-03324d11ebaa,zoox_robotaxi_2024,arrival,twin,5aa03543-f67c-4178-aea9-891952ed1fb3
11111111-1111-1111-1111-111111111111,2026-08-20T22:49:06.767490Z,00cc3d0a-2518-446b-b9b7-e025e293e37b,waymo_jaguar_ipace_2024,arrival,twin,5aa03543-f67c-4178-aea9-891952ed1fb3
11111111-1111-1111-1111-111111111111,2026-08-20T22:49:06.767490Z,1225f10e-1355-45d5-ae28-2fdffd243425,waymo_jaguar_ipace_2024,arrival,twin,5aa03543-f67c-4178-aea9-891952ed1fb3
11111111-1111-1111-1111-111111111111,2026-08-20T22:49:06.767490Z,73e86c55-4eeb-43b3-943d-f700b40386af,waymo_jaguar_ipace_2024,arrival,twin,5aa03543-f67c-4178-aea9-891952ed1fb3
11111111-1111-1111-1111-111111111111,2026-08-20T22:49:06.767490Z,8eeaaef3-086f-40c8-9e90-1b91d50d3333,waymo_jaguar_ipace_2024,arrival,twin,5aa03543-f67c-4178-aea9-891952ed1fb3
11111111-1111-1111-1111-111111111111,2026-08-20T22:49:06.767490Z,9e05d00e-41f2-4334-b25d-be7588560e82,zoox_robotaxi_2024,arrival,twin,5aa03543-f67c-4178-aea9-891952ed1fb3
11111111-1111-1111-1111-111111111111,2026-08-20T22:49:06.767490Z,091fa637-9f10-4cef-81e1-3ac58ee652a4,waymo_jaguar_ipace_2024,arrival,twin,5aa03543-f67c-4178-aea9-891952ed1fb3
11111111-1111-1111-1111-111111111111,2026-08-20T22:49:06.767490Z,9e209f49-b30d-4544-a310-c76b3fbe8529,tesla_model_y_robotaxi_2024,arrival,twin,5aa03543-f67c-4178-aea9-891952ed1fb3
11111111-1111-1111-1111-111111111111,2026-08-20T22:49:06.767490Z,2bc9a4a0-5f7d-4f1c-bdcd-d9a96efa9fc5,zoox_robotaxi_2024,arrival,twin,5aa03543-f67c-4178-aea9-891952ed1fb3
11111111-1111-1111-1111-111111111111,2026-08-20T22:49:06.767490Z,a45682eb-242b-42d2-9b15-703b54a3e4cc,tesla_model_y_robotaxi_2024,arrival,twin,5aa03543-f67c-4178-aea9-891952ed1fb3
11111111-1111-1111-1111-111111111111,2026-08-20T22:49:06.767490Z,0d43459d-a82f-4d46-9579-43fc89feb981,waymo_jaguar_ipace_2024,arrival,twin,5aa03543-f67c-4178-aea9-891952ed1fb3
11111111-1111-1111-1111-111111111111,2026-08-20T22:49:06.767490Z,9be45c35-ab40-4b47-8ea6-c4eecb5860b4,tesla_model_y_robotaxi_2024,arrival,twin,5aa03543-f67c-4178-aea9-891952ed1fb3
11111111-1111-1111-1111-111111111111,2026-08-20T22:49:06.767490Z,a0ef8ae7-a873-4ec3-a040-1adb3e30b3d4,waymo_jaguar_ipace_2024,arrival,twin,5aa03543-f67c-4178-aea9-891952ed1fb3
11111111-1111-1111-1111-111111111111,2026-08-20T22:49:06.767490Z,b19025e6-7990-4ab9-93a5-31eb9734e50b,tesla_model_y_robotaxi_2024,arrival,twin,5aa03543-f67c-4178-aea9-891952ed1fb3
11111111-1111-1111-1111-111111111111,2026-08-20T22:49:06.767490Z,b2222222-0002-0002-0002-000000000001,tesla_model_y_robotaxi_2024,arrival,twin,5aa03543-f67c-4178-aea9-891952ed1fb3
11111111-1111-1111-1111-111111111111,2026-08-20T22:49:06.767490Z,b2222222-0002-0002-0002-000000000004,tesla_model_y_robotaxi_2024,arrival,twin,5aa03543-f67c-4178-aea9-891952ed1fb3
11111111-1111-1111-1111-111111111111,2026-08-20T22:49:06.767490Z,8f680446-212c-4aca-bf07-f55b7fa0223e,zoox_robotaxi_2024,arrival,twin,5aa03543-f67c-4178-aea9-891952ed1fb3
11111111-1111-1111-1111-111111111111,2026-08-20T22:49:06.767490Z,a1111111-0001-0001-0001-000000000005,waymo_jaguar_ipace_2024,arrival,twin,5aa03543-f67c-4178-aea9-891952ed1fb3
11111111-1111-1111-1111-111111111111,2026-08-20T22:49:06.767490Z,bfbaf0b2-48ad-4283-8391-80f301eda2be,zoox_robotaxi_2024,arrival,twin,5aa03543-f67c-4178-aea9-891952ed1fb3
11111111-1111-1111-1111-111111111111,2026-08-20T22:49:06.767490Z,0cb0532c-6fbb-4ec7-abfb-69e7681e6630,waymo_jaguar_ipace_2024,arrival,twin,5aa03543-f67c-4178-aea9-891952ed1fb3
11111111-1111-1111-1111-111111111111,2026-08-20T22:49:16.658700Z,b73b5763-07e4-48e3-9e8c-3158301af418,tesla_model_y_robotaxi_2024,departure,twin,5aa03543-f67c-4178-aea9-891952ed1fb3
11111111-1111-1111-1111-111111111111,2026-08-20T22:53:20.407824Z,8f680446-212c-4aca-bf07-f55b7fa0223e,zoox_robotaxi_2024,departure,twin,5aa03543-f67c-4178-aea9-891952ed1fb3
22222222-2222-2222-2222-222222222222,2026-08-20T23:10:26.979248Z,9926e267-5f69-4b21-b3ab-b4b3239c1b3b,zoox_robotaxi_2024,departure,twin,ead7911f-71e9-4da1-b601-c181e0ffeb1e
22222222-2222-2222-2222-222222222222,2026-08-20T23:10:26.979248Z,02f1a60b-27e8-46a3-831b-d9232cc510a0,tesla_model_y_robotaxi_2024,departure,twin,ead7911f-71e9-4da1-b601-c181e0ffeb1e
22222222-2222-2222-2222-222222222222,2026-08-20T23:10:26.979248Z,1520dd3c-3658-4cd5-ad83-8c73c35e97c9,tesla_model_y_robotaxi_2024,departure,twin,ead7911f-71e9-4da1-b601-c181e0ffeb1e
22222222-2222-2222-2222-222222222222,2026-08-20T23:10:26.979248Z,3e88b963-abb9-415c-9637-fa8002b0074d,waymo_jaguar_ipace_2024,departure,twin,ead7911f-71e9-4da1-b601-c181e0ffeb1e
22222222-2222-2222-2222-222222222222,2026-08-20T23:10:26.979248Z,e7c0498e-4f61-474f-8934-8864c090cefd,waymo_jaguar_ipace_2024,departure,twin,ead7911f-71e9-4da1-b601-c181e0ffeb1e
22222222-2222-2222-2222-222222222222,2026-08-20T23:12:23.463724Z,9926e267-5f69-4b21-b3ab-b4b3239c1b3b,zoox_robotaxi_2024,departure,twin,35a907e7-8536-40c4-bf7f-eafa4d5077a7
22222222-2222-2222-2222-222222222222,2026-08-20T23:12:23.463724Z,02f1a60b-27e8-46a3-831b-d9232cc510a0,tesla_model_y_robotaxi_2024,departure,twin,35a907e7-8536-40c4-bf7f-eafa4d5077a7
22222222-2222-2222-2222-222222222222,2026-08-20T23:12:23.463724Z,1520dd3c-3658-4cd5-ad83-8c73c35e97c9,tesla_model_y_robotaxi_2024,departure,twin,35a907e7-8536-40c4-bf7f-eafa4d5077a7
22222222-2222-2222-2222-222222222222,2026-08-20T23:12:23.463724Z,3e88b963-abb9-415c-9637-fa8002b0074d,waymo_jaguar_ipace_2024,departure,twin,35a907e7-8536-40c4-bf7f-eafa4d5077a7
22222222-2222-2222-2222-222222222222,2026-08-20T23:12:23.463724Z,e7c0498e-4f61-474f-8934-8864c090cefd,waymo_jaguar_ipace_2024,departure,twin,35a907e7-8536-40c4-bf7f-eafa4d5077a7
22222222-2222-2222-2222-222222222222,2026-08-20T23:25:37.378401Z,02f1a60b-27e8-46a3-831b-d9232cc510a0,tesla_model_y_robotaxi_2024,arrival,twin,f3a1d43b-789b-4c6c-8f11-3e3a6b3ab38f
22222222-2222-2222-2222-222222222222,2026-08-20T23:25:37.378401Z,728d5880-36bc-4b47-b535-4544580ec303,tesla_model_y_robotaxi_2024,departure,twin,f3a1d43b-789b-4c6c-8f11-3e3a6b3ab38f
22222222-2222-2222-2222-222222222222,2026-08-20T23:32:31.741782Z,1520dd3c-3658-4cd5-ad83-8c73c35e97c9,tesla_model_y_robotaxi_2024,arrival,twin,c5dbc377-0195-4420-96d0-6125017cf19e
22222222-2222-2222-2222-222222222222,2026-08-20T23:32:31.741782Z,5dfd9db9-4262-4a7f-8f7e-055ce7a5e426,tesla_model_y_robotaxi_2024,arrival,twin,c5dbc377-0195-4420-96d0-6125017cf19e
22222222-2222-2222-2222-222222222222,2026-08-20T23:32:31.741782Z,6e5c4806-1191-4b8b-b750-d38231213a1b,tesla_model_y_robotaxi_2024,arrival,twin,c5dbc377-0195-4420-96d0-6125017cf19e
22222222-2222-2222-2222-222222222222,2026-08-20T23:32:31.741782Z,c5a58859-4282-42de-b596-0a4f433e05f1,tesla_model_y_robotaxi_2024,arrival,twin,c5dbc377-0195-4420-96d0-6125017cf19e
22222222-2222-2222-2222-222222222222,2026-08-20T23:32:31.741782Z,dbade82d-51ef-40bf-b21b-8103ad487d91,tesla_model_y_robotaxi_2024,arrival,twin,c5dbc377-0195-4420-96d0-6125017cf19e
22222222-2222-2222-2222-222222222222,2026-08-20T23:32:31.741782Z,661b3e46-d875-466f-bedd-605fd87ac4d7,waymo_jaguar_ipace_2024,departure,twin,c5dbc377-0195-4420-96d0-6125017cf19e
22222222-2222-2222-2222-222222222222,2026-08-20T23:32:31.741782Z,90c00fd5-03c2-4a5c-acdd-1fbcb709dfb2,tesla_model_y_robotaxi_2024,departure,twin,c5dbc377-0195-4420-96d0-6125017cf19e
22222222-2222-2222-2222-222222222222,2026-08-20T23:32:31.741782Z,cef7d122-6498-4555-8eba-8a6d51644d74,tesla_model_y_robotaxi_2024,departure,twin,c5dbc377-0195-4420-96d0-6125017cf19e
22222222-2222-2222-2222-222222222222,2026-08-20T23:32:31.741782Z,c1b40f85-c4e3-40c7-afba-d1aec9ed876b,waymo_jaguar_ipace_2024,departure,twin,c5dbc377-0195-4420-96d0-6125017cf19e
22222222-2222-2222-2222-222222222222,2026-08-20T23:32:31.741782Z,9ec6cbc8-535e-4984-8fe2-1ac46abb9e00,waymo_jaguar_ipace_2024,departure,twin,c5dbc377-0195-4420-96d0-6125017cf19e
22222222-2222-2222-2222-222222222222,2026-08-20T23:33:45.566184Z,c8663fd7-b423-4398-9a18-a2ba5310feb7,tesla_model_y_robotaxi_2024,arrival,twin,2010f408-d7c1-4bed-90ed-198fa3e90e87
22222222-2222-2222-2222-222222222222,2026-08-20T23:33:45.566184Z,19ec1471-8525-4d88-801f-4cfee46f5ded,zoox_robotaxi_2024,departure,twin,2010f408-d7c1-4bed-90ed-198fa3e90e87
22222222-2222-2222-2222-222222222222,2026-08-20T23:35:32.269186Z,1520dd3c-3658-4cd5-ad83-8c73c35e97c9,tesla_model_y_robotaxi_2024,arrival,twin,943936c5-37cf-4dcc-b600-47366d1f3138
22222222-2222-2222-2222-222222222222,2026-08-20T23:35:32.269186Z,5dfd9db9-4262-4a7f-8f7e-055ce7a5e426,tesla_model_y_robotaxi_2024,arrival,twin,943936c5-37cf-4dcc-b600-47366d1f3138
22222222-2222-2222-2222-222222222222,2026-08-20T23:35:32.269186Z,6e5c4806-1191-4b8b-b750-d38231213a1b,tesla_model_y_robotaxi_2024,arrival,twin,943936c5-37cf-4dcc-b600-47366d1f3138
22222222-2222-2222-2222-222222222222,2026-08-20T23:35:32.269186Z,c5a58859-4282-42de-b596-0a4f433e05f1,tesla_model_y_robotaxi_2024,arrival,twin,943936c5-37cf-4dcc-b600-47366d1f3138
22222222-2222-2222-2222-222222222222,2026-08-20T23:35:32.269186Z,dbade82d-51ef-40bf-b21b-8103ad487d91,tesla_model_y_robotaxi_2024,arrival,twin,943936c5-37cf-4dcc-b600-47366d1f3138
22222222-2222-2222-2222-222222222222,2026-08-20T23:35:32.269186Z,661b3e46-d875-466f-bedd-605fd87ac4d7,waymo_jaguar_ipace_2024,departure,twin,943936c5-37cf-4dcc-b600-47366d1f3138
22222222-2222-2222-2222-222222222222,2026-08-20T23:35:32.269186Z,90c00fd5-03c2-4a5c-acdd-1fbcb709dfb2,tesla_model_y_robotaxi_2024,departure,twin,943936c5-37cf-4dcc-b600-47366d1f3138
22222222-2222-2222-2222-222222222222,2026-08-20T23:35:32.269186Z,cef7d122-6498-4555-8eba-8a6d51644d74,tesla_model_y_robotaxi_2024,departure,twin,943936c5-37cf-4dcc-b600-47366d1f3138
22222222-2222-2222-2222-222222222222,2026-08-20T23:35:32.269186Z,9ec6cbc8-535e-4984-8fe2-1ac46abb9e00,waymo_jaguar_ipace_2024,departure,twin,943936c5-37cf-4dcc-b600-47366d1f3138
22222222-2222-2222-2222-222222222222,2026-08-20T23:35:32.269186Z,c1b40f85-c4e3-40c7-afba-d1aec9ed876b,waymo_jaguar_ipace_2024,departure,twin,943936c5-37cf-4dcc-b600-47366d1f3138
22222222-2222-2222-2222-222222222222,2026-08-20T23:35:39.028103Z,c8663fd7-b423-4398-9a18-a2ba5310feb7,tesla_model_y_robotaxi_2024,arrival,twin,c507bce2-9e55-4f45-a388-5be005beacfd
22222222-2222-2222-2222-222222222222,2026-08-20T23:35:39.028103Z,19ec1471-8525-4d88-801f-4cfee46f5ded,zoox_robotaxi_2024,departure,twin,c507bce2-9e55-4f45-a388-5be005beacfd
22222222-2222-2222-2222-222222222222,2026-08-20T23:55:37.378401Z,1c9aff71-a240-4bfe-b55a-d0eaa2ec6116,tesla_model_y_robotaxi_2024,arrival,twin,f3a1d43b-789b-4c6c-8f11-3e3a6b3ab38f
22222222-2222-2222-2222-222222222222,2026-08-20T23:55:37.378401Z,6e5c4806-1191-4b8b-b750-d38231213a1b,tesla_model_y_robotaxi_2024,arrival,twin,f3a1d43b-789b-4c6c-8f11-3e3a6b3ab38f
22222222-2222-2222-2222-222222222222,2026-08-20T23:55:37.378401Z,c5a58859-4282-42de-b596-0a4f433e05f1,tesla_model_y_robotaxi_2024,arrival,twin,f3a1d43b-789b-4c6c-8f11-3e3a6b3ab38f
22222222-2222-2222-2222-222222222222,2026-08-20T23:55:37.378401Z,c8663fd7-b423-4398-9a18-a2ba5310feb7,tesla_model_y_robotaxi_2024,arrival,twin,f3a1d43b-789b-4c6c-8f11-3e3a6b3ab38f
22222222-2222-2222-2222-222222222222,2026-08-20T23:55:37.378401Z,dbade82d-51ef-40bf-b21b-8103ad487d91,tesla_model_y_robotaxi_2024,arrival,twin,f3a1d43b-789b-4c6c-8f11-3e3a6b3ab38f
22222222-2222-2222-2222-222222222222,2026-08-20T23:55:37.378401Z,19b9bcf6-0586-4238-b70e-9ce1d490efe9,zoox_robotaxi_2024,departure,twin,f3a1d43b-789b-4c6c-8f11-3e3a6b3ab38f
22222222-2222-2222-2222-222222222222,2026-08-20T23:55:37.378401Z,25061aa9-5a61-481b-acee-0aa08dd7066f,tesla_model_y_robotaxi_2024,departure,twin,f3a1d43b-789b-4c6c-8f11-3e3a6b3ab38f
22222222-2222-2222-2222-222222222222,2026-08-20T23:55:37.378401Z,3fc2148f-fe15-42b9-8e9a-619351c746e4,waymo_jaguar_ipace_2024,departure,twin,f3a1d43b-789b-4c6c-8f11-3e3a6b3ab38f
22222222-2222-2222-2222-222222222222,2026-08-20T23:55:37.378401Z,f2cc320b-7543-47cf-a66d-37acee233f1b,tesla_model_y_robotaxi_2024,departure,twin,f3a1d43b-789b-4c6c-8f11-3e3a6b3ab38f
22222222-2222-2222-2222-222222222222,2026-08-20T23:55:37.378401Z,4cd2b777-e994-41b3-8542-fdf0f5d88189,waymo_jaguar_ipace_2024,departure,twin,f3a1d43b-789b-4c6c-8f11-3e3a6b3ab38f
22222222-2222-2222-2222-222222222222,2026-08-21T00:02:31.741782Z,0bfd4d59-44f9-4a57-8c06-51bc00a2a6b9,tesla_model_y_robotaxi_2024,arrival,twin,c5dbc377-0195-4420-96d0-6125017cf19e
22222222-2222-2222-2222-222222222222,2026-08-21T00:02:31.741782Z,1c9aff71-a240-4bfe-b55a-d0eaa2ec6116,tesla_model_y_robotaxi_2024,arrival,twin,c5dbc377-0195-4420-96d0-6125017cf19e
22222222-2222-2222-2222-222222222222,2026-08-21T00:02:31.741782Z,25061aa9-5a61-481b-acee-0aa08dd7066f,tesla_model_y_robotaxi_2024,arrival,twin,c5dbc377-0195-4420-96d0-6125017cf19e
22222222-2222-2222-2222-222222222222,2026-08-21T00:02:31.741782Z,4992b1fa-fc81-445e-a203-657094d89f18,waymo_jaguar_ipace_2024,arrival,twin,c5dbc377-0195-4420-96d0-6125017cf19e
22222222-2222-2222-2222-222222222222,2026-08-21T00:02:31.741782Z,524312ab-2416-46fd-aebb-34d785ef7da6,waymo_jaguar_ipace_2024,arrival,twin,c5dbc377-0195-4420-96d0-6125017cf19e
22222222-2222-2222-2222-222222222222,2026-08-21T00:02:31.741782Z,acba173d-89ed-4221-a7f7-52ae57693c67,tesla_model_y_robotaxi_2024,arrival,twin,c5dbc377-0195-4420-96d0-6125017cf19e
22222222-2222-2222-2222-222222222222,2026-08-21T00:02:31.741782Z,ba70312c-6d2b-4c96-92a9-86c31ca2ca63,tesla_model_y_robotaxi_2024,arrival,twin,c5dbc377-0195-4420-96d0-6125017cf19e
22222222-2222-2222-2222-222222222222,2026-08-21T00:02:31.741782Z,f1776816-85e4-4ed0-8890-fe115c1c9f73,waymo_jaguar_ipace_2024,departure,twin,c5dbc377-0195-4420-96d0-6125017cf19e
22222222-2222-2222-2222-222222222222,2026-08-21T00:03:45.566184Z,1520dd3c-3658-4cd5-ad83-8c73c35e97c9,tesla_model_y_robotaxi_2024,arrival,twin,2010f408-d7c1-4bed-90ed-198fa3e90e87
22222222-2222-2222-2222-222222222222,2026-08-21T00:03:45.566184Z,25061aa9-5a61-481b-acee-0aa08dd7066f,tesla_model_y_robotaxi_2024,arrival,twin,2010f408-d7c1-4bed-90ed-198fa3e90e87
22222222-2222-2222-2222-222222222222,2026-08-21T00:03:45.566184Z,c5a58859-4282-42de-b596-0a4f433e05f1,tesla_model_y_robotaxi_2024,arrival,twin,2010f408-d7c1-4bed-90ed-198fa3e90e87
22222222-2222-2222-2222-222222222222,2026-08-21T00:03:45.566184Z,dbade82d-51ef-40bf-b21b-8103ad487d91,tesla_model_y_robotaxi_2024,arrival,twin,2010f408-d7c1-4bed-90ed-198fa3e90e87
22222222-2222-2222-2222-222222222222,2026-08-21T00:05:32.269186Z,0bfd4d59-44f9-4a57-8c06-51bc00a2a6b9,tesla_model_y_robotaxi_2024,arrival,twin,943936c5-37cf-4dcc-b600-47366d1f3138
22222222-2222-2222-2222-222222222222,2026-08-21T00:05:32.269186Z,1c9aff71-a240-4bfe-b55a-d0eaa2ec6116,tesla_model_y_robotaxi_2024,arrival,twin,943936c5-37cf-4dcc-b600-47366d1f3138
22222222-2222-2222-2222-222222222222,2026-08-21T00:05:32.269186Z,25061aa9-5a61-481b-acee-0aa08dd7066f,tesla_model_y_robotaxi_2024,arrival,twin,943936c5-37cf-4dcc-b600-47366d1f3138
22222222-2222-2222-2222-222222222222,2026-08-21T00:05:32.269186Z,4992b1fa-fc81-445e-a203-657094d89f18,waymo_jaguar_ipace_2024,arrival,twin,943936c5-37cf-4dcc-b600-47366d1f3138
22222222-2222-2222-2222-222222222222,2026-08-21T00:05:32.269186Z,524312ab-2416-46fd-aebb-34d785ef7da6,waymo_jaguar_ipace_2024,arrival,twin,943936c5-37cf-4dcc-b600-47366d1f3138
22222222-2222-2222-2222-222222222222,2026-08-21T00:05:32.269186Z,acba173d-89ed-4221-a7f7-52ae57693c67,tesla_model_y_robotaxi_2024,arrival,twin,943936c5-37cf-4dcc-b600-47366d1f3138
22222222-2222-2222-2222-222222222222,2026-08-21T00:05:32.269186Z,ba70312c-6d2b-4c96-92a9-86c31ca2ca63,tesla_model_y_robotaxi_2024,arrival,twin,943936c5-37cf-4dcc-b600-47366d1f3138
22222222-2222-2222-2222-222222222222,2026-08-21T00:05:32.269186Z,f1776816-85e4-4ed0-8890-fe115c1c9f73,waymo_jaguar_ipace_2024,departure,twin,943936c5-37cf-4dcc-b600-47366d1f3138
22222222-2222-2222-2222-222222222222,2026-08-21T00:05:39.028103Z,1520dd3c-3658-4cd5-ad83-8c73c35e97c9,tesla_model_y_robotaxi_2024,arrival,twin,c507bce2-9e55-4f45-a388-5be005beacfd
22222222-2222-2222-2222-222222222222,2026-08-21T00:05:39.028103Z,25061aa9-5a61-481b-acee-0aa08dd7066f,tesla_model_y_robotaxi_2024,arrival,twin,c507bce2-9e55-4f45-a388-5be005beacfd
22222222-2222-2222-2222-222222222222,2026-08-21T00:05:39.028103Z,c5a58859-4282-42de-b596-0a4f433e05f1,tesla_model_y_robotaxi_2024,arrival,twin,c507bce2-9e55-4f45-a388-5be005beacfd
22222222-2222-2222-2222-222222222222,2026-08-21T00:05:39.028103Z,dbade82d-51ef-40bf-b21b-8103ad487d91,tesla_model_y_robotaxi_2024,arrival,twin,c507bce2-9e55-4f45-a388-5be005beacfd
22222222-2222-2222-2222-222222222222,2026-08-21T00:25:37.378401Z,0bfd4d59-44f9-4a57-8c06-51bc00a2a6b9,tesla_model_y_robotaxi_2024,arrival,twin,f3a1d43b-789b-4c6c-8f11-3e3a6b3ab38f
22222222-2222-2222-2222-222222222222,2026-08-21T00:25:37.378401Z,10b4f941-b257-4571-948d-cc7b72d0fb52,tesla_model_y_robotaxi_2024,arrival,twin,f3a1d43b-789b-4c6c-8f11-3e3a6b3ab38f
22222222-2222-2222-2222-222222222222,2026-08-21T00:25:37.378401Z,1520dd3c-3658-4cd5-ad83-8c73c35e97c9,tesla_model_y_robotaxi_2024,arrival,twin,f3a1d43b-789b-4c6c-8f11-3e3a6b3ab38f
22222222-2222-2222-2222-222222222222,2026-08-21T00:25:37.378401Z,1ea6a5d7-862d-44cc-a387-86cea6bc4fe4,tesla_model_y_robotaxi_2024,arrival,twin,f3a1d43b-789b-4c6c-8f11-3e3a6b3ab38f
22222222-2222-2222-2222-222222222222,2026-08-21T00:25:37.378401Z,5dfd9db9-4262-4a7f-8f7e-055ce7a5e426,tesla_model_y_robotaxi_2024,arrival,twin,f3a1d43b-789b-4c6c-8f11-3e3a6b3ab38f
22222222-2222-2222-2222-222222222222,2026-08-21T00:25:37.378401Z,6860a969-bb88-416f-a3bf-545884f04aa8,waymo_jaguar_ipace_2024,arrival,twin,f3a1d43b-789b-4c6c-8f11-3e3a6b3ab38f
22222222-2222-2222-2222-222222222222,2026-08-21T00:25:37.378401Z,ba70312c-6d2b-4c96-92a9-86c31ca2ca63,tesla_model_y_robotaxi_2024,arrival,twin,f3a1d43b-789b-4c6c-8f11-3e3a6b3ab38f
22222222-2222-2222-2222-222222222222,2026-08-21T00:25:37.378401Z,4f558f2c-7f46-4c12-8a13-351371d828b6,waymo_jaguar_ipace_2024,departure,twin,f3a1d43b-789b-4c6c-8f11-3e3a6b3ab38f
22222222-2222-2222-2222-222222222222,2026-08-21T00:32:31.741782Z,0b8d2e11-fac3-40f3-883e-1d37cb7e6da5,waymo_jaguar_ipace_2024,arrival,twin,c5dbc377-0195-4420-96d0-6125017cf19e
22222222-2222-2222-2222-222222222222,2026-08-21T00:32:31.741782Z,14b02ad9-b6f6-4a74-867c-2a6ba9daf8e0,waymo_jaguar_ipace_2024,arrival,twin,c5dbc377-0195-4420-96d0-6125017cf19e
22222222-2222-2222-2222-222222222222,2026-08-21T00:32:31.741782Z,1ea6a5d7-862d-44cc-a387-86cea6bc4fe4,tesla_model_y_robotaxi_2024,arrival,twin,c5dbc377-0195-4420-96d0-6125017cf19e
22222222-2222-2222-2222-222222222222,2026-08-21T00:32:31.741782Z,2879307e-1fde-41ca-9309-d0aa11357436,waymo_jaguar_ipace_2024,arrival,twin,c5dbc377-0195-4420-96d0-6125017cf19e
22222222-2222-2222-2222-222222222222,2026-08-21T00:32:31.741782Z,36ff94e5-663b-408d-bebc-3d56508d4996,tesla_model_y_robotaxi_2024,arrival,twin,c5dbc377-0195-4420-96d0-6125017cf19e
22222222-2222-2222-2222-222222222222,2026-08-21T00:32:31.741782Z,3e88b963-abb9-415c-9637-fa8002b0074d,waymo_jaguar_ipace_2024,arrival,twin,c5dbc377-0195-4420-96d0-6125017cf19e
22222222-2222-2222-2222-222222222222,2026-08-21T00:32:31.741782Z,464c07e3-3699-4238-90d6-ea1325d0b36c,tesla_model_y_robotaxi_2024,arrival,twin,c5dbc377-0195-4420-96d0-6125017cf19e
22222222-2222-2222-2222-222222222222,2026-08-21T00:32:31.741782Z,4a35c33f-b875-4cc6-a54d-85060633b711,waymo_jaguar_ipace_2024,arrival,twin,c5dbc377-0195-4420-96d0-6125017cf19e
22222222-2222-2222-2222-222222222222,2026-08-21T00:32:31.741782Z,6860a969-bb88-416f-a3bf-545884f04aa8,waymo_jaguar_ipace_2024,arrival,twin,c5dbc377-0195-4420-96d0-6125017cf19e
22222222-2222-2222-2222-222222222222,2026-08-21T00:32:31.741782Z,728d5880-36bc-4b47-b535-4544580ec303,tesla_model_y_robotaxi_2024,arrival,twin,c5dbc377-0195-4420-96d0-6125017cf19e
22222222-2222-2222-2222-222222222222,2026-08-21T00:32:31.741782Z,964bd583-6d45-459b-8bca-4c415c0993d3,tesla_model_y_robotaxi_2024,arrival,twin,c5dbc377-0195-4420-96d0-6125017cf19e
22222222-2222-2222-2222-222222222222,2026-08-21T00:32:31.741782Z,983002e6-790f-4e92-9722-b034571c7f47,waymo_jaguar_ipace_2024,arrival,twin,c5dbc377-0195-4420-96d0-6125017cf19e
22222222-2222-2222-2222-222222222222,2026-08-21T00:32:31.741782Z,a6e9c009-82e7-4c32-b9be-d3feaad294ca,waymo_jaguar_ipace_2024,arrival,twin,c5dbc377-0195-4420-96d0-6125017cf19e
22222222-2222-2222-2222-222222222222,2026-08-21T00:32:31.741782Z,b6e8b116-0650-4d3b-b4d7-d78bd454f7e0,tesla_model_y_robotaxi_2024,arrival,twin,c5dbc377-0195-4420-96d0-6125017cf19e
22222222-2222-2222-2222-222222222222,2026-08-21T00:32:31.741782Z,2547bf99-05c5-4055-9daa-c9e2a99da11d,tesla_model_y_robotaxi_2024,departure,twin,c5dbc377-0195-4420-96d0-6125017cf19e
22222222-2222-2222-2222-222222222222,2026-08-21T00:32:31.741782Z,c8663fd7-b423-4398-9a18-a2ba5310feb7,tesla_model_y_robotaxi_2024,departure,twin,c5dbc377-0195-4420-96d0-6125017cf19e
22222222-2222-2222-2222-222222222222,2026-08-21T00:32:31.741782Z,0d13e7d4-4707-44be-a233-8a3e849a23c5,waymo_jaguar_ipace_2024,departure,twin,c5dbc377-0195-4420-96d0-6125017cf19e
22222222-2222-2222-2222-222222222222,2026-08-21T00:32:31.741782Z,4ce2666e-66b5-4053-9b4c-c8ad06a46557,tesla_model_y_robotaxi_2024,departure,twin,c5dbc377-0195-4420-96d0-6125017cf19e
22222222-2222-2222-2222-222222222222,2026-08-21T00:32:37.471399Z,00d5597b-d714-470c-b86c-95e8f4f600ce,waymo_jaguar_ipace_2024,departure,twin,da724f40-1aaa-4c4b-a168-2d45b2eb796d
22222222-2222-2222-2222-222222222222,2026-08-21T00:32:37.471399Z,01b10692-0e0e-42c5-9889-f461f60471cf,zoox_robotaxi_2024,departure,twin,da724f40-1aaa-4c4b-a168-2d45b2eb796d
22222222-2222-2222-2222-222222222222,2026-08-21T00:32:37.471399Z,02f1a60b-27e8-46a3-831b-d9232cc510a0,tesla_model_y_robotaxi_2024,departure,twin,da724f40-1aaa-4c4b-a168-2d45b2eb796d
22222222-2222-2222-2222-222222222222,2026-08-21T00:32:37.471399Z,03812c6f-407b-4782-858f-c15cdbaf8de7,waymo_jaguar_ipace_2024,departure,twin,da724f40-1aaa-4c4b-a168-2d45b2eb796d
22222222-2222-2222-2222-222222222222,2026-08-21T00:32:37.471399Z,053b8abd-e2b6-4b19-9bfc-314430947773,waymo_jaguar_ipace_2024,departure,twin,da724f40-1aaa-4c4b-a168-2d45b2eb796d
22222222-2222-2222-2222-222222222222,2026-08-21T00:32:37.471399Z,0b8d2e11-fac3-40f3-883e-1d37cb7e6da5,waymo_jaguar_ipace_2024,departure,twin,da724f40-1aaa-4c4b-a168-2d45b2eb796d
22222222-2222-2222-2222-222222222222,2026-08-21T00:32:37.471399Z,0bfd4d59-44f9-4a57-8c06-51bc00a2a6b9,tesla_model_y_robotaxi_2024,departure,twin,da724f40-1aaa-4c4b-a168-2d45b2eb796d
22222222-2222-2222-2222-222222222222,2026-08-21T00:32:37.471399Z,0d13e7d4-4707-44be-a233-8a3e849a23c5,waymo_jaguar_ipace_2024,departure,twin,da724f40-1aaa-4c4b-a168-2d45b2eb796d
22222222-2222-2222-2222-222222222222,2026-08-21T00:32:37.471399Z,10b4f941-b257-4571-948d-cc7b72d0fb52,tesla_model_y_robotaxi_2024,departure,twin,da724f40-1aaa-4c4b-a168-2d45b2eb796d
22222222-2222-2222-2222-222222222222,2026-08-21T00:32:37.471399Z,138f4a23-c5c8-4b89-96a0-c72ebb6aee0c,tesla_model_y_robotaxi_2024,departure,twin,da724f40-1aaa-4c4b-a168-2d45b2eb796d
22222222-2222-2222-2222-222222222222,2026-08-21T00:32:37.471399Z,14b02ad9-b6f6-4a74-867c-2a6ba9daf8e0,waymo_jaguar_ipace_2024,departure,twin,da724f40-1aaa-4c4b-a168-2d45b2eb796d
22222222-2222-2222-2222-222222222222,2026-08-21T00:32:37.471399Z,1520dd3c-3658-4cd5-ad83-8c73c35e97c9,tesla_model_y_robotaxi_2024,departure,twin,da724f40-1aaa-4c4b-a168-2d45b2eb796d
22222222-2222-2222-2222-222222222222,2026-08-21T00:32:37.471399Z,1973c5a4-5670-46fa-bbe2-5f6a3a1d0c6a,zoox_robotaxi_2024,departure,twin,da724f40-1aaa-4c4b-a168-2d45b2eb796d
22222222-2222-2222-2222-222222222222,2026-08-21T00:32:37.471399Z,19b9bcf6-0586-4238-b70e-9ce1d490efe9,zoox_robotaxi_2024,departure,twin,da724f40-1aaa-4c4b-a168-2d45b2eb796d
22222222-2222-2222-2222-222222222222,2026-08-21T00:32:37.471399Z,19ec1471-8525-4d88-801f-4cfee46f5ded,zoox_robotaxi_2024,departure,twin,da724f40-1aaa-4c4b-a168-2d45b2eb796d
22222222-2222-2222-2222-222222222222,2026-08-21T00:32:37.471399Z,1aacf90d-d4e1-415e-ba09-603c306dffef,zoox_robotaxi_2024,departure,twin,da724f40-1aaa-4c4b-a168-2d45b2eb796d
22222222-2222-2222-2222-222222222222,2026-08-21T00:32:37.471399Z,1c9aff71-a240-4bfe-b55a-d0eaa2ec6116,tesla_model_y_robotaxi_2024,departure,twin,da724f40-1aaa-4c4b-a168-2d45b2eb796d
22222222-2222-2222-2222-222222222222,2026-08-21T00:32:37.471399Z,1ea6a5d7-862d-44cc-a387-86cea6bc4fe4,tesla_model_y_robotaxi_2024,departure,twin,da724f40-1aaa-4c4b-a168-2d45b2eb796d
22222222-2222-2222-2222-222222222222,2026-08-21T00:32:37.471399Z,25061aa9-5a61-481b-acee-0aa08dd7066f,tesla_model_y_robotaxi_2024,departure,twin,da724f40-1aaa-4c4b-a168-2d45b2eb796d
22222222-2222-2222-2222-222222222222,2026-08-21T00:32:37.471399Z,2547bf99-05c5-4055-9daa-c9e2a99da11d,tesla_model_y_robotaxi_2024,departure,twin,da724f40-1aaa-4c4b-a168-2d45b2eb796d
22222222-2222-2222-2222-222222222222,2026-08-21T00:32:37.471399Z,27be18c4-bd2e-44ac-9eb5-1d1edc2809b7,zoox_robotaxi_2024,departure,twin,da724f40-1aaa-4c4b-a168-2d45b2eb796d
22222222-2222-2222-2222-222222222222,2026-08-21T00:32:37.471399Z,2879307e-1fde-41ca-9309-d0aa11357436,waymo_jaguar_ipace_2024,departure,twin,da724f40-1aaa-4c4b-a168-2d45b2eb796d
22222222-2222-2222-2222-222222222222,2026-08-21T00:32:37.471399Z,2be09ec0-e78a-4cd8-9f80-fceeb1c33e71,tesla_model_y_robotaxi_2024,departure,twin,da724f40-1aaa-4c4b-a168-2d45b2eb796d
22222222-2222-2222-2222-222222222222,2026-08-21T00:32:37.471399Z,32a91a14-aac6-4c58-924e-e61a6766978b,waymo_jaguar_ipace_2024,departure,twin,da724f40-1aaa-4c4b-a168-2d45b2eb796d
22222222-2222-2222-2222-222222222222,2026-08-21T00:32:37.471399Z,32b62034-d7c6-4dbd-b9a4-78e708ec4c1c,waymo_jaguar_ipace_2024,departure,twin,da724f40-1aaa-4c4b-a168-2d45b2eb796d
22222222-2222-2222-2222-222222222222,2026-08-21T00:32:37.471399Z,36ff94e5-663b-408d-bebc-3d56508d4996,tesla_model_y_robotaxi_2024,departure,twin,da724f40-1aaa-4c4b-a168-2d45b2eb796d
22222222-2222-2222-2222-222222222222,2026-08-21T00:32:37.471399Z,3b6f1eb7-15f4-48e5-956c-9b261b9fcae1,waymo_jaguar_ipace_2024,departure,twin,da724f40-1aaa-4c4b-a168-2d45b2eb796d
22222222-2222-2222-2222-222222222222,2026-08-21T00:32:37.471399Z,3e88b963-abb9-415c-9637-fa8002b0074d,waymo_jaguar_ipace_2024,departure,twin,da724f40-1aaa-4c4b-a168-2d45b2eb796d
22222222-2222-2222-2222-222222222222,2026-08-21T00:32:37.471399Z,3fc2148f-fe15-42b9-8e9a-619351c746e4,waymo_jaguar_ipace_2024,departure,twin,da724f40-1aaa-4c4b-a168-2d45b2eb796d
22222222-2222-2222-2222-222222222222,2026-08-21T00:32:37.471399Z,4374f6a6-aa2e-4298-8fa2-1b30da90280e,zoox_robotaxi_2024,departure,twin,da724f40-1aaa-4c4b-a168-2d45b2eb796d
22222222-2222-2222-2222-222222222222,2026-08-21T00:32:37.471399Z,464c07e3-3699-4238-90d6-ea1325d0b36c,tesla_model_y_robotaxi_2024,departure,twin,da724f40-1aaa-4c4b-a168-2d45b2eb796d
22222222-2222-2222-2222-222222222222,2026-08-21T00:32:37.471399Z,4732bf55-398f-4430-bc4c-0d14d4b89e2e,waymo_jaguar_ipace_2024,departure,twin,da724f40-1aaa-4c4b-a168-2d45b2eb796d
22222222-2222-2222-2222-222222222222,2026-08-21T00:32:37.471399Z,48ad6e64-7e84-4de3-8c0c-9d3abfaadb8d,waymo_jaguar_ipace_2024,departure,twin,da724f40-1aaa-4c4b-a168-2d45b2eb796d
22222222-2222-2222-2222-222222222222,2026-08-21T00:32:37.471399Z,4a35c33f-b875-4cc6-a54d-85060633b711,waymo_jaguar_ipace_2024,departure,twin,da724f40-1aaa-4c4b-a168-2d45b2eb796d
22222222-2222-2222-2222-222222222222,2026-08-21T00:32:37.471399Z,4cd2b777-e994-41b3-8542-fdf0f5d88189,waymo_jaguar_ipace_2024,departure,twin,da724f40-1aaa-4c4b-a168-2d45b2eb796d
22222222-2222-2222-2222-222222222222,2026-08-21T00:32:37.471399Z,4ce2666e-66b5-4053-9b4c-c8ad06a46557,tesla_model_y_robotaxi_2024,departure,twin,da724f40-1aaa-4c4b-a168-2d45b2eb796d
22222222-2222-2222-2222-222222222222,2026-08-21T00:32:37.471399Z,4f558f2c-7f46-4c12-8a13-351371d828b6,waymo_jaguar_ipace_2024,departure,twin,da724f40-1aaa-4c4b-a168-2d45b2eb796d
22222222-2222-2222-2222-222222222222,2026-08-21T00:32:37.471399Z,53e3dc12-2d7e-4d7b-8dbf-79a5eeef13ce,tesla_model_y_robotaxi_2024,departure,twin,da724f40-1aaa-4c4b-a168-2d45b2eb796d
22222222-2222-2222-2222-222222222222,2026-08-21T00:32:37.471399Z,5b8524d6-260b-448c-a9ae-9e18e9cada45,waymo_jaguar_ipace_2024,departure,twin,da724f40-1aaa-4c4b-a168-2d45b2eb796d
22222222-2222-2222-2222-222222222222,2026-08-21T00:32:37.471399Z,5dfd9db9-4262-4a7f-8f7e-055ce7a5e426,tesla_model_y_robotaxi_2024,departure,twin,da724f40-1aaa-4c4b-a168-2d45b2eb796d
22222222-2222-2222-2222-222222222222,2026-08-21T00:32:37.471399Z,6e5c4806-1191-4b8b-b750-d38231213a1b,tesla_model_y_robotaxi_2024,departure,twin,da724f40-1aaa-4c4b-a168-2d45b2eb796d
22222222-2222-2222-2222-222222222222,2026-08-21T00:32:37.471399Z,728d5880-36bc-4b47-b535-4544580ec303,tesla_model_y_robotaxi_2024,departure,twin,da724f40-1aaa-4c4b-a168-2d45b2eb796d
22222222-2222-2222-2222-222222222222,2026-08-21T00:32:37.471399Z,9240c4c6-422b-4ac5-b65d-321faac569ce,waymo_jaguar_ipace_2024,departure,twin,da724f40-1aaa-4c4b-a168-2d45b2eb796d
22222222-2222-2222-2222-222222222222,2026-08-21T00:32:37.471399Z,964bd583-6d45-459b-8bca-4c415c0993d3,tesla_model_y_robotaxi_2024,departure,twin,da724f40-1aaa-4c4b-a168-2d45b2eb796d
22222222-2222-2222-2222-222222222222,2026-08-21T00:32:37.471399Z,970832d1-8185-4eb5-8d10-c1cbe44c9283,waymo_jaguar_ipace_2024,departure,twin,da724f40-1aaa-4c4b-a168-2d45b2eb796d
22222222-2222-2222-2222-222222222222,2026-08-21T00:32:37.471399Z,99860ea8-ecf6-4bb7-8a59-52db6e90e8d9,waymo_jaguar_ipace_2024,departure,twin,da724f40-1aaa-4c4b-a168-2d45b2eb796d
22222222-2222-2222-2222-222222222222,2026-08-21T00:32:37.471399Z,acba173d-89ed-4221-a7f7-52ae57693c67,tesla_model_y_robotaxi_2024,departure,twin,da724f40-1aaa-4c4b-a168-2d45b2eb796d
22222222-2222-2222-2222-222222222222,2026-08-21T00:32:37.471399Z,b6e8b116-0650-4d3b-b4d7-d78bd454f7e0,tesla_model_y_robotaxi_2024,departure,twin,da724f40-1aaa-4c4b-a168-2d45b2eb796d
22222222-2222-2222-2222-222222222222,2026-08-21T00:32:37.471399Z,ba70312c-6d2b-4c96-92a9-86c31ca2ca63,tesla_model_y_robotaxi_2024,departure,twin,da724f40-1aaa-4c4b-a168-2d45b2eb796d
22222222-2222-2222-2222-222222222222,2026-08-21T00:32:37.471399Z,c1b40f85-c4e3-40c7-afba-d1aec9ed876b,waymo_jaguar_ipace_2024,departure,twin,da724f40-1aaa-4c4b-a168-2d45b2eb796d
22222222-2222-2222-2222-222222222222,2026-08-21T00:32:37.471399Z,c433a36d-8782-46b2-b128-3e345bcbd186,waymo_jaguar_ipace_2024,departure,twin,da724f40-1aaa-4c4b-a168-2d45b2eb796d
22222222-2222-2222-2222-222222222222,2026-08-21T00:32:37.471399Z,c5a58859-4282-42de-b596-0a4f433e05f1,tesla_model_y_robotaxi_2024,departure,twin,da724f40-1aaa-4c4b-a168-2d45b2eb796d
22222222-2222-2222-2222-222222222222,2026-08-21T00:32:37.471399Z,c8663fd7-b423-4398-9a18-a2ba5310feb7,tesla_model_y_robotaxi_2024,departure,twin,da724f40-1aaa-4c4b-a168-2d45b2eb796d
22222222-2222-2222-2222-222222222222,2026-08-21T00:32:37.471399Z,dbade82d-51ef-40bf-b21b-8103ad487d91,tesla_model_y_robotaxi_2024,departure,twin,da724f40-1aaa-4c4b-a168-2d45b2eb796d
22222222-2222-2222-2222-222222222222,2026-08-21T00:32:37.471399Z,f1776816-85e4-4ed0-8890-fe115c1c9f73,waymo_jaguar_ipace_2024,departure,twin,da724f40-1aaa-4c4b-a168-2d45b2eb796d
22222222-2222-2222-2222-222222222222,2026-08-21T00:32:37.471399Z,f2cc320b-7543-47cf-a66d-37acee233f1b,tesla_model_y_robotaxi_2024,departure,twin,da724f40-1aaa-4c4b-a168-2d45b2eb796d
22222222-2222-2222-2222-222222222222,2026-08-21T00:32:37.471399Z,64710503-d52c-42ae-bddf-53aec572c4d9,waymo_jaguar_ipace_2024,departure,twin,da724f40-1aaa-4c4b-a168-2d45b2eb796d
22222222-2222-2222-2222-222222222222,2026-08-21T00:32:37.471399Z,661b3e46-d875-466f-bedd-605fd87ac4d7,waymo_jaguar_ipace_2024,departure,twin,da724f40-1aaa-4c4b-a168-2d45b2eb796d
22222222-2222-2222-2222-222222222222,2026-08-21T00:32:37.471399Z,6860a969-bb88-416f-a3bf-545884f04aa8,waymo_jaguar_ipace_2024,departure,twin,da724f40-1aaa-4c4b-a168-2d45b2eb796d
22222222-2222-2222-2222-222222222222,2026-08-21T00:32:37.471399Z,90c00fd5-03c2-4a5c-acdd-1fbcb709dfb2,tesla_model_y_robotaxi_2024,departure,twin,da724f40-1aaa-4c4b-a168-2d45b2eb796d
22222222-2222-2222-2222-222222222222,2026-08-21T00:32:37.471399Z,ddf31311-e84f-4ef4-915a-c5ed82ae29ff,waymo_jaguar_ipace_2024,departure,twin,da724f40-1aaa-4c4b-a168-2d45b2eb796d
22222222-2222-2222-2222-222222222222,2026-08-21T00:32:37.471399Z,87b6dc31-cb87-4327-83d5-7ac9ffdf4988,zoox_robotaxi_2024,departure,twin,da724f40-1aaa-4c4b-a168-2d45b2eb796d
22222222-2222-2222-2222-222222222222,2026-08-21T00:32:37.471399Z,51766e8e-fe42-436d-b37a-10215bdb6798,waymo_jaguar_ipace_2024,departure,twin,da724f40-1aaa-4c4b-a168-2d45b2eb796d
22222222-2222-2222-2222-222222222222,2026-08-21T00:32:37.471399Z,55a6bddc-f019-4989-a335-81cbde15b44e,zoox_robotaxi_2024,departure,twin,da724f40-1aaa-4c4b-a168-2d45b2eb796d
22222222-2222-2222-2222-222222222222,2026-08-21T00:32:37.471399Z,6bff9287-c9b9-49e3-a94f-36b3543a8b9c,zoox_robotaxi_2024,departure,twin,da724f40-1aaa-4c4b-a168-2d45b2eb796d
22222222-2222-2222-2222-222222222222,2026-08-21T00:32:37.471399Z,7026f086-5ec4-485c-ae41-87bee8f181f1,waymo_jaguar_ipace_2024,departure,twin,da724f40-1aaa-4c4b-a168-2d45b2eb796d
22222222-2222-2222-2222-222222222222,2026-08-21T00:32:37.471399Z,8e00a933-eb0f-4d8e-9a0a-1d5b47ae95ed,zoox_robotaxi_2024,departure,twin,da724f40-1aaa-4c4b-a168-2d45b2eb796d
22222222-2222-2222-2222-222222222222,2026-08-21T00:32:37.471399Z,8ed8211d-aaa2-4051-b116-8f9f2501fc51,waymo_jaguar_ipace_2024,departure,twin,da724f40-1aaa-4c4b-a168-2d45b2eb796d
22222222-2222-2222-2222-222222222222,2026-08-21T00:32:37.471399Z,983002e6-790f-4e92-9722-b034571c7f47,waymo_jaguar_ipace_2024,departure,twin,da724f40-1aaa-4c4b-a168-2d45b2eb796d
22222222-2222-2222-2222-222222222222,2026-08-21T00:32:37.471399Z,9e9193b9-e6e9-4f2a-8eaf-bc5dfceec4a2,zoox_robotaxi_2024,departure,twin,da724f40-1aaa-4c4b-a168-2d45b2eb796d
22222222-2222-2222-2222-222222222222,2026-08-21T00:32:37.471399Z,9ec6cbc8-535e-4984-8fe2-1ac46abb9e00,waymo_jaguar_ipace_2024,departure,twin,da724f40-1aaa-4c4b-a168-2d45b2eb796d
22222222-2222-2222-2222-222222222222,2026-08-21T00:32:37.471399Z,a5af28d4-d135-4617-a379-d20cf703d54d,tesla_model_y_robotaxi_2024,departure,twin,da724f40-1aaa-4c4b-a168-2d45b2eb796d
22222222-2222-2222-2222-222222222222,2026-08-21T00:32:37.471399Z,ad5abf3e-30c0-461f-b268-471bbe24986b,zoox_robotaxi_2024,departure,twin,da724f40-1aaa-4c4b-a168-2d45b2eb796d
22222222-2222-2222-2222-222222222222,2026-08-21T00:32:37.471399Z,bfc95659-513d-4d55-b665-525b9e9e14e5,waymo_jaguar_ipace_2024,departure,twin,da724f40-1aaa-4c4b-a168-2d45b2eb796d
22222222-2222-2222-2222-222222222222,2026-08-21T00:32:37.471399Z,c3f78336-f475-4d29-bf59-0261114066ef,tesla_model_y_robotaxi_2024,departure,twin,da724f40-1aaa-4c4b-a168-2d45b2eb796d
22222222-2222-2222-2222-222222222222,2026-08-21T00:32:37.471399Z,c867df46-fe1c-420c-89cd-39acad72790e,zoox_robotaxi_2024,departure,twin,da724f40-1aaa-4c4b-a168-2d45b2eb796d
22222222-2222-2222-2222-222222222222,2026-08-21T00:32:37.471399Z,c97a907b-eb50-49d4-81d2-ed38c1ab2616,zoox_robotaxi_2024,departure,twin,da724f40-1aaa-4c4b-a168-2d45b2eb796d
22222222-2222-2222-2222-222222222222,2026-08-21T00:32:37.471399Z,f366ac68-5b23-49e7-8d02-0ade68526c5e,zoox_robotaxi_2024,departure,twin,da724f40-1aaa-4c4b-a168-2d45b2eb796d
22222222-2222-2222-2222-222222222222,2026-08-21T00:32:37.471399Z,e91eda35-7043-4ba9-8a16-972b2cc07e39,zoox_robotaxi_2024,departure,twin,da724f40-1aaa-4c4b-a168-2d45b2eb796d
22222222-2222-2222-2222-222222222222,2026-08-21T00:32:37.471399Z,78ee0dfd-ba9e-430c-b753-2c589c9183f2,zoox_robotaxi_2024,departure,twin,da724f40-1aaa-4c4b-a168-2d45b2eb796d
22222222-2222-2222-2222-222222222222,2026-08-21T00:32:37.471399Z,838200a0-b464-4eb0-9cab-faaee1f80b5a,zoox_robotaxi_2024,departure,twin,da724f40-1aaa-4c4b-a168-2d45b2eb796d
22222222-2222-2222-2222-222222222222,2026-08-21T00:32:37.471399Z,890bef23-55ab-4001-aceb-538b3633cc73,zoox_robotaxi_2024,departure,twin,da724f40-1aaa-4c4b-a168-2d45b2eb796d
22222222-2222-2222-2222-222222222222,2026-08-21T00:32:37.471399Z,b00dca0e-3209-478b-ad8b-7984d7b16a8c,zoox_robotaxi_2024,departure,twin,da724f40-1aaa-4c4b-a168-2d45b2eb796d
22222222-2222-2222-2222-222222222222,2026-08-21T00:32:37.471399Z,c98ef465-ea69-4da9-a0a8-55a9842b570b,zoox_robotaxi_2024,departure,twin,da724f40-1aaa-4c4b-a168-2d45b2eb796d
22222222-2222-2222-2222-222222222222,2026-08-21T00:32:37.471399Z,9926e267-5f69-4b21-b3ab-b4b3239c1b3b,zoox_robotaxi_2024,departure,twin,da724f40-1aaa-4c4b-a168-2d45b2eb796d
22222222-2222-2222-2222-222222222222,2026-08-21T00:33:45.566184Z,0bfd4d59-44f9-4a57-8c06-51bc00a2a6b9,tesla_model_y_robotaxi_2024,arrival,twin,2010f408-d7c1-4bed-90ed-198fa3e90e87
22222222-2222-2222-2222-222222222222,2026-08-21T00:33:45.566184Z,10b4f941-b257-4571-948d-cc7b72d0fb52,tesla_model_y_robotaxi_2024,arrival,twin,2010f408-d7c1-4bed-90ed-198fa3e90e87
22222222-2222-2222-2222-222222222222,2026-08-21T00:33:45.566184Z,1c9aff71-a240-4bfe-b55a-d0eaa2ec6116,tesla_model_y_robotaxi_2024,arrival,twin,2010f408-d7c1-4bed-90ed-198fa3e90e87
22222222-2222-2222-2222-222222222222,2026-08-21T00:33:45.566184Z,4992b1fa-fc81-445e-a203-657094d89f18,waymo_jaguar_ipace_2024,arrival,twin,2010f408-d7c1-4bed-90ed-198fa3e90e87
22222222-2222-2222-2222-222222222222,2026-08-21T00:33:45.566184Z,524312ab-2416-46fd-aebb-34d785ef7da6,waymo_jaguar_ipace_2024,arrival,twin,2010f408-d7c1-4bed-90ed-198fa3e90e87
22222222-2222-2222-2222-222222222222,2026-08-21T00:33:45.566184Z,6e5c4806-1191-4b8b-b750-d38231213a1b,tesla_model_y_robotaxi_2024,arrival,twin,2010f408-d7c1-4bed-90ed-198fa3e90e87
22222222-2222-2222-2222-222222222222,2026-08-21T00:33:45.566184Z,964bd583-6d45-459b-8bca-4c415c0993d3,tesla_model_y_robotaxi_2024,arrival,twin,2010f408-d7c1-4bed-90ed-198fa3e90e87
22222222-2222-2222-2222-222222222222,2026-08-21T00:33:45.566184Z,ba70312c-6d2b-4c96-92a9-86c31ca2ca63,tesla_model_y_robotaxi_2024,arrival,twin,2010f408-d7c1-4bed-90ed-198fa3e90e87
22222222-2222-2222-2222-222222222222,2026-08-21T00:33:45.566184Z,02f1a60b-27e8-46a3-831b-d9232cc510a0,tesla_model_y_robotaxi_2024,departure,twin,2010f408-d7c1-4bed-90ed-198fa3e90e87
22222222-2222-2222-2222-222222222222,2026-08-21T00:33:45.566184Z,053b8abd-e2b6-4b19-9bfc-314430947773,waymo_jaguar_ipace_2024,departure,twin,2010f408-d7c1-4bed-90ed-198fa3e90e87
22222222-2222-2222-2222-222222222222,2026-08-21T00:33:45.566184Z,3fc2148f-fe15-42b9-8e9a-619351c746e4,waymo_jaguar_ipace_2024,departure,twin,2010f408-d7c1-4bed-90ed-198fa3e90e87
22222222-2222-2222-2222-222222222222,2026-08-21T00:33:45.566184Z,5dfd9db9-4262-4a7f-8f7e-055ce7a5e426,tesla_model_y_robotaxi_2024,departure,twin,2010f408-d7c1-4bed-90ed-198fa3e90e87
22222222-2222-2222-2222-222222222222,2026-08-21T00:33:45.566184Z,618e0836-b6e1-459d-9955-38857bf1cbff,waymo_jaguar_ipace_2024,departure,twin,2010f408-d7c1-4bed-90ed-198fa3e90e87
22222222-2222-2222-2222-222222222222,2026-08-21T00:33:45.566184Z,c1b40f85-c4e3-40c7-afba-d1aec9ed876b,waymo_jaguar_ipace_2024,departure,twin,2010f408-d7c1-4bed-90ed-198fa3e90e87
22222222-2222-2222-2222-222222222222,2026-08-21T00:34:15.878702Z,9926e267-5f69-4b21-b3ab-b4b3239c1b3b,zoox_robotaxi_2024,departure,twin,97b5b360-ecdf-4072-b869-82834cbada14
22222222-2222-2222-2222-222222222222,2026-08-21T00:34:15.878702Z,00d5597b-d714-470c-b86c-95e8f4f600ce,waymo_jaguar_ipace_2024,departure,twin,97b5b360-ecdf-4072-b869-82834cbada14
22222222-2222-2222-2222-222222222222,2026-08-21T00:34:15.878702Z,01b10692-0e0e-42c5-9889-f461f60471cf,zoox_robotaxi_2024,departure,twin,97b5b360-ecdf-4072-b869-82834cbada14
22222222-2222-2222-2222-222222222222,2026-08-21T00:34:15.878702Z,02f1a60b-27e8-46a3-831b-d9232cc510a0,tesla_model_y_robotaxi_2024,departure,twin,97b5b360-ecdf-4072-b869-82834cbada14
22222222-2222-2222-2222-222222222222,2026-08-21T00:34:15.878702Z,03812c6f-407b-4782-858f-c15cdbaf8de7,waymo_jaguar_ipace_2024,departure,twin,97b5b360-ecdf-4072-b869-82834cbada14
22222222-2222-2222-2222-222222222222,2026-08-21T00:34:15.878702Z,053b8abd-e2b6-4b19-9bfc-314430947773,waymo_jaguar_ipace_2024,departure,twin,97b5b360-ecdf-4072-b869-82834cbada14
22222222-2222-2222-2222-222222222222,2026-08-21T00:34:15.878702Z,0b8d2e11-fac3-40f3-883e-1d37cb7e6da5,waymo_jaguar_ipace_2024,departure,twin,97b5b360-ecdf-4072-b869-82834cbada14
22222222-2222-2222-2222-222222222222,2026-08-21T00:34:15.878702Z,0bfd4d59-44f9-4a57-8c06-51bc00a2a6b9,tesla_model_y_robotaxi_2024,departure,twin,97b5b360-ecdf-4072-b869-82834cbada14
22222222-2222-2222-2222-222222222222,2026-08-21T00:34:15.878702Z,0d13e7d4-4707-44be-a233-8a3e849a23c5,waymo_jaguar_ipace_2024,departure,twin,97b5b360-ecdf-4072-b869-82834cbada14
22222222-2222-2222-2222-222222222222,2026-08-21T00:34:15.878702Z,10b4f941-b257-4571-948d-cc7b72d0fb52,tesla_model_y_robotaxi_2024,departure,twin,97b5b360-ecdf-4072-b869-82834cbada14
22222222-2222-2222-2222-222222222222,2026-08-21T00:34:15.878702Z,138f4a23-c5c8-4b89-96a0-c72ebb6aee0c,tesla_model_y_robotaxi_2024,departure,twin,97b5b360-ecdf-4072-b869-82834cbada14
22222222-2222-2222-2222-222222222222,2026-08-21T00:34:15.878702Z,14b02ad9-b6f6-4a74-867c-2a6ba9daf8e0,waymo_jaguar_ipace_2024,departure,twin,97b5b360-ecdf-4072-b869-82834cbada14
22222222-2222-2222-2222-222222222222,2026-08-21T00:34:15.878702Z,1520dd3c-3658-4cd5-ad83-8c73c35e97c9,tesla_model_y_robotaxi_2024,departure,twin,97b5b360-ecdf-4072-b869-82834cbada14
22222222-2222-2222-2222-222222222222,2026-08-21T00:34:15.878702Z,1973c5a4-5670-46fa-bbe2-5f6a3a1d0c6a,zoox_robotaxi_2024,departure,twin,97b5b360-ecdf-4072-b869-82834cbada14
22222222-2222-2222-2222-222222222222,2026-08-21T00:34:15.878702Z,19b9bcf6-0586-4238-b70e-9ce1d490efe9,zoox_robotaxi_2024,departure,twin,97b5b360-ecdf-4072-b869-82834cbada14
22222222-2222-2222-2222-222222222222,2026-08-21T00:34:15.878702Z,19ec1471-8525-4d88-801f-4cfee46f5ded,zoox_robotaxi_2024,departure,twin,97b5b360-ecdf-4072-b869-82834cbada14
22222222-2222-2222-2222-222222222222,2026-08-21T00:34:15.878702Z,1aacf90d-d4e1-415e-ba09-603c306dffef,zoox_robotaxi_2024,departure,twin,97b5b360-ecdf-4072-b869-82834cbada14
22222222-2222-2222-2222-222222222222,2026-08-21T00:34:15.878702Z,1c9aff71-a240-4bfe-b55a-d0eaa2ec6116,tesla_model_y_robotaxi_2024,departure,twin,97b5b360-ecdf-4072-b869-82834cbada14
22222222-2222-2222-2222-222222222222,2026-08-21T00:34:15.878702Z,1ea6a5d7-862d-44cc-a387-86cea6bc4fe4,tesla_model_y_robotaxi_2024,departure,twin,97b5b360-ecdf-4072-b869-82834cbada14
22222222-2222-2222-2222-222222222222,2026-08-21T00:34:15.878702Z,25061aa9-5a61-481b-acee-0aa08dd7066f,tesla_model_y_robotaxi_2024,departure,twin,97b5b360-ecdf-4072-b869-82834cbada14
22222222-2222-2222-2222-222222222222,2026-08-21T00:34:15.878702Z,2547bf99-05c5-4055-9daa-c9e2a99da11d,tesla_model_y_robotaxi_2024,departure,twin,97b5b360-ecdf-4072-b869-82834cbada14
22222222-2222-2222-2222-222222222222,2026-08-21T00:34:15.878702Z,27be18c4-bd2e-44ac-9eb5-1d1edc2809b7,zoox_robotaxi_2024,departure,twin,97b5b360-ecdf-4072-b869-82834cbada14
22222222-2222-2222-2222-222222222222,2026-08-21T00:34:15.878702Z,2879307e-1fde-41ca-9309-d0aa11357436,waymo_jaguar_ipace_2024,departure,twin,97b5b360-ecdf-4072-b869-82834cbada14
22222222-2222-2222-2222-222222222222,2026-08-21T00:34:15.878702Z,2be09ec0-e78a-4cd8-9f80-fceeb1c33e71,tesla_model_y_robotaxi_2024,departure,twin,97b5b360-ecdf-4072-b869-82834cbada14
22222222-2222-2222-2222-222222222222,2026-08-21T00:34:15.878702Z,32a91a14-aac6-4c58-924e-e61a6766978b,waymo_jaguar_ipace_2024,departure,twin,97b5b360-ecdf-4072-b869-82834cbada14
22222222-2222-2222-2222-222222222222,2026-08-21T00:34:15.878702Z,32b62034-d7c6-4dbd-b9a4-78e708ec4c1c,waymo_jaguar_ipace_2024,departure,twin,97b5b360-ecdf-4072-b869-82834cbada14
22222222-2222-2222-2222-222222222222,2026-08-21T00:34:15.878702Z,36ff94e5-663b-408d-bebc-3d56508d4996,tesla_model_y_robotaxi_2024,departure,twin,97b5b360-ecdf-4072-b869-82834cbada14
22222222-2222-2222-2222-222222222222,2026-08-21T00:34:15.878702Z,3b6f1eb7-15f4-48e5-956c-9b261b9fcae1,waymo_jaguar_ipace_2024,departure,twin,97b5b360-ecdf-4072-b869-82834cbada14
22222222-2222-2222-2222-222222222222,2026-08-21T00:34:15.878702Z,3e88b963-abb9-415c-9637-fa8002b0074d,waymo_jaguar_ipace_2024,departure,twin,97b5b360-ecdf-4072-b869-82834cbada14
22222222-2222-2222-2222-222222222222,2026-08-21T00:34:15.878702Z,3fc2148f-fe15-42b9-8e9a-619351c746e4,waymo_jaguar_ipace_2024,departure,twin,97b5b360-ecdf-4072-b869-82834cbada14
22222222-2222-2222-2222-222222222222,2026-08-21T00:34:15.878702Z,4374f6a6-aa2e-4298-8fa2-1b30da90280e,zoox_robotaxi_2024,departure,twin,97b5b360-ecdf-4072-b869-82834cbada14
22222222-2222-2222-2222-222222222222,2026-08-21T00:34:15.878702Z,464c07e3-3699-4238-90d6-ea1325d0b36c,tesla_model_y_robotaxi_2024,departure,twin,97b5b360-ecdf-4072-b869-82834cbada14
22222222-2222-2222-2222-222222222222,2026-08-21T00:34:15.878702Z,4732bf55-398f-4430-bc4c-0d14d4b89e2e,waymo_jaguar_ipace_2024,departure,twin,97b5b360-ecdf-4072-b869-82834cbada14
22222222-2222-2222-2222-222222222222,2026-08-21T00:34:15.878702Z,48ad6e64-7e84-4de3-8c0c-9d3abfaadb8d,waymo_jaguar_ipace_2024,departure,twin,97b5b360-ecdf-4072-b869-82834cbada14
22222222-2222-2222-2222-222222222222,2026-08-21T00:34:15.878702Z,4a35c33f-b875-4cc6-a54d-85060633b711,waymo_jaguar_ipace_2024,departure,twin,97b5b360-ecdf-4072-b869-82834cbada14
22222222-2222-2222-2222-222222222222,2026-08-21T00:34:15.878702Z,4cd2b777-e994-41b3-8542-fdf0f5d88189,waymo_jaguar_ipace_2024,departure,twin,97b5b360-ecdf-4072-b869-82834cbada14
22222222-2222-2222-2222-222222222222,2026-08-21T00:34:15.878702Z,4ce2666e-66b5-4053-9b4c-c8ad06a46557,tesla_model_y_robotaxi_2024,departure,twin,97b5b360-ecdf-4072-b869-82834cbada14
22222222-2222-2222-2222-222222222222,2026-08-21T00:34:15.878702Z,4f558f2c-7f46-4c12-8a13-351371d828b6,waymo_jaguar_ipace_2024,departure,twin,97b5b360-ecdf-4072-b869-82834cbada14
22222222-2222-2222-2222-222222222222,2026-08-21T00:34:15.878702Z,53e3dc12-2d7e-4d7b-8dbf-79a5eeef13ce,tesla_model_y_robotaxi_2024,departure,twin,97b5b360-ecdf-4072-b869-82834cbada14
22222222-2222-2222-2222-222222222222,2026-08-21T00:34:15.878702Z,5b8524d6-260b-448c-a9ae-9e18e9cada45,waymo_jaguar_ipace_2024,departure,twin,97b5b360-ecdf-4072-b869-82834cbada14
22222222-2222-2222-2222-222222222222,2026-08-21T00:34:15.878702Z,5dfd9db9-4262-4a7f-8f7e-055ce7a5e426,tesla_model_y_robotaxi_2024,departure,twin,97b5b360-ecdf-4072-b869-82834cbada14
22222222-2222-2222-2222-222222222222,2026-08-21T00:34:15.878702Z,6e5c4806-1191-4b8b-b750-d38231213a1b,tesla_model_y_robotaxi_2024,departure,twin,97b5b360-ecdf-4072-b869-82834cbada14
22222222-2222-2222-2222-222222222222,2026-08-21T00:34:15.878702Z,728d5880-36bc-4b47-b535-4544580ec303,tesla_model_y_robotaxi_2024,departure,twin,97b5b360-ecdf-4072-b869-82834cbada14
22222222-2222-2222-2222-222222222222,2026-08-21T00:34:15.878702Z,9240c4c6-422b-4ac5-b65d-321faac569ce,waymo_jaguar_ipace_2024,departure,twin,97b5b360-ecdf-4072-b869-82834cbada14
22222222-2222-2222-2222-222222222222,2026-08-21T00:34:15.878702Z,964bd583-6d45-459b-8bca-4c415c0993d3,tesla_model_y_robotaxi_2024,departure,twin,97b5b360-ecdf-4072-b869-82834cbada14
22222222-2222-2222-2222-222222222222,2026-08-21T00:34:15.878702Z,970832d1-8185-4eb5-8d10-c1cbe44c9283,waymo_jaguar_ipace_2024,departure,twin,97b5b360-ecdf-4072-b869-82834cbada14
22222222-2222-2222-2222-222222222222,2026-08-21T00:34:15.878702Z,99860ea8-ecf6-4bb7-8a59-52db6e90e8d9,waymo_jaguar_ipace_2024,departure,twin,97b5b360-ecdf-4072-b869-82834cbada14
22222222-2222-2222-2222-222222222222,2026-08-21T00:34:15.878702Z,acba173d-89ed-4221-a7f7-52ae57693c67,tesla_model_y_robotaxi_2024,departure,twin,97b5b360-ecdf-4072-b869-82834cbada14
22222222-2222-2222-2222-222222222222,2026-08-21T00:34:15.878702Z,b6e8b116-0650-4d3b-b4d7-d78bd454f7e0,tesla_model_y_robotaxi_2024,departure,twin,97b5b360-ecdf-4072-b869-82834cbada14
22222222-2222-2222-2222-222222222222,2026-08-21T00:34:15.878702Z,ba70312c-6d2b-4c96-92a9-86c31ca2ca63,tesla_model_y_robotaxi_2024,departure,twin,97b5b360-ecdf-4072-b869-82834cbada14
22222222-2222-2222-2222-222222222222,2026-08-21T00:34:15.878702Z,c1b40f85-c4e3-40c7-afba-d1aec9ed876b,waymo_jaguar_ipace_2024,departure,twin,97b5b360-ecdf-4072-b869-82834cbada14
22222222-2222-2222-2222-222222222222,2026-08-21T00:34:15.878702Z,c433a36d-8782-46b2-b128-3e345bcbd186,waymo_jaguar_ipace_2024,departure,twin,97b5b360-ecdf-4072-b869-82834cbada14
22222222-2222-2222-2222-222222222222,2026-08-21T00:34:15.878702Z,c5a58859-4282-42de-b596-0a4f433e05f1,tesla_model_y_robotaxi_2024,departure,twin,97b5b360-ecdf-4072-b869-82834cbada14
22222222-2222-2222-2222-222222222222,2026-08-21T00:34:15.878702Z,c8663fd7-b423-4398-9a18-a2ba5310feb7,tesla_model_y_robotaxi_2024,departure,twin,97b5b360-ecdf-4072-b869-82834cbada14
22222222-2222-2222-2222-222222222222,2026-08-21T00:34:15.878702Z,dbade82d-51ef-40bf-b21b-8103ad487d91,tesla_model_y_robotaxi_2024,departure,twin,97b5b360-ecdf-4072-b869-82834cbada14
22222222-2222-2222-2222-222222222222,2026-08-21T00:34:15.878702Z,f1776816-85e4-4ed0-8890-fe115c1c9f73,waymo_jaguar_ipace_2024,departure,twin,97b5b360-ecdf-4072-b869-82834cbada14
22222222-2222-2222-2222-222222222222,2026-08-21T00:34:15.878702Z,f2cc320b-7543-47cf-a66d-37acee233f1b,tesla_model_y_robotaxi_2024,departure,twin,97b5b360-ecdf-4072-b869-82834cbada14
22222222-2222-2222-2222-222222222222,2026-08-21T00:34:15.878702Z,64710503-d52c-42ae-bddf-53aec572c4d9,waymo_jaguar_ipace_2024,departure,twin,97b5b360-ecdf-4072-b869-82834cbada14
22222222-2222-2222-2222-222222222222,2026-08-21T00:34:15.878702Z,661b3e46-d875-466f-bedd-605fd87ac4d7,waymo_jaguar_ipace_2024,departure,twin,97b5b360-ecdf-4072-b869-82834cbada14
22222222-2222-2222-2222-222222222222,2026-08-21T00:34:15.878702Z,6860a969-bb88-416f-a3bf-545884f04aa8,waymo_jaguar_ipace_2024,departure,twin,97b5b360-ecdf-4072-b869-82834cbada14
22222222-2222-2222-2222-222222222222,2026-08-21T00:34:15.878702Z,90c00fd5-03c2-4a5c-acdd-1fbcb709dfb2,tesla_model_y_robotaxi_2024,departure,twin,97b5b360-ecdf-4072-b869-82834cbada14
22222222-2222-2222-2222-222222222222,2026-08-21T00:34:15.878702Z,b00dca0e-3209-478b-ad8b-7984d7b16a8c,zoox_robotaxi_2024,departure,twin,97b5b360-ecdf-4072-b869-82834cbada14
22222222-2222-2222-2222-222222222222,2026-08-21T00:34:15.878702Z,ddf31311-e84f-4ef4-915a-c5ed82ae29ff,waymo_jaguar_ipace_2024,departure,twin,97b5b360-ecdf-4072-b869-82834cbada14
22222222-2222-2222-2222-222222222222,2026-08-21T00:34:15.878702Z,51766e8e-fe42-436d-b37a-10215bdb6798,waymo_jaguar_ipace_2024,departure,twin,97b5b360-ecdf-4072-b869-82834cbada14
22222222-2222-2222-2222-222222222222,2026-08-21T00:34:15.878702Z,55a6bddc-f019-4989-a335-81cbde15b44e,zoox_robotaxi_2024,departure,twin,97b5b360-ecdf-4072-b869-82834cbada14
22222222-2222-2222-2222-222222222222,2026-08-21T00:34:15.878702Z,6bff9287-c9b9-49e3-a94f-36b3543a8b9c,zoox_robotaxi_2024,departure,twin,97b5b360-ecdf-4072-b869-82834cbada14
22222222-2222-2222-2222-222222222222,2026-08-21T00:34:15.878702Z,7026f086-5ec4-485c-ae41-87bee8f181f1,waymo_jaguar_ipace_2024,departure,twin,97b5b360-ecdf-4072-b869-82834cbada14
22222222-2222-2222-2222-222222222222,2026-08-21T00:34:15.878702Z,87b6dc31-cb87-4327-83d5-7ac9ffdf4988,zoox_robotaxi_2024,departure,twin,97b5b360-ecdf-4072-b869-82834cbada14
22222222-2222-2222-2222-222222222222,2026-08-21T00:34:15.878702Z,8e00a933-eb0f-4d8e-9a0a-1d5b47ae95ed,zoox_robotaxi_2024,departure,twin,97b5b360-ecdf-4072-b869-82834cbada14
22222222-2222-2222-2222-222222222222,2026-08-21T00:34:15.878702Z,8ed8211d-aaa2-4051-b116-8f9f2501fc51,waymo_jaguar_ipace_2024,departure,twin,97b5b360-ecdf-4072-b869-82834cbada14
22222222-2222-2222-2222-222222222222,2026-08-21T00:34:15.878702Z,983002e6-790f-4e92-9722-b034571c7f47,waymo_jaguar_ipace_2024,departure,twin,97b5b360-ecdf-4072-b869-82834cbada14
22222222-2222-2222-2222-222222222222,2026-08-21T00:34:15.878702Z,9e9193b9-e6e9-4f2a-8eaf-bc5dfceec4a2,zoox_robotaxi_2024,departure,twin,97b5b360-ecdf-4072-b869-82834cbada14
22222222-2222-2222-2222-222222222222,2026-08-21T00:34:15.878702Z,9ec6cbc8-535e-4984-8fe2-1ac46abb9e00,waymo_jaguar_ipace_2024,departure,twin,97b5b360-ecdf-4072-b869-82834cbada14
22222222-2222-2222-2222-222222222222,2026-08-21T00:34:15.878702Z,a5af28d4-d135-4617-a379-d20cf703d54d,tesla_model_y_robotaxi_2024,departure,twin,97b5b360-ecdf-4072-b869-82834cbada14
22222222-2222-2222-2222-222222222222,2026-08-21T00:34:15.878702Z,ad5abf3e-30c0-461f-b268-471bbe24986b,zoox_robotaxi_2024,departure,twin,97b5b360-ecdf-4072-b869-82834cbada14
22222222-2222-2222-2222-222222222222,2026-08-21T00:34:15.878702Z,bfc95659-513d-4d55-b665-525b9e9e14e5,waymo_jaguar_ipace_2024,departure,twin,97b5b360-ecdf-4072-b869-82834cbada14
22222222-2222-2222-2222-222222222222,2026-08-21T00:34:15.878702Z,c3f78336-f475-4d29-bf59-0261114066ef,tesla_model_y_robotaxi_2024,departure,twin,97b5b360-ecdf-4072-b869-82834cbada14
22222222-2222-2222-2222-222222222222,2026-08-21T00:34:15.878702Z,c867df46-fe1c-420c-89cd-39acad72790e,zoox_robotaxi_2024,departure,twin,97b5b360-ecdf-4072-b869-82834cbada14
22222222-2222-2222-2222-222222222222,2026-08-21T00:34:15.878702Z,c97a907b-eb50-49d4-81d2-ed38c1ab2616,zoox_robotaxi_2024,departure,twin,97b5b360-ecdf-4072-b869-82834cbada14
22222222-2222-2222-2222-222222222222,2026-08-21T00:34:15.878702Z,f366ac68-5b23-49e7-8d02-0ade68526c5e,zoox_robotaxi_2024,departure,twin,97b5b360-ecdf-4072-b869-82834cbada14
22222222-2222-2222-2222-222222222222,2026-08-21T00:34:15.878702Z,78ee0dfd-ba9e-430c-b753-2c589c9183f2,zoox_robotaxi_2024,departure,twin,97b5b360-ecdf-4072-b869-82834cbada14
22222222-2222-2222-2222-222222222222,2026-08-21T00:34:15.878702Z,838200a0-b464-4eb0-9cab-faaee1f80b5a,zoox_robotaxi_2024,departure,twin,97b5b360-ecdf-4072-b869-82834cbada14
22222222-2222-2222-2222-222222222222,2026-08-21T00:34:15.878702Z,890bef23-55ab-4001-aceb-538b3633cc73,zoox_robotaxi_2024,departure,twin,97b5b360-ecdf-4072-b869-82834cbada14
22222222-2222-2222-2222-222222222222,2026-08-21T00:34:15.878702Z,c98ef465-ea69-4da9-a0a8-55a9842b570b,zoox_robotaxi_2024,departure,twin,97b5b360-ecdf-4072-b869-82834cbada14
22222222-2222-2222-2222-222222222222,2026-08-21T00:34:15.878702Z,e91eda35-7043-4ba9-8a16-972b2cc07e39,zoox_robotaxi_2024,departure,twin,97b5b360-ecdf-4072-b869-82834cbada14
22222222-2222-2222-2222-222222222222,2026-08-21T00:35:32.269186Z,0b8d2e11-fac3-40f3-883e-1d37cb7e6da5,waymo_jaguar_ipace_2024,arrival,twin,943936c5-37cf-4dcc-b600-47366d1f3138
22222222-2222-2222-2222-222222222222,2026-08-21T00:35:32.269186Z,14b02ad9-b6f6-4a74-867c-2a6ba9daf8e0,waymo_jaguar_ipace_2024,arrival,twin,943936c5-37cf-4dcc-b600-47366d1f3138
22222222-2222-2222-2222-222222222222,2026-08-21T00:35:32.269186Z,1ea6a5d7-862d-44cc-a387-86cea6bc4fe4,tesla_model_y_robotaxi_2024,arrival,twin,943936c5-37cf-4dcc-b600-47366d1f3138
22222222-2222-2222-2222-222222222222,2026-08-21T00:35:32.269186Z,2879307e-1fde-41ca-9309-d0aa11357436,waymo_jaguar_ipace_2024,arrival,twin,943936c5-37cf-4dcc-b600-47366d1f3138
22222222-2222-2222-2222-222222222222,2026-08-21T00:35:32.269186Z,36ff94e5-663b-408d-bebc-3d56508d4996,tesla_model_y_robotaxi_2024,arrival,twin,943936c5-37cf-4dcc-b600-47366d1f3138
22222222-2222-2222-2222-222222222222,2026-08-21T00:35:32.269186Z,3e88b963-abb9-415c-9637-fa8002b0074d,waymo_jaguar_ipace_2024,arrival,twin,943936c5-37cf-4dcc-b600-47366d1f3138
22222222-2222-2222-2222-222222222222,2026-08-21T00:35:32.269186Z,464c07e3-3699-4238-90d6-ea1325d0b36c,tesla_model_y_robotaxi_2024,arrival,twin,943936c5-37cf-4dcc-b600-47366d1f3138
22222222-2222-2222-2222-222222222222,2026-08-21T00:35:32.269186Z,4a35c33f-b875-4cc6-a54d-85060633b711,waymo_jaguar_ipace_2024,arrival,twin,943936c5-37cf-4dcc-b600-47366d1f3138
22222222-2222-2222-2222-222222222222,2026-08-21T00:35:32.269186Z,6860a969-bb88-416f-a3bf-545884f04aa8,waymo_jaguar_ipace_2024,arrival,twin,943936c5-37cf-4dcc-b600-47366d1f3138
22222222-2222-2222-2222-222222222222,2026-08-21T00:35:32.269186Z,728d5880-36bc-4b47-b535-4544580ec303,tesla_model_y_robotaxi_2024,arrival,twin,943936c5-37cf-4dcc-b600-47366d1f3138
22222222-2222-2222-2222-222222222222,2026-08-21T00:35:32.269186Z,964bd583-6d45-459b-8bca-4c415c0993d3,tesla_model_y_robotaxi_2024,arrival,twin,943936c5-37cf-4dcc-b600-47366d1f3138
22222222-2222-2222-2222-222222222222,2026-08-21T00:35:32.269186Z,983002e6-790f-4e92-9722-b034571c7f47,waymo_jaguar_ipace_2024,arrival,twin,943936c5-37cf-4dcc-b600-47366d1f3138
22222222-2222-2222-2222-222222222222,2026-08-21T00:35:32.269186Z,a6e9c009-82e7-4c32-b9be-d3feaad294ca,waymo_jaguar_ipace_2024,arrival,twin,943936c5-37cf-4dcc-b600-47366d1f3138
22222222-2222-2222-2222-222222222222,2026-08-21T00:35:32.269186Z,b6e8b116-0650-4d3b-b4d7-d78bd454f7e0,tesla_model_y_robotaxi_2024,arrival,twin,943936c5-37cf-4dcc-b600-47366d1f3138
22222222-2222-2222-2222-222222222222,2026-08-21T00:35:32.269186Z,2547bf99-05c5-4055-9daa-c9e2a99da11d,tesla_model_y_robotaxi_2024,departure,twin,943936c5-37cf-4dcc-b600-47366d1f3138
22222222-2222-2222-2222-222222222222,2026-08-21T00:35:32.269186Z,0d13e7d4-4707-44be-a233-8a3e849a23c5,waymo_jaguar_ipace_2024,departure,twin,943936c5-37cf-4dcc-b600-47366d1f3138
22222222-2222-2222-2222-222222222222,2026-08-21T00:35:32.269186Z,4ce2666e-66b5-4053-9b4c-c8ad06a46557,tesla_model_y_robotaxi_2024,departure,twin,943936c5-37cf-4dcc-b600-47366d1f3138
22222222-2222-2222-2222-222222222222,2026-08-21T00:35:32.269186Z,c8663fd7-b423-4398-9a18-a2ba5310feb7,tesla_model_y_robotaxi_2024,departure,twin,943936c5-37cf-4dcc-b600-47366d1f3138
22222222-2222-2222-2222-222222222222,2026-08-21T00:35:39.028103Z,0bfd4d59-44f9-4a57-8c06-51bc00a2a6b9,tesla_model_y_robotaxi_2024,arrival,twin,c507bce2-9e55-4f45-a388-5be005beacfd
22222222-2222-2222-2222-222222222222,2026-08-21T00:35:39.028103Z,10b4f941-b257-4571-948d-cc7b72d0fb52,tesla_model_y_robotaxi_2024,arrival,twin,c507bce2-9e55-4f45-a388-5be005beacfd
22222222-2222-2222-2222-222222222222,2026-08-21T00:35:39.028103Z,1c9aff71-a240-4bfe-b55a-d0eaa2ec6116,tesla_model_y_robotaxi_2024,arrival,twin,c507bce2-9e55-4f45-a388-5be005beacfd
22222222-2222-2222-2222-222222222222,2026-08-21T00:35:39.028103Z,4992b1fa-fc81-445e-a203-657094d89f18,waymo_jaguar_ipace_2024,arrival,twin,c507bce2-9e55-4f45-a388-5be005beacfd
22222222-2222-2222-2222-222222222222,2026-08-21T00:35:39.028103Z,524312ab-2416-46fd-aebb-34d785ef7da6,waymo_jaguar_ipace_2024,arrival,twin,c507bce2-9e55-4f45-a388-5be005beacfd
22222222-2222-2222-2222-222222222222,2026-08-21T00:35:39.028103Z,6e5c4806-1191-4b8b-b750-d38231213a1b,tesla_model_y_robotaxi_2024,arrival,twin,c507bce2-9e55-4f45-a388-5be005beacfd
22222222-2222-2222-2222-222222222222,2026-08-21T00:35:39.028103Z,964bd583-6d45-459b-8bca-4c415c0993d3,tesla_model_y_robotaxi_2024,arrival,twin,c507bce2-9e55-4f45-a388-5be005beacfd
22222222-2222-2222-2222-222222222222,2026-08-21T00:35:39.028103Z,ba70312c-6d2b-4c96-92a9-86c31ca2ca63,tesla_model_y_robotaxi_2024,arrival,twin,c507bce2-9e55-4f45-a388-5be005beacfd
22222222-2222-2222-2222-222222222222,2026-08-21T00:35:39.028103Z,618e0836-b6e1-459d-9955-38857bf1cbff,waymo_jaguar_ipace_2024,departure,twin,c507bce2-9e55-4f45-a388-5be005beacfd
22222222-2222-2222-2222-222222222222,2026-08-21T00:35:39.028103Z,5dfd9db9-4262-4a7f-8f7e-055ce7a5e426,tesla_model_y_robotaxi_2024,departure,twin,c507bce2-9e55-4f45-a388-5be005beacfd
22222222-2222-2222-2222-222222222222,2026-08-21T00:35:39.028103Z,c1b40f85-c4e3-40c7-afba-d1aec9ed876b,waymo_jaguar_ipace_2024,departure,twin,c507bce2-9e55-4f45-a388-5be005beacfd
22222222-2222-2222-2222-222222222222,2026-08-21T00:35:39.028103Z,02f1a60b-27e8-46a3-831b-d9232cc510a0,tesla_model_y_robotaxi_2024,departure,twin,c507bce2-9e55-4f45-a388-5be005beacfd
22222222-2222-2222-2222-222222222222,2026-08-21T00:35:39.028103Z,053b8abd-e2b6-4b19-9bfc-314430947773,waymo_jaguar_ipace_2024,departure,twin,c507bce2-9e55-4f45-a388-5be005beacfd
22222222-2222-2222-2222-222222222222,2026-08-21T00:35:39.028103Z,3fc2148f-fe15-42b9-8e9a-619351c746e4,waymo_jaguar_ipace_2024,departure,twin,c507bce2-9e55-4f45-a388-5be005beacfd
22222222-2222-2222-2222-222222222222,2026-08-21T00:55:37.378401Z,2be09ec0-e78a-4cd8-9f80-fceeb1c33e71,tesla_model_y_robotaxi_2024,arrival,twin,f3a1d43b-789b-4c6c-8f11-3e3a6b3ab38f
22222222-2222-2222-2222-222222222222,2026-08-21T00:55:37.378401Z,36ff94e5-663b-408d-bebc-3d56508d4996,tesla_model_y_robotaxi_2024,arrival,twin,f3a1d43b-789b-4c6c-8f11-3e3a6b3ab38f
22222222-2222-2222-2222-222222222222,2026-08-21T00:55:37.378401Z,464c07e3-3699-4238-90d6-ea1325d0b36c,tesla_model_y_robotaxi_2024,arrival,twin,f3a1d43b-789b-4c6c-8f11-3e3a6b3ab38f
22222222-2222-2222-2222-222222222222,2026-08-21T00:55:37.378401Z,48ad6e64-7e84-4de3-8c0c-9d3abfaadb8d,waymo_jaguar_ipace_2024,arrival,twin,f3a1d43b-789b-4c6c-8f11-3e3a6b3ab38f
22222222-2222-2222-2222-222222222222,2026-08-21T00:55:37.378401Z,4992b1fa-fc81-445e-a203-657094d89f18,waymo_jaguar_ipace_2024,arrival,twin,f3a1d43b-789b-4c6c-8f11-3e3a6b3ab38f
22222222-2222-2222-2222-222222222222,2026-08-21T00:55:37.378401Z,964bd583-6d45-459b-8bca-4c415c0993d3,tesla_model_y_robotaxi_2024,arrival,twin,f3a1d43b-789b-4c6c-8f11-3e3a6b3ab38f
22222222-2222-2222-2222-222222222222,2026-08-21T00:55:37.378401Z,acba173d-89ed-4221-a7f7-52ae57693c67,tesla_model_y_robotaxi_2024,arrival,twin,f3a1d43b-789b-4c6c-8f11-3e3a6b3ab38f
22222222-2222-2222-2222-222222222222,2026-08-21T00:55:37.378401Z,b6e8b116-0650-4d3b-b4d7-d78bd454f7e0,tesla_model_y_robotaxi_2024,arrival,twin,f3a1d43b-789b-4c6c-8f11-3e3a6b3ab38f
22222222-2222-2222-2222-222222222222,2026-08-21T00:55:37.378401Z,c3f78336-f475-4d29-bf59-0261114066ef,tesla_model_y_robotaxi_2024,arrival,twin,f3a1d43b-789b-4c6c-8f11-3e3a6b3ab38f
22222222-2222-2222-2222-222222222222,2026-08-21T00:55:37.378401Z,e7c0498e-4f61-474f-8934-8864c090cefd,waymo_jaguar_ipace_2024,arrival,twin,f3a1d43b-789b-4c6c-8f11-3e3a6b3ab38f
22222222-2222-2222-2222-222222222222,2026-08-21T00:55:37.378401Z,02f1a60b-27e8-46a3-831b-d9232cc510a0,tesla_model_y_robotaxi_2024,departure,twin,f3a1d43b-789b-4c6c-8f11-3e3a6b3ab38f
22222222-2222-2222-2222-222222222222,2026-08-21T00:55:37.378401Z,3e88b963-abb9-415c-9637-fa8002b0074d,waymo_jaguar_ipace_2024,departure,twin,f3a1d43b-789b-4c6c-8f11-3e3a6b3ab38f
22222222-2222-2222-2222-222222222222,2026-08-21T00:55:37.378401Z,524312ab-2416-46fd-aebb-34d785ef7da6,waymo_jaguar_ipace_2024,departure,twin,f3a1d43b-789b-4c6c-8f11-3e3a6b3ab38f
22222222-2222-2222-2222-222222222222,2026-08-21T00:55:37.378401Z,90c00fd5-03c2-4a5c-acdd-1fbcb709dfb2,tesla_model_y_robotaxi_2024,departure,twin,f3a1d43b-789b-4c6c-8f11-3e3a6b3ab38f
22222222-2222-2222-2222-222222222222,2026-08-21T01:02:31.741782Z,00d5597b-d714-470c-b86c-95e8f4f600ce,waymo_jaguar_ipace_2024,arrival,twin,c5dbc377-0195-4420-96d0-6125017cf19e
22222222-2222-2222-2222-222222222222,2026-08-21T01:02:31.741782Z,10b4f941-b257-4571-948d-cc7b72d0fb52,tesla_model_y_robotaxi_2024,arrival,twin,c5dbc377-0195-4420-96d0-6125017cf19e
22222222-2222-2222-2222-222222222222,2026-08-21T01:02:31.741782Z,32b62034-d7c6-4dbd-b9a4-78e708ec4c1c,waymo_jaguar_ipace_2024,arrival,twin,c5dbc377-0195-4420-96d0-6125017cf19e
22222222-2222-2222-2222-222222222222,2026-08-21T01:02:31.741782Z,3b6f1eb7-15f4-48e5-956c-9b261b9fcae1,waymo_jaguar_ipace_2024,arrival,twin,c5dbc377-0195-4420-96d0-6125017cf19e
22222222-2222-2222-2222-222222222222,2026-08-21T01:02:31.741782Z,3fc2148f-fe15-42b9-8e9a-619351c746e4,waymo_jaguar_ipace_2024,arrival,twin,c5dbc377-0195-4420-96d0-6125017cf19e
22222222-2222-2222-2222-222222222222,2026-08-21T01:02:31.741782Z,48ad6e64-7e84-4de3-8c0c-9d3abfaadb8d,waymo_jaguar_ipace_2024,arrival,twin,c5dbc377-0195-4420-96d0-6125017cf19e
22222222-2222-2222-2222-222222222222,2026-08-21T01:02:31.741782Z,4cd2b777-e994-41b3-8542-fdf0f5d88189,waymo_jaguar_ipace_2024,arrival,twin,c5dbc377-0195-4420-96d0-6125017cf19e
22222222-2222-2222-2222-222222222222,2026-08-21T01:02:31.741782Z,4f558f2c-7f46-4c12-8a13-351371d828b6,waymo_jaguar_ipace_2024,arrival,twin,c5dbc377-0195-4420-96d0-6125017cf19e
22222222-2222-2222-2222-222222222222,2026-08-21T01:02:31.741782Z,53e3dc12-2d7e-4d7b-8dbf-79a5eeef13ce,tesla_model_y_robotaxi_2024,arrival,twin,c5dbc377-0195-4420-96d0-6125017cf19e
22222222-2222-2222-2222-222222222222,2026-08-21T01:02:31.741782Z,8d4890b5-dd19-4bf9-b7be-3ef918ff1653,waymo_jaguar_ipace_2024,arrival,twin,c5dbc377-0195-4420-96d0-6125017cf19e
22222222-2222-2222-2222-222222222222,2026-08-21T01:02:31.741782Z,99860ea8-ecf6-4bb7-8a59-52db6e90e8d9,waymo_jaguar_ipace_2024,arrival,twin,c5dbc377-0195-4420-96d0-6125017cf19e
22222222-2222-2222-2222-222222222222,2026-08-21T01:02:31.741782Z,a5af28d4-d135-4617-a379-d20cf703d54d,tesla_model_y_robotaxi_2024,arrival,twin,c5dbc377-0195-4420-96d0-6125017cf19e
22222222-2222-2222-2222-222222222222,2026-08-21T01:02:31.741782Z,c3f78336-f475-4d29-bf59-0261114066ef,tesla_model_y_robotaxi_2024,arrival,twin,c5dbc377-0195-4420-96d0-6125017cf19e
22222222-2222-2222-2222-222222222222,2026-08-21T01:02:31.741782Z,ddf31311-e84f-4ef4-915a-c5ed82ae29ff,waymo_jaguar_ipace_2024,arrival,twin,c5dbc377-0195-4420-96d0-6125017cf19e
22222222-2222-2222-2222-222222222222,2026-08-21T01:02:31.741782Z,e7c0498e-4f61-474f-8934-8864c090cefd,waymo_jaguar_ipace_2024,arrival,twin,c5dbc377-0195-4420-96d0-6125017cf19e
22222222-2222-2222-2222-222222222222,2026-08-21T01:02:31.741782Z,1520dd3c-3658-4cd5-ad83-8c73c35e97c9,tesla_model_y_robotaxi_2024,departure,twin,c5dbc377-0195-4420-96d0-6125017cf19e
22222222-2222-2222-2222-222222222222,2026-08-21T01:02:31.741782Z,5dfd9db9-4262-4a7f-8f7e-055ce7a5e426,tesla_model_y_robotaxi_2024,departure,twin,c5dbc377-0195-4420-96d0-6125017cf19e
22222222-2222-2222-2222-222222222222,2026-08-21T01:02:31.741782Z,6e5c4806-1191-4b8b-b750-d38231213a1b,tesla_model_y_robotaxi_2024,departure,twin,c5dbc377-0195-4420-96d0-6125017cf19e
22222222-2222-2222-2222-222222222222,2026-08-21T01:02:31.741782Z,c5a58859-4282-42de-b596-0a4f433e05f1,tesla_model_y_robotaxi_2024,departure,twin,c5dbc377-0195-4420-96d0-6125017cf19e
22222222-2222-2222-2222-222222222222,2026-08-21T01:02:31.741782Z,dbade82d-51ef-40bf-b21b-8103ad487d91,tesla_model_y_robotaxi_2024,departure,twin,c5dbc377-0195-4420-96d0-6125017cf19e
22222222-2222-2222-2222-222222222222,2026-08-21T01:03:45.566184Z,14b02ad9-b6f6-4a74-867c-2a6ba9daf8e0,waymo_jaguar_ipace_2024,arrival,twin,2010f408-d7c1-4bed-90ed-198fa3e90e87
22222222-2222-2222-2222-222222222222,2026-08-21T01:03:45.566184Z,36ff94e5-663b-408d-bebc-3d56508d4996,tesla_model_y_robotaxi_2024,arrival,twin,2010f408-d7c1-4bed-90ed-198fa3e90e87
22222222-2222-2222-2222-222222222222,2026-08-21T01:03:45.566184Z,464c07e3-3699-4238-90d6-ea1325d0b36c,tesla_model_y_robotaxi_2024,arrival,twin,2010f408-d7c1-4bed-90ed-198fa3e90e87
22222222-2222-2222-2222-222222222222,2026-08-21T01:03:45.566184Z,4cd2b777-e994-41b3-8542-fdf0f5d88189,waymo_jaguar_ipace_2024,arrival,twin,2010f408-d7c1-4bed-90ed-198fa3e90e87
22222222-2222-2222-2222-222222222222,2026-08-21T01:03:45.566184Z,4ce2666e-66b5-4053-9b4c-c8ad06a46557,tesla_model_y_robotaxi_2024,arrival,twin,2010f408-d7c1-4bed-90ed-198fa3e90e87
22222222-2222-2222-2222-222222222222,2026-08-21T01:03:45.566184Z,728d5880-36bc-4b47-b535-4544580ec303,tesla_model_y_robotaxi_2024,arrival,twin,2010f408-d7c1-4bed-90ed-198fa3e90e87
22222222-2222-2222-2222-222222222222,2026-08-21T01:03:45.566184Z,8d4890b5-dd19-4bf9-b7be-3ef918ff1653,waymo_jaguar_ipace_2024,arrival,twin,2010f408-d7c1-4bed-90ed-198fa3e90e87
22222222-2222-2222-2222-222222222222,2026-08-21T01:03:45.566184Z,acba173d-89ed-4221-a7f7-52ae57693c67,tesla_model_y_robotaxi_2024,arrival,twin,2010f408-d7c1-4bed-90ed-198fa3e90e87
22222222-2222-2222-2222-222222222222,2026-08-21T01:03:45.566184Z,b6e8b116-0650-4d3b-b4d7-d78bd454f7e0,tesla_model_y_robotaxi_2024,arrival,twin,2010f408-d7c1-4bed-90ed-198fa3e90e87
22222222-2222-2222-2222-222222222222,2026-08-21T01:05:32.269186Z,00d5597b-d714-470c-b86c-95e8f4f600ce,waymo_jaguar_ipace_2024,arrival,twin,943936c5-37cf-4dcc-b600-47366d1f3138
22222222-2222-2222-2222-222222222222,2026-08-21T01:05:32.269186Z,10b4f941-b257-4571-948d-cc7b72d0fb52,tesla_model_y_robotaxi_2024,arrival,twin,943936c5-37cf-4dcc-b600-47366d1f3138
22222222-2222-2222-2222-222222222222,2026-08-21T01:05:32.269186Z,32b62034-d7c6-4dbd-b9a4-78e708ec4c1c,waymo_jaguar_ipace_2024,arrival,twin,943936c5-37cf-4dcc-b600-47366d1f3138
22222222-2222-2222-2222-222222222222,2026-08-21T01:05:32.269186Z,3b6f1eb7-15f4-48e5-956c-9b261b9fcae1,waymo_jaguar_ipace_2024,arrival,twin,943936c5-37cf-4dcc-b600-47366d1f3138
22222222-2222-2222-2222-222222222222,2026-08-21T01:05:32.269186Z,3fc2148f-fe15-42b9-8e9a-619351c746e4,waymo_jaguar_ipace_2024,arrival,twin,943936c5-37cf-4dcc-b600-47366d1f3138
22222222-2222-2222-2222-222222222222,2026-08-21T01:05:32.269186Z,48ad6e64-7e84-4de3-8c0c-9d3abfaadb8d,waymo_jaguar_ipace_2024,arrival,twin,943936c5-37cf-4dcc-b600-47366d1f3138
22222222-2222-2222-2222-222222222222,2026-08-21T01:05:32.269186Z,4cd2b777-e994-41b3-8542-fdf0f5d88189,waymo_jaguar_ipace_2024,arrival,twin,943936c5-37cf-4dcc-b600-47366d1f3138
22222222-2222-2222-2222-222222222222,2026-08-21T01:05:32.269186Z,4f558f2c-7f46-4c12-8a13-351371d828b6,waymo_jaguar_ipace_2024,arrival,twin,943936c5-37cf-4dcc-b600-47366d1f3138
22222222-2222-2222-2222-222222222222,2026-08-21T01:05:32.269186Z,53e3dc12-2d7e-4d7b-8dbf-79a5eeef13ce,tesla_model_y_robotaxi_2024,arrival,twin,943936c5-37cf-4dcc-b600-47366d1f3138
22222222-2222-2222-2222-222222222222,2026-08-21T01:05:32.269186Z,8d4890b5-dd19-4bf9-b7be-3ef918ff1653,waymo_jaguar_ipace_2024,arrival,twin,943936c5-37cf-4dcc-b600-47366d1f3138
22222222-2222-2222-2222-222222222222,2026-08-21T01:05:32.269186Z,99860ea8-ecf6-4bb7-8a59-52db6e90e8d9,waymo_jaguar_ipace_2024,arrival,twin,943936c5-37cf-4dcc-b600-47366d1f3138
22222222-2222-2222-2222-222222222222,2026-08-21T01:05:32.269186Z,a5af28d4-d135-4617-a379-d20cf703d54d,tesla_model_y_robotaxi_2024,arrival,twin,943936c5-37cf-4dcc-b600-47366d1f3138
22222222-2222-2222-2222-222222222222,2026-08-21T01:05:32.269186Z,c3f78336-f475-4d29-bf59-0261114066ef,tesla_model_y_robotaxi_2024,arrival,twin,943936c5-37cf-4dcc-b600-47366d1f3138
22222222-2222-2222-2222-222222222222,2026-08-21T01:05:32.269186Z,ddf31311-e84f-4ef4-915a-c5ed82ae29ff,waymo_jaguar_ipace_2024,arrival,twin,943936c5-37cf-4dcc-b600-47366d1f3138
22222222-2222-2222-2222-222222222222,2026-08-21T01:05:32.269186Z,e7c0498e-4f61-474f-8934-8864c090cefd,waymo_jaguar_ipace_2024,arrival,twin,943936c5-37cf-4dcc-b600-47366d1f3138
22222222-2222-2222-2222-222222222222,2026-08-21T01:05:32.269186Z,1520dd3c-3658-4cd5-ad83-8c73c35e97c9,tesla_model_y_robotaxi_2024,departure,twin,943936c5-37cf-4dcc-b600-47366d1f3138
22222222-2222-2222-2222-222222222222,2026-08-21T01:05:32.269186Z,6e5c4806-1191-4b8b-b750-d38231213a1b,tesla_model_y_robotaxi_2024,departure,twin,943936c5-37cf-4dcc-b600-47366d1f3138
22222222-2222-2222-2222-222222222222,2026-08-21T01:05:32.269186Z,5dfd9db9-4262-4a7f-8f7e-055ce7a5e426,tesla_model_y_robotaxi_2024,departure,twin,943936c5-37cf-4dcc-b600-47366d1f3138
22222222-2222-2222-2222-222222222222,2026-08-21T01:05:32.269186Z,c5a58859-4282-42de-b596-0a4f433e05f1,tesla_model_y_robotaxi_2024,departure,twin,943936c5-37cf-4dcc-b600-47366d1f3138
22222222-2222-2222-2222-222222222222,2026-08-21T01:05:32.269186Z,dbade82d-51ef-40bf-b21b-8103ad487d91,tesla_model_y_robotaxi_2024,departure,twin,943936c5-37cf-4dcc-b600-47366d1f3138
22222222-2222-2222-2222-222222222222,2026-08-21T01:05:39.028103Z,14b02ad9-b6f6-4a74-867c-2a6ba9daf8e0,waymo_jaguar_ipace_2024,arrival,twin,c507bce2-9e55-4f45-a388-5be005beacfd
22222222-2222-2222-2222-222222222222,2026-08-21T01:05:39.028103Z,36ff94e5-663b-408d-bebc-3d56508d4996,tesla_model_y_robotaxi_2024,arrival,twin,c507bce2-9e55-4f45-a388-5be005beacfd
22222222-2222-2222-2222-222222222222,2026-08-21T01:05:39.028103Z,464c07e3-3699-4238-90d6-ea1325d0b36c,tesla_model_y_robotaxi_2024,arrival,twin,c507bce2-9e55-4f45-a388-5be005beacfd
22222222-2222-2222-2222-222222222222,2026-08-21T01:05:39.028103Z,4cd2b777-e994-41b3-8542-fdf0f5d88189,waymo_jaguar_ipace_2024,arrival,twin,c507bce2-9e55-4f45-a388-5be005beacfd
22222222-2222-2222-2222-222222222222,2026-08-21T01:05:39.028103Z,4ce2666e-66b5-4053-9b4c-c8ad06a46557,tesla_model_y_robotaxi_2024,arrival,twin,c507bce2-9e55-4f45-a388-5be005beacfd
22222222-2222-2222-2222-222222222222,2026-08-21T01:05:39.028103Z,728d5880-36bc-4b47-b535-4544580ec303,tesla_model_y_robotaxi_2024,arrival,twin,c507bce2-9e55-4f45-a388-5be005beacfd
22222222-2222-2222-2222-222222222222,2026-08-21T01:05:39.028103Z,8d4890b5-dd19-4bf9-b7be-3ef918ff1653,waymo_jaguar_ipace_2024,arrival,twin,c507bce2-9e55-4f45-a388-5be005beacfd
22222222-2222-2222-2222-222222222222,2026-08-21T01:05:39.028103Z,acba173d-89ed-4221-a7f7-52ae57693c67,tesla_model_y_robotaxi_2024,arrival,twin,c507bce2-9e55-4f45-a388-5be005beacfd
22222222-2222-2222-2222-222222222222,2026-08-21T01:05:39.028103Z,b6e8b116-0650-4d3b-b4d7-d78bd454f7e0,tesla_model_y_robotaxi_2024,arrival,twin,c507bce2-9e55-4f45-a388-5be005beacfd
22222222-2222-2222-2222-222222222222,2026-08-21T01:25:37.378401Z,00d5597b-d714-470c-b86c-95e8f4f600ce,waymo_jaguar_ipace_2024,arrival,twin,f3a1d43b-789b-4c6c-8f11-3e3a6b3ab38f
22222222-2222-2222-2222-222222222222,2026-08-21T01:25:37.378401Z,0b8d2e11-fac3-40f3-883e-1d37cb7e6da5,waymo_jaguar_ipace_2024,arrival,twin,f3a1d43b-789b-4c6c-8f11-3e3a6b3ab38f
22222222-2222-2222-2222-222222222222,2026-08-21T01:25:37.378401Z,138f4a23-c5c8-4b89-96a0-c72ebb6aee0c,tesla_model_y_robotaxi_2024,arrival,twin,f3a1d43b-789b-4c6c-8f11-3e3a6b3ab38f
22222222-2222-2222-2222-222222222222,2026-08-21T01:25:37.378401Z,14b02ad9-b6f6-4a74-867c-2a6ba9daf8e0,waymo_jaguar_ipace_2024,arrival,twin,f3a1d43b-789b-4c6c-8f11-3e3a6b3ab38f
22222222-2222-2222-2222-222222222222,2026-08-21T01:25:37.378401Z,2547bf99-05c5-4055-9daa-c9e2a99da11d,tesla_model_y_robotaxi_2024,arrival,twin,f3a1d43b-789b-4c6c-8f11-3e3a6b3ab38f
22222222-2222-2222-2222-222222222222,2026-08-21T01:25:37.378401Z,32b62034-d7c6-4dbd-b9a4-78e708ec4c1c,waymo_jaguar_ipace_2024,arrival,twin,f3a1d43b-789b-4c6c-8f11-3e3a6b3ab38f
22222222-2222-2222-2222-222222222222,2026-08-21T01:25:37.378401Z,3b6f1eb7-15f4-48e5-956c-9b261b9fcae1,waymo_jaguar_ipace_2024,arrival,twin,f3a1d43b-789b-4c6c-8f11-3e3a6b3ab38f
22222222-2222-2222-2222-222222222222,2026-08-21T01:25:37.378401Z,4732bf55-398f-4430-bc4c-0d14d4b89e2e,waymo_jaguar_ipace_2024,arrival,twin,f3a1d43b-789b-4c6c-8f11-3e3a6b3ab38f
22222222-2222-2222-2222-222222222222,2026-08-21T01:25:37.378401Z,4a35c33f-b875-4cc6-a54d-85060633b711,waymo_jaguar_ipace_2024,arrival,twin,f3a1d43b-789b-4c6c-8f11-3e3a6b3ab38f
22222222-2222-2222-2222-222222222222,2026-08-21T01:25:37.378401Z,53e3dc12-2d7e-4d7b-8dbf-79a5eeef13ce,tesla_model_y_robotaxi_2024,arrival,twin,f3a1d43b-789b-4c6c-8f11-3e3a6b3ab38f
22222222-2222-2222-2222-222222222222,2026-08-21T01:25:37.378401Z,5e4b54f6-ba19-4a30-9d26-2a4ed4810d6e,waymo_jaguar_ipace_2024,arrival,twin,f3a1d43b-789b-4c6c-8f11-3e3a6b3ab38f
22222222-2222-2222-2222-222222222222,2026-08-21T01:25:37.378401Z,7026f086-5ec4-485c-ae41-87bee8f181f1,waymo_jaguar_ipace_2024,arrival,twin,f3a1d43b-789b-4c6c-8f11-3e3a6b3ab38f
22222222-2222-2222-2222-222222222222,2026-08-21T01:25:37.378401Z,983002e6-790f-4e92-9722-b034571c7f47,waymo_jaguar_ipace_2024,arrival,twin,f3a1d43b-789b-4c6c-8f11-3e3a6b3ab38f
22222222-2222-2222-2222-222222222222,2026-08-21T01:25:37.378401Z,99860ea8-ecf6-4bb7-8a59-52db6e90e8d9,waymo_jaguar_ipace_2024,arrival,twin,f3a1d43b-789b-4c6c-8f11-3e3a6b3ab38f
22222222-2222-2222-2222-222222222222,2026-08-21T01:25:37.378401Z,a5af28d4-d135-4617-a379-d20cf703d54d,tesla_model_y_robotaxi_2024,arrival,twin,f3a1d43b-789b-4c6c-8f11-3e3a6b3ab38f
22222222-2222-2222-2222-222222222222,2026-08-21T01:25:37.378401Z,b41ab68e-d488-4102-ba08-502df168a1a1,waymo_jaguar_ipace_2024,arrival,twin,f3a1d43b-789b-4c6c-8f11-3e3a6b3ab38f
22222222-2222-2222-2222-222222222222,2026-08-21T01:25:37.378401Z,c1b40f85-c4e3-40c7-afba-d1aec9ed876b,waymo_jaguar_ipace_2024,arrival,twin,f3a1d43b-789b-4c6c-8f11-3e3a6b3ab38f
22222222-2222-2222-2222-222222222222,2026-08-21T01:25:37.378401Z,cef7d122-6498-4555-8eba-8a6d51644d74,tesla_model_y_robotaxi_2024,arrival,twin,f3a1d43b-789b-4c6c-8f11-3e3a6b3ab38f
22222222-2222-2222-2222-222222222222,2026-08-21T01:25:37.378401Z,ddf31311-e84f-4ef4-915a-c5ed82ae29ff,waymo_jaguar_ipace_2024,arrival,twin,f3a1d43b-789b-4c6c-8f11-3e3a6b3ab38f
22222222-2222-2222-2222-222222222222,2026-08-21T01:25:37.378401Z,f1776816-85e4-4ed0-8890-fe115c1c9f73,waymo_jaguar_ipace_2024,arrival,twin,f3a1d43b-789b-4c6c-8f11-3e3a6b3ab38f
22222222-2222-2222-2222-222222222222,2026-08-21T01:25:37.378401Z,6e5c4806-1191-4b8b-b750-d38231213a1b,tesla_model_y_robotaxi_2024,departure,twin,f3a1d43b-789b-4c6c-8f11-3e3a6b3ab38f
22222222-2222-2222-2222-222222222222,2026-08-21T01:25:37.378401Z,c5a58859-4282-42de-b596-0a4f433e05f1,tesla_model_y_robotaxi_2024,departure,twin,f3a1d43b-789b-4c6c-8f11-3e3a6b3ab38f
22222222-2222-2222-2222-222222222222,2026-08-21T01:25:37.378401Z,dbade82d-51ef-40bf-b21b-8103ad487d91,tesla_model_y_robotaxi_2024,departure,twin,f3a1d43b-789b-4c6c-8f11-3e3a6b3ab38f
22222222-2222-2222-2222-222222222222,2026-08-21T01:32:31.741782Z,138f4a23-c5c8-4b89-96a0-c72ebb6aee0c,tesla_model_y_robotaxi_2024,arrival,twin,c5dbc377-0195-4420-96d0-6125017cf19e
22222222-2222-2222-2222-222222222222,2026-08-21T01:32:31.741782Z,7026f086-5ec4-485c-ae41-87bee8f181f1,waymo_jaguar_ipace_2024,arrival,twin,c5dbc377-0195-4420-96d0-6125017cf19e
22222222-2222-2222-2222-222222222222,2026-08-21T01:32:31.741782Z,9240c4c6-422b-4ac5-b65d-321faac569ce,waymo_jaguar_ipace_2024,arrival,twin,c5dbc377-0195-4420-96d0-6125017cf19e
22222222-2222-2222-2222-222222222222,2026-08-21T01:32:31.741782Z,970832d1-8185-4eb5-8d10-c1cbe44c9283,waymo_jaguar_ipace_2024,arrival,twin,c5dbc377-0195-4420-96d0-6125017cf19e
22222222-2222-2222-2222-222222222222,2026-08-21T01:32:31.741782Z,b41ab68e-d488-4102-ba08-502df168a1a1,waymo_jaguar_ipace_2024,arrival,twin,c5dbc377-0195-4420-96d0-6125017cf19e
22222222-2222-2222-2222-222222222222,2026-08-21T01:32:31.741782Z,bfc95659-513d-4d55-b665-525b9e9e14e5,waymo_jaguar_ipace_2024,arrival,twin,c5dbc377-0195-4420-96d0-6125017cf19e
22222222-2222-2222-2222-222222222222,2026-08-21T01:32:31.741782Z,f2cc320b-7543-47cf-a66d-37acee233f1b,tesla_model_y_robotaxi_2024,arrival,twin,c5dbc377-0195-4420-96d0-6125017cf19e
22222222-2222-2222-2222-222222222222,2026-08-21T01:32:31.741782Z,03812c6f-407b-4782-858f-c15cdbaf8de7,waymo_jaguar_ipace_2024,arrival,twin,c5dbc377-0195-4420-96d0-6125017cf19e
22222222-2222-2222-2222-222222222222,2026-08-21T01:32:31.741782Z,32a91a14-aac6-4c58-924e-e61a6766978b,waymo_jaguar_ipace_2024,arrival,twin,c5dbc377-0195-4420-96d0-6125017cf19e
22222222-2222-2222-2222-222222222222,2026-08-21T01:32:31.741782Z,4732bf55-398f-4430-bc4c-0d14d4b89e2e,waymo_jaguar_ipace_2024,arrival,twin,c5dbc377-0195-4420-96d0-6125017cf19e
22222222-2222-2222-2222-222222222222,2026-08-21T01:32:31.741782Z,51766e8e-fe42-436d-b37a-10215bdb6798,waymo_jaguar_ipace_2024,arrival,twin,c5dbc377-0195-4420-96d0-6125017cf19e
22222222-2222-2222-2222-222222222222,2026-08-21T01:32:31.741782Z,618e0836-b6e1-459d-9955-38857bf1cbff,waymo_jaguar_ipace_2024,arrival,twin,c5dbc377-0195-4420-96d0-6125017cf19e
22222222-2222-2222-2222-222222222222,2026-08-21T01:32:31.741782Z,c433a36d-8782-46b2-b128-3e345bcbd186,waymo_jaguar_ipace_2024,arrival,twin,c5dbc377-0195-4420-96d0-6125017cf19e
22222222-2222-2222-2222-222222222222,2026-08-21T01:32:31.741782Z,0bfd4d59-44f9-4a57-8c06-51bc00a2a6b9,tesla_model_y_robotaxi_2024,departure,twin,c5dbc377-0195-4420-96d0-6125017cf19e
22222222-2222-2222-2222-222222222222,2026-08-21T01:32:31.741782Z,25061aa9-5a61-481b-acee-0aa08dd7066f,tesla_model_y_robotaxi_2024,departure,twin,c5dbc377-0195-4420-96d0-6125017cf19e
22222222-2222-2222-2222-222222222222,2026-08-21T01:32:31.741782Z,1c9aff71-a240-4bfe-b55a-d0eaa2ec6116,tesla_model_y_robotaxi_2024,departure,twin,c5dbc377-0195-4420-96d0-6125017cf19e
22222222-2222-2222-2222-222222222222,2026-08-21T01:33:45.566184Z,00d5597b-d714-470c-b86c-95e8f4f600ce,waymo_jaguar_ipace_2024,arrival,twin,2010f408-d7c1-4bed-90ed-198fa3e90e87
22222222-2222-2222-2222-222222222222,2026-08-21T01:33:45.566184Z,0b8d2e11-fac3-40f3-883e-1d37cb7e6da5,waymo_jaguar_ipace_2024,arrival,twin,2010f408-d7c1-4bed-90ed-198fa3e90e87
22222222-2222-2222-2222-222222222222,2026-08-21T01:33:45.566184Z,138f4a23-c5c8-4b89-96a0-c72ebb6aee0c,tesla_model_y_robotaxi_2024,arrival,twin,2010f408-d7c1-4bed-90ed-198fa3e90e87
22222222-2222-2222-2222-222222222222,2026-08-21T01:33:45.566184Z,1ea6a5d7-862d-44cc-a387-86cea6bc4fe4,tesla_model_y_robotaxi_2024,arrival,twin,2010f408-d7c1-4bed-90ed-198fa3e90e87
22222222-2222-2222-2222-222222222222,2026-08-21T01:33:45.566184Z,2879307e-1fde-41ca-9309-d0aa11357436,waymo_jaguar_ipace_2024,arrival,twin,2010f408-d7c1-4bed-90ed-198fa3e90e87
22222222-2222-2222-2222-222222222222,2026-08-21T01:33:45.566184Z,2be09ec0-e78a-4cd8-9f80-fceeb1c33e71,tesla_model_y_robotaxi_2024,arrival,twin,2010f408-d7c1-4bed-90ed-198fa3e90e87
22222222-2222-2222-2222-222222222222,2026-08-21T01:33:45.566184Z,32b62034-d7c6-4dbd-b9a4-78e708ec4c1c,waymo_jaguar_ipace_2024,arrival,twin,2010f408-d7c1-4bed-90ed-198fa3e90e87
22222222-2222-2222-2222-222222222222,2026-08-21T01:33:45.566184Z,3e88b963-abb9-415c-9637-fa8002b0074d,waymo_jaguar_ipace_2024,arrival,twin,2010f408-d7c1-4bed-90ed-198fa3e90e87
22222222-2222-2222-2222-222222222222,2026-08-21T01:33:45.566184Z,48ad6e64-7e84-4de3-8c0c-9d3abfaadb8d,waymo_jaguar_ipace_2024,arrival,twin,2010f408-d7c1-4bed-90ed-198fa3e90e87
22222222-2222-2222-2222-222222222222,2026-08-21T01:33:45.566184Z,4a35c33f-b875-4cc6-a54d-85060633b711,waymo_jaguar_ipace_2024,arrival,twin,2010f408-d7c1-4bed-90ed-198fa3e90e87
22222222-2222-2222-2222-222222222222,2026-08-21T01:33:45.566184Z,4f558f2c-7f46-4c12-8a13-351371d828b6,waymo_jaguar_ipace_2024,arrival,twin,2010f408-d7c1-4bed-90ed-198fa3e90e87
22222222-2222-2222-2222-222222222222,2026-08-21T01:33:45.566184Z,53e3dc12-2d7e-4d7b-8dbf-79a5eeef13ce,tesla_model_y_robotaxi_2024,arrival,twin,2010f408-d7c1-4bed-90ed-198fa3e90e87
22222222-2222-2222-2222-222222222222,2026-08-21T01:33:45.566184Z,5e4b54f6-ba19-4a30-9d26-2a4ed4810d6e,waymo_jaguar_ipace_2024,arrival,twin,2010f408-d7c1-4bed-90ed-198fa3e90e87
22222222-2222-2222-2222-222222222222,2026-08-21T01:33:45.566184Z,6860a969-bb88-416f-a3bf-545884f04aa8,waymo_jaguar_ipace_2024,arrival,twin,2010f408-d7c1-4bed-90ed-198fa3e90e87
22222222-2222-2222-2222-222222222222,2026-08-21T01:33:45.566184Z,90c00fd5-03c2-4a5c-acdd-1fbcb709dfb2,tesla_model_y_robotaxi_2024,arrival,twin,2010f408-d7c1-4bed-90ed-198fa3e90e87
22222222-2222-2222-2222-222222222222,2026-08-21T01:33:45.566184Z,983002e6-790f-4e92-9722-b034571c7f47,waymo_jaguar_ipace_2024,arrival,twin,2010f408-d7c1-4bed-90ed-198fa3e90e87
22222222-2222-2222-2222-222222222222,2026-08-21T01:33:45.566184Z,99860ea8-ecf6-4bb7-8a59-52db6e90e8d9,waymo_jaguar_ipace_2024,arrival,twin,2010f408-d7c1-4bed-90ed-198fa3e90e87
22222222-2222-2222-2222-222222222222,2026-08-21T01:33:45.566184Z,a5af28d4-d135-4617-a379-d20cf703d54d,tesla_model_y_robotaxi_2024,arrival,twin,2010f408-d7c1-4bed-90ed-198fa3e90e87
22222222-2222-2222-2222-222222222222,2026-08-21T01:33:45.566184Z,b41ab68e-d488-4102-ba08-502df168a1a1,waymo_jaguar_ipace_2024,arrival,twin,2010f408-d7c1-4bed-90ed-198fa3e90e87
22222222-2222-2222-2222-222222222222,2026-08-21T01:33:45.566184Z,c3f78336-f475-4d29-bf59-0261114066ef,tesla_model_y_robotaxi_2024,arrival,twin,2010f408-d7c1-4bed-90ed-198fa3e90e87
22222222-2222-2222-2222-222222222222,2026-08-21T01:33:45.566184Z,c433a36d-8782-46b2-b128-3e345bcbd186,waymo_jaguar_ipace_2024,arrival,twin,2010f408-d7c1-4bed-90ed-198fa3e90e87
22222222-2222-2222-2222-222222222222,2026-08-21T01:33:45.566184Z,cef7d122-6498-4555-8eba-8a6d51644d74,tesla_model_y_robotaxi_2024,arrival,twin,2010f408-d7c1-4bed-90ed-198fa3e90e87
22222222-2222-2222-2222-222222222222,2026-08-21T01:33:45.566184Z,e7c0498e-4f61-474f-8934-8864c090cefd,waymo_jaguar_ipace_2024,arrival,twin,2010f408-d7c1-4bed-90ed-198fa3e90e87
22222222-2222-2222-2222-222222222222,2026-08-21T01:33:45.566184Z,c5a58859-4282-42de-b596-0a4f433e05f1,tesla_model_y_robotaxi_2024,departure,twin,2010f408-d7c1-4bed-90ed-198fa3e90e87
22222222-2222-2222-2222-222222222222,2026-08-21T01:33:45.566184Z,c8663fd7-b423-4398-9a18-a2ba5310feb7,tesla_model_y_robotaxi_2024,departure,twin,2010f408-d7c1-4bed-90ed-198fa3e90e87
22222222-2222-2222-2222-222222222222,2026-08-21T01:33:45.566184Z,dbade82d-51ef-40bf-b21b-8103ad487d91,tesla_model_y_robotaxi_2024,departure,twin,2010f408-d7c1-4bed-90ed-198fa3e90e87
22222222-2222-2222-2222-222222222222,2026-08-21T01:33:45.566184Z,ddf31311-e84f-4ef4-915a-c5ed82ae29ff,waymo_jaguar_ipace_2024,departure,twin,2010f408-d7c1-4bed-90ed-198fa3e90e87
22222222-2222-2222-2222-222222222222,2026-08-21T01:33:45.566184Z,f1776816-85e4-4ed0-8890-fe115c1c9f73,waymo_jaguar_ipace_2024,departure,twin,2010f408-d7c1-4bed-90ed-198fa3e90e87
22222222-2222-2222-2222-222222222222,2026-08-21T01:33:45.566184Z,f72a1d21-3532-40ca-a69e-8ef5a4be38a0,zoox_robotaxi_2024,departure,twin,2010f408-d7c1-4bed-90ed-198fa3e90e87
22222222-2222-2222-2222-222222222222,2026-08-21T01:35:32.269186Z,32a91a14-aac6-4c58-924e-e61a6766978b,waymo_jaguar_ipace_2024,arrival,twin,943936c5-37cf-4dcc-b600-47366d1f3138
22222222-2222-2222-2222-222222222222,2026-08-21T01:35:32.269186Z,4732bf55-398f-4430-bc4c-0d14d4b89e2e,waymo_jaguar_ipace_2024,arrival,twin,943936c5-37cf-4dcc-b600-47366d1f3138
22222222-2222-2222-2222-222222222222,2026-08-21T01:35:32.269186Z,618e0836-b6e1-459d-9955-38857bf1cbff,waymo_jaguar_ipace_2024,arrival,twin,943936c5-37cf-4dcc-b600-47366d1f3138
22222222-2222-2222-2222-222222222222,2026-08-21T01:35:32.269186Z,c433a36d-8782-46b2-b128-3e345bcbd186,waymo_jaguar_ipace_2024,arrival,twin,943936c5-37cf-4dcc-b600-47366d1f3138
22222222-2222-2222-2222-222222222222,2026-08-21T01:35:32.269186Z,03812c6f-407b-4782-858f-c15cdbaf8de7,waymo_jaguar_ipace_2024,arrival,twin,943936c5-37cf-4dcc-b600-47366d1f3138
22222222-2222-2222-2222-222222222222,2026-08-21T01:35:32.269186Z,138f4a23-c5c8-4b89-96a0-c72ebb6aee0c,tesla_model_y_robotaxi_2024,arrival,twin,943936c5-37cf-4dcc-b600-47366d1f3138
22222222-2222-2222-2222-222222222222,2026-08-21T01:35:32.269186Z,51766e8e-fe42-436d-b37a-10215bdb6798,waymo_jaguar_ipace_2024,arrival,twin,943936c5-37cf-4dcc-b600-47366d1f3138
22222222-2222-2222-2222-222222222222,2026-08-21T01:35:32.269186Z,7026f086-5ec4-485c-ae41-87bee8f181f1,waymo_jaguar_ipace_2024,arrival,twin,943936c5-37cf-4dcc-b600-47366d1f3138
22222222-2222-2222-2222-222222222222,2026-08-21T01:35:32.269186Z,9240c4c6-422b-4ac5-b65d-321faac569ce,waymo_jaguar_ipace_2024,arrival,twin,943936c5-37cf-4dcc-b600-47366d1f3138
22222222-2222-2222-2222-222222222222,2026-08-21T01:35:32.269186Z,970832d1-8185-4eb5-8d10-c1cbe44c9283,waymo_jaguar_ipace_2024,arrival,twin,943936c5-37cf-4dcc-b600-47366d1f3138
22222222-2222-2222-2222-222222222222,2026-08-21T01:35:32.269186Z,b41ab68e-d488-4102-ba08-502df168a1a1,waymo_jaguar_ipace_2024,arrival,twin,943936c5-37cf-4dcc-b600-47366d1f3138
22222222-2222-2222-2222-222222222222,2026-08-21T01:35:32.269186Z,bfc95659-513d-4d55-b665-525b9e9e14e5,waymo_jaguar_ipace_2024,arrival,twin,943936c5-37cf-4dcc-b600-47366d1f3138
22222222-2222-2222-2222-222222222222,2026-08-21T01:35:32.269186Z,f2cc320b-7543-47cf-a66d-37acee233f1b,tesla_model_y_robotaxi_2024,arrival,twin,943936c5-37cf-4dcc-b600-47366d1f3138
22222222-2222-2222-2222-222222222222,2026-08-21T01:35:32.269186Z,0bfd4d59-44f9-4a57-8c06-51bc00a2a6b9,tesla_model_y_robotaxi_2024,departure,twin,943936c5-37cf-4dcc-b600-47366d1f3138
22222222-2222-2222-2222-222222222222,2026-08-21T01:35:32.269186Z,25061aa9-5a61-481b-acee-0aa08dd7066f,tesla_model_y_robotaxi_2024,departure,twin,943936c5-37cf-4dcc-b600-47366d1f3138
22222222-2222-2222-2222-222222222222,2026-08-21T01:35:32.269186Z,1c9aff71-a240-4bfe-b55a-d0eaa2ec6116,tesla_model_y_robotaxi_2024,departure,twin,943936c5-37cf-4dcc-b600-47366d1f3138
22222222-2222-2222-2222-222222222222,2026-08-21T01:35:39.028103Z,00d5597b-d714-470c-b86c-95e8f4f600ce,waymo_jaguar_ipace_2024,arrival,twin,c507bce2-9e55-4f45-a388-5be005beacfd
22222222-2222-2222-2222-222222222222,2026-08-21T01:35:39.028103Z,0b8d2e11-fac3-40f3-883e-1d37cb7e6da5,waymo_jaguar_ipace_2024,arrival,twin,c507bce2-9e55-4f45-a388-5be005beacfd
22222222-2222-2222-2222-222222222222,2026-08-21T01:35:39.028103Z,138f4a23-c5c8-4b89-96a0-c72ebb6aee0c,tesla_model_y_robotaxi_2024,arrival,twin,c507bce2-9e55-4f45-a388-5be005beacfd
22222222-2222-2222-2222-222222222222,2026-08-21T01:35:39.028103Z,1ea6a5d7-862d-44cc-a387-86cea6bc4fe4,tesla_model_y_robotaxi_2024,arrival,twin,c507bce2-9e55-4f45-a388-5be005beacfd
22222222-2222-2222-2222-222222222222,2026-08-21T01:35:39.028103Z,2879307e-1fde-41ca-9309-d0aa11357436,waymo_jaguar_ipace_2024,arrival,twin,c507bce2-9e55-4f45-a388-5be005beacfd
22222222-2222-2222-2222-222222222222,2026-08-21T01:35:39.028103Z,2be09ec0-e78a-4cd8-9f80-fceeb1c33e71,tesla_model_y_robotaxi_2024,arrival,twin,c507bce2-9e55-4f45-a388-5be005beacfd
22222222-2222-2222-2222-222222222222,2026-08-21T01:35:39.028103Z,32b62034-d7c6-4dbd-b9a4-78e708ec4c1c,waymo_jaguar_ipace_2024,arrival,twin,c507bce2-9e55-4f45-a388-5be005beacfd
22222222-2222-2222-2222-222222222222,2026-08-21T01:35:39.028103Z,3e88b963-abb9-415c-9637-fa8002b0074d,waymo_jaguar_ipace_2024,arrival,twin,c507bce2-9e55-4f45-a388-5be005beacfd
22222222-2222-2222-2222-222222222222,2026-08-21T01:35:39.028103Z,48ad6e64-7e84-4de3-8c0c-9d3abfaadb8d,waymo_jaguar_ipace_2024,arrival,twin,c507bce2-9e55-4f45-a388-5be005beacfd
22222222-2222-2222-2222-222222222222,2026-08-21T01:35:39.028103Z,4a35c33f-b875-4cc6-a54d-85060633b711,waymo_jaguar_ipace_2024,arrival,twin,c507bce2-9e55-4f45-a388-5be005beacfd
22222222-2222-2222-2222-222222222222,2026-08-21T01:35:39.028103Z,4f558f2c-7f46-4c12-8a13-351371d828b6,waymo_jaguar_ipace_2024,arrival,twin,c507bce2-9e55-4f45-a388-5be005beacfd
22222222-2222-2222-2222-222222222222,2026-08-21T01:35:39.028103Z,53e3dc12-2d7e-4d7b-8dbf-79a5eeef13ce,tesla_model_y_robotaxi_2024,arrival,twin,c507bce2-9e55-4f45-a388-5be005beacfd
22222222-2222-2222-2222-222222222222,2026-08-21T01:35:39.028103Z,5e4b54f6-ba19-4a30-9d26-2a4ed4810d6e,waymo_jaguar_ipace_2024,arrival,twin,c507bce2-9e55-4f45-a388-5be005beacfd
22222222-2222-2222-2222-222222222222,2026-08-21T01:35:39.028103Z,6860a969-bb88-416f-a3bf-545884f04aa8,waymo_jaguar_ipace_2024,arrival,twin,c507bce2-9e55-4f45-a388-5be005beacfd
22222222-2222-2222-2222-222222222222,2026-08-21T01:35:39.028103Z,90c00fd5-03c2-4a5c-acdd-1fbcb709dfb2,tesla_model_y_robotaxi_2024,arrival,twin,c507bce2-9e55-4f45-a388-5be005beacfd
22222222-2222-2222-2222-222222222222,2026-08-21T01:35:39.028103Z,983002e6-790f-4e92-9722-b034571c7f47,waymo_jaguar_ipace_2024,arrival,twin,c507bce2-9e55-4f45-a388-5be005beacfd
22222222-2222-2222-2222-222222222222,2026-08-21T01:35:39.028103Z,99860ea8-ecf6-4bb7-8a59-52db6e90e8d9,waymo_jaguar_ipace_2024,arrival,twin,c507bce2-9e55-4f45-a388-5be005beacfd
22222222-2222-2222-2222-222222222222,2026-08-21T01:35:39.028103Z,a5af28d4-d135-4617-a379-d20cf703d54d,tesla_model_y_robotaxi_2024,arrival,twin,c507bce2-9e55-4f45-a388-5be005beacfd
22222222-2222-2222-2222-222222222222,2026-08-21T01:35:39.028103Z,b41ab68e-d488-4102-ba08-502df168a1a1,waymo_jaguar_ipace_2024,arrival,twin,c507bce2-9e55-4f45-a388-5be005beacfd
22222222-2222-2222-2222-222222222222,2026-08-21T01:35:39.028103Z,c3f78336-f475-4d29-bf59-0261114066ef,tesla_model_y_robotaxi_2024,arrival,twin,c507bce2-9e55-4f45-a388-5be005beacfd
22222222-2222-2222-2222-222222222222,2026-08-21T01:35:39.028103Z,c433a36d-8782-46b2-b128-3e345bcbd186,waymo_jaguar_ipace_2024,arrival,twin,c507bce2-9e55-4f45-a388-5be005beacfd
22222222-2222-2222-2222-222222222222,2026-08-21T01:35:39.028103Z,cef7d122-6498-4555-8eba-8a6d51644d74,tesla_model_y_robotaxi_2024,arrival,twin,c507bce2-9e55-4f45-a388-5be005beacfd
22222222-2222-2222-2222-222222222222,2026-08-21T01:35:39.028103Z,e7c0498e-4f61-474f-8934-8864c090cefd,waymo_jaguar_ipace_2024,arrival,twin,c507bce2-9e55-4f45-a388-5be005beacfd
22222222-2222-2222-2222-222222222222,2026-08-21T01:35:39.028103Z,c8663fd7-b423-4398-9a18-a2ba5310feb7,tesla_model_y_robotaxi_2024,departure,twin,c507bce2-9e55-4f45-a388-5be005beacfd
22222222-2222-2222-2222-222222222222,2026-08-21T01:35:39.028103Z,ddf31311-e84f-4ef4-915a-c5ed82ae29ff,waymo_jaguar_ipace_2024,departure,twin,c507bce2-9e55-4f45-a388-5be005beacfd
22222222-2222-2222-2222-222222222222,2026-08-21T01:35:39.028103Z,f1776816-85e4-4ed0-8890-fe115c1c9f73,waymo_jaguar_ipace_2024,departure,twin,c507bce2-9e55-4f45-a388-5be005beacfd
22222222-2222-2222-2222-222222222222,2026-08-21T01:35:39.028103Z,f72a1d21-3532-40ca-a69e-8ef5a4be38a0,zoox_robotaxi_2024,departure,twin,c507bce2-9e55-4f45-a388-5be005beacfd
22222222-2222-2222-2222-222222222222,2026-08-21T01:35:39.028103Z,1520dd3c-3658-4cd5-ad83-8c73c35e97c9,tesla_model_y_robotaxi_2024,departure,twin,c507bce2-9e55-4f45-a388-5be005beacfd
22222222-2222-2222-2222-222222222222,2026-08-21T01:35:39.028103Z,c5a58859-4282-42de-b596-0a4f433e05f1,tesla_model_y_robotaxi_2024,departure,twin,c507bce2-9e55-4f45-a388-5be005beacfd
22222222-2222-2222-2222-222222222222,2026-08-21T01:55:37.378401Z,053b8abd-e2b6-4b19-9bfc-314430947773,waymo_jaguar_ipace_2024,arrival,twin,f3a1d43b-789b-4c6c-8f11-3e3a6b3ab38f
22222222-2222-2222-2222-222222222222,2026-08-21T01:55:37.378401Z,a6e9c009-82e7-4c32-b9be-d3feaad294ca,waymo_jaguar_ipace_2024,arrival,twin,f3a1d43b-789b-4c6c-8f11-3e3a6b3ab38f
22222222-2222-2222-2222-222222222222,2026-08-21T01:55:37.378401Z,c433a36d-8782-46b2-b128-3e345bcbd186,waymo_jaguar_ipace_2024,arrival,twin,f3a1d43b-789b-4c6c-8f11-3e3a6b3ab38f
22222222-2222-2222-2222-222222222222,2026-08-21T01:55:37.378401Z,2879307e-1fde-41ca-9309-d0aa11357436,waymo_jaguar_ipace_2024,arrival,twin,f3a1d43b-789b-4c6c-8f11-3e3a6b3ab38f
22222222-2222-2222-2222-222222222222,2026-08-21T01:55:37.378401Z,32a91a14-aac6-4c58-924e-e61a6766978b,waymo_jaguar_ipace_2024,arrival,twin,f3a1d43b-789b-4c6c-8f11-3e3a6b3ab38f
22222222-2222-2222-2222-222222222222,2026-08-21T01:55:37.378401Z,51766e8e-fe42-436d-b37a-10215bdb6798,waymo_jaguar_ipace_2024,arrival,twin,f3a1d43b-789b-4c6c-8f11-3e3a6b3ab38f
22222222-2222-2222-2222-222222222222,2026-08-21T01:55:37.378401Z,5b8524d6-260b-448c-a9ae-9e18e9cada45,waymo_jaguar_ipace_2024,arrival,twin,f3a1d43b-789b-4c6c-8f11-3e3a6b3ab38f
22222222-2222-2222-2222-222222222222,2026-08-21T01:55:37.378401Z,618e0836-b6e1-459d-9955-38857bf1cbff,waymo_jaguar_ipace_2024,arrival,twin,f3a1d43b-789b-4c6c-8f11-3e3a6b3ab38f
22222222-2222-2222-2222-222222222222,2026-08-21T01:55:37.378401Z,8ed8211d-aaa2-4051-b116-8f9f2501fc51,waymo_jaguar_ipace_2024,arrival,twin,f3a1d43b-789b-4c6c-8f11-3e3a6b3ab38f
22222222-2222-2222-2222-222222222222,2026-08-21T01:55:37.378401Z,9240c4c6-422b-4ac5-b65d-321faac569ce,waymo_jaguar_ipace_2024,arrival,twin,f3a1d43b-789b-4c6c-8f11-3e3a6b3ab38f
22222222-2222-2222-2222-222222222222,2026-08-21T02:02:31.741782Z,053b8abd-e2b6-4b19-9bfc-314430947773,waymo_jaguar_ipace_2024,arrival,twin,c5dbc377-0195-4420-96d0-6125017cf19e
22222222-2222-2222-2222-222222222222,2026-08-21T02:02:31.741782Z,5b8524d6-260b-448c-a9ae-9e18e9cada45,waymo_jaguar_ipace_2024,arrival,twin,c5dbc377-0195-4420-96d0-6125017cf19e
22222222-2222-2222-2222-222222222222,2026-08-21T02:02:31.741782Z,64710503-d52c-42ae-bddf-53aec572c4d9,waymo_jaguar_ipace_2024,arrival,twin,c5dbc377-0195-4420-96d0-6125017cf19e
22222222-2222-2222-2222-222222222222,2026-08-21T02:02:31.741782Z,8ed8211d-aaa2-4051-b116-8f9f2501fc51,waymo_jaguar_ipace_2024,arrival,twin,c5dbc377-0195-4420-96d0-6125017cf19e
22222222-2222-2222-2222-222222222222,2026-08-21T02:02:31.741782Z,524312ab-2416-46fd-aebb-34d785ef7da6,waymo_jaguar_ipace_2024,departure,twin,c5dbc377-0195-4420-96d0-6125017cf19e
22222222-2222-2222-2222-222222222222,2026-08-21T02:03:45.566184Z,03812c6f-407b-4782-858f-c15cdbaf8de7,waymo_jaguar_ipace_2024,arrival,twin,2010f408-d7c1-4bed-90ed-198fa3e90e87
22222222-2222-2222-2222-222222222222,2026-08-21T02:03:45.566184Z,32a91a14-aac6-4c58-924e-e61a6766978b,waymo_jaguar_ipace_2024,arrival,twin,2010f408-d7c1-4bed-90ed-198fa3e90e87
22222222-2222-2222-2222-222222222222,2026-08-21T02:03:45.566184Z,4732bf55-398f-4430-bc4c-0d14d4b89e2e,waymo_jaguar_ipace_2024,arrival,twin,2010f408-d7c1-4bed-90ed-198fa3e90e87
22222222-2222-2222-2222-222222222222,2026-08-21T02:03:45.566184Z,51766e8e-fe42-436d-b37a-10215bdb6798,waymo_jaguar_ipace_2024,arrival,twin,2010f408-d7c1-4bed-90ed-198fa3e90e87
22222222-2222-2222-2222-222222222222,2026-08-21T02:03:45.566184Z,7026f086-5ec4-485c-ae41-87bee8f181f1,waymo_jaguar_ipace_2024,arrival,twin,2010f408-d7c1-4bed-90ed-198fa3e90e87
22222222-2222-2222-2222-222222222222,2026-08-21T02:03:45.566184Z,9240c4c6-422b-4ac5-b65d-321faac569ce,waymo_jaguar_ipace_2024,arrival,twin,2010f408-d7c1-4bed-90ed-198fa3e90e87
22222222-2222-2222-2222-222222222222,2026-08-21T02:03:45.566184Z,970832d1-8185-4eb5-8d10-c1cbe44c9283,waymo_jaguar_ipace_2024,arrival,twin,2010f408-d7c1-4bed-90ed-198fa3e90e87
22222222-2222-2222-2222-222222222222,2026-08-21T02:03:45.566184Z,a6e9c009-82e7-4c32-b9be-d3feaad294ca,waymo_jaguar_ipace_2024,arrival,twin,2010f408-d7c1-4bed-90ed-198fa3e90e87
22222222-2222-2222-2222-222222222222,2026-08-21T02:03:45.566184Z,0d13e7d4-4707-44be-a233-8a3e849a23c5,waymo_jaguar_ipace_2024,arrival,twin,2010f408-d7c1-4bed-90ed-198fa3e90e87
22222222-2222-2222-2222-222222222222,2026-08-21T02:05:32.269186Z,5b8524d6-260b-448c-a9ae-9e18e9cada45,waymo_jaguar_ipace_2024,arrival,twin,943936c5-37cf-4dcc-b600-47366d1f3138
22222222-2222-2222-2222-222222222222,2026-08-21T02:05:32.269186Z,053b8abd-e2b6-4b19-9bfc-314430947773,waymo_jaguar_ipace_2024,arrival,twin,943936c5-37cf-4dcc-b600-47366d1f3138
22222222-2222-2222-2222-222222222222,2026-08-21T02:05:32.269186Z,64710503-d52c-42ae-bddf-53aec572c4d9,waymo_jaguar_ipace_2024,arrival,twin,943936c5-37cf-4dcc-b600-47366d1f3138
22222222-2222-2222-2222-222222222222,2026-08-21T02:05:32.269186Z,8ed8211d-aaa2-4051-b116-8f9f2501fc51,waymo_jaguar_ipace_2024,arrival,twin,943936c5-37cf-4dcc-b600-47366d1f3138
22222222-2222-2222-2222-222222222222,2026-08-21T02:05:32.269186Z,524312ab-2416-46fd-aebb-34d785ef7da6,waymo_jaguar_ipace_2024,departure,twin,943936c5-37cf-4dcc-b600-47366d1f3138
22222222-2222-2222-2222-222222222222,2026-08-21T02:05:39.028103Z,0d13e7d4-4707-44be-a233-8a3e849a23c5,waymo_jaguar_ipace_2024,arrival,twin,c507bce2-9e55-4f45-a388-5be005beacfd
22222222-2222-2222-2222-222222222222,2026-08-21T02:05:39.028103Z,51766e8e-fe42-436d-b37a-10215bdb6798,waymo_jaguar_ipace_2024,arrival,twin,c507bce2-9e55-4f45-a388-5be005beacfd
22222222-2222-2222-2222-222222222222,2026-08-21T02:05:39.028103Z,03812c6f-407b-4782-858f-c15cdbaf8de7,waymo_jaguar_ipace_2024,arrival,twin,c507bce2-9e55-4f45-a388-5be005beacfd
22222222-2222-2222-2222-222222222222,2026-08-21T02:05:39.028103Z,32a91a14-aac6-4c58-924e-e61a6766978b,waymo_jaguar_ipace_2024,arrival,twin,c507bce2-9e55-4f45-a388-5be005beacfd
22222222-2222-2222-2222-222222222222,2026-08-21T02:05:39.028103Z,4732bf55-398f-4430-bc4c-0d14d4b89e2e,waymo_jaguar_ipace_2024,arrival,twin,c507bce2-9e55-4f45-a388-5be005beacfd
22222222-2222-2222-2222-222222222222,2026-08-21T02:05:39.028103Z,7026f086-5ec4-485c-ae41-87bee8f181f1,waymo_jaguar_ipace_2024,arrival,twin,c507bce2-9e55-4f45-a388-5be005beacfd
22222222-2222-2222-2222-222222222222,2026-08-21T02:05:39.028103Z,9240c4c6-422b-4ac5-b65d-321faac569ce,waymo_jaguar_ipace_2024,arrival,twin,c507bce2-9e55-4f45-a388-5be005beacfd
22222222-2222-2222-2222-222222222222,2026-08-21T02:05:39.028103Z,970832d1-8185-4eb5-8d10-c1cbe44c9283,waymo_jaguar_ipace_2024,arrival,twin,c507bce2-9e55-4f45-a388-5be005beacfd
22222222-2222-2222-2222-222222222222,2026-08-21T02:05:39.028103Z,a6e9c009-82e7-4c32-b9be-d3feaad294ca,waymo_jaguar_ipace_2024,arrival,twin,c507bce2-9e55-4f45-a388-5be005beacfd
22222222-2222-2222-2222-222222222222,2026-08-21T02:05:39.028103Z,dbade82d-51ef-40bf-b21b-8103ad487d91,tesla_model_y_robotaxi_2024,departure,twin,c507bce2-9e55-4f45-a388-5be005beacfd
22222222-2222-2222-2222-222222222222,2026-08-21T02:25:37.378401Z,03812c6f-407b-4782-858f-c15cdbaf8de7,waymo_jaguar_ipace_2024,arrival,twin,f3a1d43b-789b-4c6c-8f11-3e3a6b3ab38f
22222222-2222-2222-2222-222222222222,2026-08-21T02:25:37.378401Z,64710503-d52c-42ae-bddf-53aec572c4d9,waymo_jaguar_ipace_2024,arrival,twin,f3a1d43b-789b-4c6c-8f11-3e3a6b3ab38f
22222222-2222-2222-2222-222222222222,2026-08-21T02:25:37.378401Z,661b3e46-d875-466f-bedd-605fd87ac4d7,waymo_jaguar_ipace_2024,arrival,twin,f3a1d43b-789b-4c6c-8f11-3e3a6b3ab38f
22222222-2222-2222-2222-222222222222,2026-08-21T02:25:37.378401Z,970832d1-8185-4eb5-8d10-c1cbe44c9283,waymo_jaguar_ipace_2024,arrival,twin,f3a1d43b-789b-4c6c-8f11-3e3a6b3ab38f
22222222-2222-2222-2222-222222222222,2026-08-21T02:25:37.378401Z,bfc95659-513d-4d55-b665-525b9e9e14e5,waymo_jaguar_ipace_2024,arrival,twin,f3a1d43b-789b-4c6c-8f11-3e3a6b3ab38f
22222222-2222-2222-2222-222222222222,2026-08-21T02:25:37.378401Z,2be09ec0-e78a-4cd8-9f80-fceeb1c33e71,tesla_model_y_robotaxi_2024,departure,twin,f3a1d43b-789b-4c6c-8f11-3e3a6b3ab38f
22222222-2222-2222-2222-222222222222,2026-08-21T02:25:37.378401Z,36ff94e5-663b-408d-bebc-3d56508d4996,tesla_model_y_robotaxi_2024,departure,twin,f3a1d43b-789b-4c6c-8f11-3e3a6b3ab38f
22222222-2222-2222-2222-222222222222,2026-08-21T02:25:37.378401Z,5dfd9db9-4262-4a7f-8f7e-055ce7a5e426,tesla_model_y_robotaxi_2024,departure,twin,f3a1d43b-789b-4c6c-8f11-3e3a6b3ab38f
22222222-2222-2222-2222-222222222222,2026-08-21T02:32:31.741782Z,838200a0-b464-4eb0-9cab-faaee1f80b5a,zoox_robotaxi_2024,arrival,twin,c5dbc377-0195-4420-96d0-6125017cf19e
22222222-2222-2222-2222-222222222222,2026-08-21T02:32:37.471399Z,00d5597b-d714-470c-b86c-95e8f4f600ce,waymo_jaguar_ipace_2024,arrival,twin,da724f40-1aaa-4c4b-a168-2d45b2eb796d
22222222-2222-2222-2222-222222222222,2026-08-21T02:32:37.471399Z,01b10692-0e0e-42c5-9889-f461f60471cf,zoox_robotaxi_2024,arrival,twin,da724f40-1aaa-4c4b-a168-2d45b2eb796d
22222222-2222-2222-2222-222222222222,2026-08-21T02:32:37.471399Z,02f1a60b-27e8-46a3-831b-d9232cc510a0,tesla_model_y_robotaxi_2024,arrival,twin,da724f40-1aaa-4c4b-a168-2d45b2eb796d
22222222-2222-2222-2222-222222222222,2026-08-21T02:32:37.471399Z,03812c6f-407b-4782-858f-c15cdbaf8de7,waymo_jaguar_ipace_2024,arrival,twin,da724f40-1aaa-4c4b-a168-2d45b2eb796d
22222222-2222-2222-2222-222222222222,2026-08-21T02:32:37.471399Z,053b8abd-e2b6-4b19-9bfc-314430947773,waymo_jaguar_ipace_2024,arrival,twin,da724f40-1aaa-4c4b-a168-2d45b2eb796d
22222222-2222-2222-2222-222222222222,2026-08-21T02:32:37.471399Z,0b8d2e11-fac3-40f3-883e-1d37cb7e6da5,waymo_jaguar_ipace_2024,arrival,twin,da724f40-1aaa-4c4b-a168-2d45b2eb796d
22222222-2222-2222-2222-222222222222,2026-08-21T02:32:37.471399Z,0bfd4d59-44f9-4a57-8c06-51bc00a2a6b9,tesla_model_y_robotaxi_2024,arrival,twin,da724f40-1aaa-4c4b-a168-2d45b2eb796d
22222222-2222-2222-2222-222222222222,2026-08-21T02:32:37.471399Z,0d13e7d4-4707-44be-a233-8a3e849a23c5,waymo_jaguar_ipace_2024,arrival,twin,da724f40-1aaa-4c4b-a168-2d45b2eb796d
22222222-2222-2222-2222-222222222222,2026-08-21T02:32:37.471399Z,10b4f941-b257-4571-948d-cc7b72d0fb52,tesla_model_y_robotaxi_2024,arrival,twin,da724f40-1aaa-4c4b-a168-2d45b2eb796d
22222222-2222-2222-2222-222222222222,2026-08-21T02:32:37.471399Z,138f4a23-c5c8-4b89-96a0-c72ebb6aee0c,tesla_model_y_robotaxi_2024,arrival,twin,da724f40-1aaa-4c4b-a168-2d45b2eb796d
22222222-2222-2222-2222-222222222222,2026-08-21T02:32:37.471399Z,14b02ad9-b6f6-4a74-867c-2a6ba9daf8e0,waymo_jaguar_ipace_2024,arrival,twin,da724f40-1aaa-4c4b-a168-2d45b2eb796d
22222222-2222-2222-2222-222222222222,2026-08-21T02:32:37.471399Z,1520dd3c-3658-4cd5-ad83-8c73c35e97c9,tesla_model_y_robotaxi_2024,arrival,twin,da724f40-1aaa-4c4b-a168-2d45b2eb796d
22222222-2222-2222-2222-222222222222,2026-08-21T02:32:37.471399Z,1973c5a4-5670-46fa-bbe2-5f6a3a1d0c6a,zoox_robotaxi_2024,arrival,twin,da724f40-1aaa-4c4b-a168-2d45b2eb796d
22222222-2222-2222-2222-222222222222,2026-08-21T02:32:37.471399Z,19b9bcf6-0586-4238-b70e-9ce1d490efe9,zoox_robotaxi_2024,arrival,twin,da724f40-1aaa-4c4b-a168-2d45b2eb796d
22222222-2222-2222-2222-222222222222,2026-08-21T02:32:37.471399Z,19ec1471-8525-4d88-801f-4cfee46f5ded,zoox_robotaxi_2024,arrival,twin,da724f40-1aaa-4c4b-a168-2d45b2eb796d
22222222-2222-2222-2222-222222222222,2026-08-21T02:32:37.471399Z,1aacf90d-d4e1-415e-ba09-603c306dffef,zoox_robotaxi_2024,arrival,twin,da724f40-1aaa-4c4b-a168-2d45b2eb796d
22222222-2222-2222-2222-222222222222,2026-08-21T02:32:37.471399Z,1c9aff71-a240-4bfe-b55a-d0eaa2ec6116,tesla_model_y_robotaxi_2024,arrival,twin,da724f40-1aaa-4c4b-a168-2d45b2eb796d
22222222-2222-2222-2222-222222222222,2026-08-21T02:32:37.471399Z,1ea6a5d7-862d-44cc-a387-86cea6bc4fe4,tesla_model_y_robotaxi_2024,arrival,twin,da724f40-1aaa-4c4b-a168-2d45b2eb796d
22222222-2222-2222-2222-222222222222,2026-08-21T02:32:37.471399Z,25061aa9-5a61-481b-acee-0aa08dd7066f,tesla_model_y_robotaxi_2024,arrival,twin,da724f40-1aaa-4c4b-a168-2d45b2eb796d
22222222-2222-2222-2222-222222222222,2026-08-21T02:32:37.471399Z,2547bf99-05c5-4055-9daa-c9e2a99da11d,tesla_model_y_robotaxi_2024,arrival,twin,da724f40-1aaa-4c4b-a168-2d45b2eb796d
22222222-2222-2222-2222-222222222222,2026-08-21T02:32:37.471399Z,27be18c4-bd2e-44ac-9eb5-1d1edc2809b7,zoox_robotaxi_2024,arrival,twin,da724f40-1aaa-4c4b-a168-2d45b2eb796d
22222222-2222-2222-2222-222222222222,2026-08-21T02:32:37.471399Z,2879307e-1fde-41ca-9309-d0aa11357436,waymo_jaguar_ipace_2024,arrival,twin,da724f40-1aaa-4c4b-a168-2d45b2eb796d
22222222-2222-2222-2222-222222222222,2026-08-21T02:32:37.471399Z,2be09ec0-e78a-4cd8-9f80-fceeb1c33e71,tesla_model_y_robotaxi_2024,arrival,twin,da724f40-1aaa-4c4b-a168-2d45b2eb796d
22222222-2222-2222-2222-222222222222,2026-08-21T02:32:37.471399Z,32a91a14-aac6-4c58-924e-e61a6766978b,waymo_jaguar_ipace_2024,arrival,twin,da724f40-1aaa-4c4b-a168-2d45b2eb796d
22222222-2222-2222-2222-222222222222,2026-08-21T02:32:37.471399Z,32b62034-d7c6-4dbd-b9a4-78e708ec4c1c,waymo_jaguar_ipace_2024,arrival,twin,da724f40-1aaa-4c4b-a168-2d45b2eb796d
22222222-2222-2222-2222-222222222222,2026-08-21T02:32:37.471399Z,36ff94e5-663b-408d-bebc-3d56508d4996,tesla_model_y_robotaxi_2024,arrival,twin,da724f40-1aaa-4c4b-a168-2d45b2eb796d
22222222-2222-2222-2222-222222222222,2026-08-21T02:32:37.471399Z,3b6f1eb7-15f4-48e5-956c-9b261b9fcae1,waymo_jaguar_ipace_2024,arrival,twin,da724f40-1aaa-4c4b-a168-2d45b2eb796d
22222222-2222-2222-2222-222222222222,2026-08-21T02:32:37.471399Z,3e88b963-abb9-415c-9637-fa8002b0074d,waymo_jaguar_ipace_2024,arrival,twin,da724f40-1aaa-4c4b-a168-2d45b2eb796d
22222222-2222-2222-2222-222222222222,2026-08-21T02:32:37.471399Z,3fc2148f-fe15-42b9-8e9a-619351c746e4,waymo_jaguar_ipace_2024,arrival,twin,da724f40-1aaa-4c4b-a168-2d45b2eb796d
22222222-2222-2222-2222-222222222222,2026-08-21T02:32:37.471399Z,4374f6a6-aa2e-4298-8fa2-1b30da90280e,zoox_robotaxi_2024,arrival,twin,da724f40-1aaa-4c4b-a168-2d45b2eb796d
22222222-2222-2222-2222-222222222222,2026-08-21T02:32:37.471399Z,464c07e3-3699-4238-90d6-ea1325d0b36c,tesla_model_y_robotaxi_2024,arrival,twin,da724f40-1aaa-4c4b-a168-2d45b2eb796d
22222222-2222-2222-2222-222222222222,2026-08-21T02:32:37.471399Z,4732bf55-398f-4430-bc4c-0d14d4b89e2e,waymo_jaguar_ipace_2024,arrival,twin,da724f40-1aaa-4c4b-a168-2d45b2eb796d
22222222-2222-2222-2222-222222222222,2026-08-21T02:32:37.471399Z,02734f04-7f30-40eb-beb2-36e5d401c697,zoox_robotaxi_2024,departure,twin,da724f40-1aaa-4c4b-a168-2d45b2eb796d
22222222-2222-2222-2222-222222222222,2026-08-21T02:32:37.471399Z,e7c0498e-4f61-474f-8934-8864c090cefd,waymo_jaguar_ipace_2024,departure,twin,da724f40-1aaa-4c4b-a168-2d45b2eb796d
22222222-2222-2222-2222-222222222222,2026-08-21T02:32:37.471399Z,8d4890b5-dd19-4bf9-b7be-3ef918ff1653,waymo_jaguar_ipace_2024,departure,twin,da724f40-1aaa-4c4b-a168-2d45b2eb796d
22222222-2222-2222-2222-222222222222,2026-08-21T02:32:37.471399Z,4992b1fa-fc81-445e-a203-657094d89f18,waymo_jaguar_ipace_2024,departure,twin,da724f40-1aaa-4c4b-a168-2d45b2eb796d
22222222-2222-2222-2222-222222222222,2026-08-21T02:32:37.471399Z,618e0836-b6e1-459d-9955-38857bf1cbff,waymo_jaguar_ipace_2024,departure,twin,da724f40-1aaa-4c4b-a168-2d45b2eb796d
22222222-2222-2222-2222-222222222222,2026-08-21T02:32:37.471399Z,cef7d122-6498-4555-8eba-8a6d51644d74,tesla_model_y_robotaxi_2024,departure,twin,da724f40-1aaa-4c4b-a168-2d45b2eb796d
22222222-2222-2222-2222-222222222222,2026-08-21T02:33:45.566184Z,01b10692-0e0e-42c5-9889-f461f60471cf,zoox_robotaxi_2024,arrival,twin,2010f408-d7c1-4bed-90ed-198fa3e90e87
22222222-2222-2222-2222-222222222222,2026-08-21T02:33:45.566184Z,02734f04-7f30-40eb-beb2-36e5d401c697,zoox_robotaxi_2024,arrival,twin,2010f408-d7c1-4bed-90ed-198fa3e90e87
22222222-2222-2222-2222-222222222222,2026-08-21T02:33:45.566184Z,02f1a60b-27e8-46a3-831b-d9232cc510a0,tesla_model_y_robotaxi_2024,arrival,twin,2010f408-d7c1-4bed-90ed-198fa3e90e87
22222222-2222-2222-2222-222222222222,2026-08-21T02:33:45.566184Z,053b8abd-e2b6-4b19-9bfc-314430947773,waymo_jaguar_ipace_2024,arrival,twin,2010f408-d7c1-4bed-90ed-198fa3e90e87
22222222-2222-2222-2222-222222222222,2026-08-21T02:33:45.566184Z,1973c5a4-5670-46fa-bbe2-5f6a3a1d0c6a,zoox_robotaxi_2024,arrival,twin,2010f408-d7c1-4bed-90ed-198fa3e90e87
22222222-2222-2222-2222-222222222222,2026-08-21T02:33:45.566184Z,19b9bcf6-0586-4238-b70e-9ce1d490efe9,zoox_robotaxi_2024,arrival,twin,2010f408-d7c1-4bed-90ed-198fa3e90e87
22222222-2222-2222-2222-222222222222,2026-08-21T02:33:45.566184Z,19ec1471-8525-4d88-801f-4cfee46f5ded,zoox_robotaxi_2024,arrival,twin,2010f408-d7c1-4bed-90ed-198fa3e90e87
22222222-2222-2222-2222-222222222222,2026-08-21T02:33:45.566184Z,1aacf90d-d4e1-415e-ba09-603c306dffef,zoox_robotaxi_2024,arrival,twin,2010f408-d7c1-4bed-90ed-198fa3e90e87
22222222-2222-2222-2222-222222222222,2026-08-21T02:33:45.566184Z,2547bf99-05c5-4055-9daa-c9e2a99da11d,tesla_model_y_robotaxi_2024,arrival,twin,2010f408-d7c1-4bed-90ed-198fa3e90e87
22222222-2222-2222-2222-222222222222,2026-08-21T02:33:45.566184Z,27be18c4-bd2e-44ac-9eb5-1d1edc2809b7,zoox_robotaxi_2024,arrival,twin,2010f408-d7c1-4bed-90ed-198fa3e90e87
22222222-2222-2222-2222-222222222222,2026-08-21T02:33:45.566184Z,3b6f1eb7-15f4-48e5-956c-9b261b9fcae1,waymo_jaguar_ipace_2024,arrival,twin,2010f408-d7c1-4bed-90ed-198fa3e90e87
22222222-2222-2222-2222-222222222222,2026-08-21T02:33:45.566184Z,3fc2148f-fe15-42b9-8e9a-619351c746e4,waymo_jaguar_ipace_2024,arrival,twin,2010f408-d7c1-4bed-90ed-198fa3e90e87
22222222-2222-2222-2222-222222222222,2026-08-21T02:33:45.566184Z,4374f6a6-aa2e-4298-8fa2-1b30da90280e,zoox_robotaxi_2024,arrival,twin,2010f408-d7c1-4bed-90ed-198fa3e90e87
22222222-2222-2222-2222-222222222222,2026-08-21T02:33:45.566184Z,45c66200-75cd-4f06-a41f-6534e1c311aa,zoox_robotaxi_2024,arrival,twin,2010f408-d7c1-4bed-90ed-198fa3e90e87
22222222-2222-2222-2222-222222222222,2026-08-21T02:33:45.566184Z,5b8524d6-260b-448c-a9ae-9e18e9cada45,waymo_jaguar_ipace_2024,arrival,twin,2010f408-d7c1-4bed-90ed-198fa3e90e87
22222222-2222-2222-2222-222222222222,2026-08-21T02:33:45.566184Z,64710503-d52c-42ae-bddf-53aec572c4d9,waymo_jaguar_ipace_2024,arrival,twin,2010f408-d7c1-4bed-90ed-198fa3e90e87
22222222-2222-2222-2222-222222222222,2026-08-21T02:33:45.566184Z,661b3e46-d875-466f-bedd-605fd87ac4d7,waymo_jaguar_ipace_2024,arrival,twin,2010f408-d7c1-4bed-90ed-198fa3e90e87
22222222-2222-2222-2222-222222222222,2026-08-21T02:33:45.566184Z,9ec6cbc8-535e-4984-8fe2-1ac46abb9e00,waymo_jaguar_ipace_2024,arrival,twin,2010f408-d7c1-4bed-90ed-198fa3e90e87
22222222-2222-2222-2222-222222222222,2026-08-21T02:33:45.566184Z,bfc95659-513d-4d55-b665-525b9e9e14e5,waymo_jaguar_ipace_2024,arrival,twin,2010f408-d7c1-4bed-90ed-198fa3e90e87
22222222-2222-2222-2222-222222222222,2026-08-21T02:34:15.878702Z,00d5597b-d714-470c-b86c-95e8f4f600ce,waymo_jaguar_ipace_2024,arrival,twin,97b5b360-ecdf-4072-b869-82834cbada14
22222222-2222-2222-2222-222222222222,2026-08-21T02:34:15.878702Z,01b10692-0e0e-42c5-9889-f461f60471cf,zoox_robotaxi_2024,arrival,twin,97b5b360-ecdf-4072-b869-82834cbada14
22222222-2222-2222-2222-222222222222,2026-08-21T02:34:15.878702Z,02f1a60b-27e8-46a3-831b-d9232cc510a0,tesla_model_y_robotaxi_2024,arrival,twin,97b5b360-ecdf-4072-b869-82834cbada14
22222222-2222-2222-2222-222222222222,2026-08-21T02:34:15.878702Z,03812c6f-407b-4782-858f-c15cdbaf8de7,waymo_jaguar_ipace_2024,arrival,twin,97b5b360-ecdf-4072-b869-82834cbada14
22222222-2222-2222-2222-222222222222,2026-08-21T02:34:15.878702Z,053b8abd-e2b6-4b19-9bfc-314430947773,waymo_jaguar_ipace_2024,arrival,twin,97b5b360-ecdf-4072-b869-82834cbada14
22222222-2222-2222-2222-222222222222,2026-08-21T02:34:15.878702Z,0b8d2e11-fac3-40f3-883e-1d37cb7e6da5,waymo_jaguar_ipace_2024,arrival,twin,97b5b360-ecdf-4072-b869-82834cbada14
22222222-2222-2222-2222-222222222222,2026-08-21T02:34:15.878702Z,0bfd4d59-44f9-4a57-8c06-51bc00a2a6b9,tesla_model_y_robotaxi_2024,arrival,twin,97b5b360-ecdf-4072-b869-82834cbada14
22222222-2222-2222-2222-222222222222,2026-08-21T02:34:15.878702Z,0d13e7d4-4707-44be-a233-8a3e849a23c5,waymo_jaguar_ipace_2024,arrival,twin,97b5b360-ecdf-4072-b869-82834cbada14
22222222-2222-2222-2222-222222222222,2026-08-21T02:34:15.878702Z,10b4f941-b257-4571-948d-cc7b72d0fb52,tesla_model_y_robotaxi_2024,arrival,twin,97b5b360-ecdf-4072-b869-82834cbada14
22222222-2222-2222-2222-222222222222,2026-08-21T02:34:15.878702Z,138f4a23-c5c8-4b89-96a0-c72ebb6aee0c,tesla_model_y_robotaxi_2024,arrival,twin,97b5b360-ecdf-4072-b869-82834cbada14
22222222-2222-2222-2222-222222222222,2026-08-21T02:34:15.878702Z,14b02ad9-b6f6-4a74-867c-2a6ba9daf8e0,waymo_jaguar_ipace_2024,arrival,twin,97b5b360-ecdf-4072-b869-82834cbada14
22222222-2222-2222-2222-222222222222,2026-08-21T02:34:15.878702Z,1520dd3c-3658-4cd5-ad83-8c73c35e97c9,tesla_model_y_robotaxi_2024,arrival,twin,97b5b360-ecdf-4072-b869-82834cbada14
22222222-2222-2222-2222-222222222222,2026-08-21T02:34:15.878702Z,1973c5a4-5670-46fa-bbe2-5f6a3a1d0c6a,zoox_robotaxi_2024,arrival,twin,97b5b360-ecdf-4072-b869-82834cbada14
22222222-2222-2222-2222-222222222222,2026-08-21T02:34:15.878702Z,19b9bcf6-0586-4238-b70e-9ce1d490efe9,zoox_robotaxi_2024,arrival,twin,97b5b360-ecdf-4072-b869-82834cbada14
22222222-2222-2222-2222-222222222222,2026-08-21T02:34:15.878702Z,19ec1471-8525-4d88-801f-4cfee46f5ded,zoox_robotaxi_2024,arrival,twin,97b5b360-ecdf-4072-b869-82834cbada14
22222222-2222-2222-2222-222222222222,2026-08-21T02:34:15.878702Z,1aacf90d-d4e1-415e-ba09-603c306dffef,zoox_robotaxi_2024,arrival,twin,97b5b360-ecdf-4072-b869-82834cbada14
22222222-2222-2222-2222-222222222222,2026-08-21T02:34:15.878702Z,1c9aff71-a240-4bfe-b55a-d0eaa2ec6116,tesla_model_y_robotaxi_2024,arrival,twin,97b5b360-ecdf-4072-b869-82834cbada14
22222222-2222-2222-2222-222222222222,2026-08-21T02:34:15.878702Z,1ea6a5d7-862d-44cc-a387-86cea6bc4fe4,tesla_model_y_robotaxi_2024,arrival,twin,97b5b360-ecdf-4072-b869-82834cbada14
22222222-2222-2222-2222-222222222222,2026-08-21T02:34:15.878702Z,25061aa9-5a61-481b-acee-0aa08dd7066f,tesla_model_y_robotaxi_2024,arrival,twin,97b5b360-ecdf-4072-b869-82834cbada14
22222222-2222-2222-2222-222222222222,2026-08-21T02:34:15.878702Z,2547bf99-05c5-4055-9daa-c9e2a99da11d,tesla_model_y_robotaxi_2024,arrival,twin,97b5b360-ecdf-4072-b869-82834cbada14
22222222-2222-2222-2222-222222222222,2026-08-21T02:34:15.878702Z,27be18c4-bd2e-44ac-9eb5-1d1edc2809b7,zoox_robotaxi_2024,arrival,twin,97b5b360-ecdf-4072-b869-82834cbada14
22222222-2222-2222-2222-222222222222,2026-08-21T02:34:15.878702Z,2879307e-1fde-41ca-9309-d0aa11357436,waymo_jaguar_ipace_2024,arrival,twin,97b5b360-ecdf-4072-b869-82834cbada14
22222222-2222-2222-2222-222222222222,2026-08-21T02:34:15.878702Z,2be09ec0-e78a-4cd8-9f80-fceeb1c33e71,tesla_model_y_robotaxi_2024,arrival,twin,97b5b360-ecdf-4072-b869-82834cbada14
22222222-2222-2222-2222-222222222222,2026-08-21T02:34:15.878702Z,32a91a14-aac6-4c58-924e-e61a6766978b,waymo_jaguar_ipace_2024,arrival,twin,97b5b360-ecdf-4072-b869-82834cbada14
22222222-2222-2222-2222-222222222222,2026-08-21T02:34:15.878702Z,32b62034-d7c6-4dbd-b9a4-78e708ec4c1c,waymo_jaguar_ipace_2024,arrival,twin,97b5b360-ecdf-4072-b869-82834cbada14
22222222-2222-2222-2222-222222222222,2026-08-21T02:34:15.878702Z,36ff94e5-663b-408d-bebc-3d56508d4996,tesla_model_y_robotaxi_2024,arrival,twin,97b5b360-ecdf-4072-b869-82834cbada14
22222222-2222-2222-2222-222222222222,2026-08-21T02:34:15.878702Z,3b6f1eb7-15f4-48e5-956c-9b261b9fcae1,waymo_jaguar_ipace_2024,arrival,twin,97b5b360-ecdf-4072-b869-82834cbada14
22222222-2222-2222-2222-222222222222,2026-08-21T02:34:15.878702Z,3e88b963-abb9-415c-9637-fa8002b0074d,waymo_jaguar_ipace_2024,arrival,twin,97b5b360-ecdf-4072-b869-82834cbada14
22222222-2222-2222-2222-222222222222,2026-08-21T02:34:15.878702Z,3fc2148f-fe15-42b9-8e9a-619351c746e4,waymo_jaguar_ipace_2024,arrival,twin,97b5b360-ecdf-4072-b869-82834cbada14
22222222-2222-2222-2222-222222222222,2026-08-21T02:34:15.878702Z,4374f6a6-aa2e-4298-8fa2-1b30da90280e,zoox_robotaxi_2024,arrival,twin,97b5b360-ecdf-4072-b869-82834cbada14
22222222-2222-2222-2222-222222222222,2026-08-21T02:34:15.878702Z,464c07e3-3699-4238-90d6-ea1325d0b36c,tesla_model_y_robotaxi_2024,arrival,twin,97b5b360-ecdf-4072-b869-82834cbada14
22222222-2222-2222-2222-222222222222,2026-08-21T02:34:15.878702Z,4732bf55-398f-4430-bc4c-0d14d4b89e2e,waymo_jaguar_ipace_2024,arrival,twin,97b5b360-ecdf-4072-b869-82834cbada14
22222222-2222-2222-2222-222222222222,2026-08-21T02:34:15.878702Z,cef7d122-6498-4555-8eba-8a6d51644d74,tesla_model_y_robotaxi_2024,departure,twin,97b5b360-ecdf-4072-b869-82834cbada14
22222222-2222-2222-2222-222222222222,2026-08-21T02:34:15.878702Z,618e0836-b6e1-459d-9955-38857bf1cbff,waymo_jaguar_ipace_2024,departure,twin,97b5b360-ecdf-4072-b869-82834cbada14
22222222-2222-2222-2222-222222222222,2026-08-21T02:34:15.878702Z,02734f04-7f30-40eb-beb2-36e5d401c697,zoox_robotaxi_2024,departure,twin,97b5b360-ecdf-4072-b869-82834cbada14
22222222-2222-2222-2222-222222222222,2026-08-21T02:34:15.878702Z,4992b1fa-fc81-445e-a203-657094d89f18,waymo_jaguar_ipace_2024,departure,twin,97b5b360-ecdf-4072-b869-82834cbada14
22222222-2222-2222-2222-222222222222,2026-08-21T02:34:15.878702Z,e7c0498e-4f61-474f-8934-8864c090cefd,waymo_jaguar_ipace_2024,departure,twin,97b5b360-ecdf-4072-b869-82834cbada14
22222222-2222-2222-2222-222222222222,2026-08-21T02:34:15.878702Z,8d4890b5-dd19-4bf9-b7be-3ef918ff1653,waymo_jaguar_ipace_2024,departure,twin,97b5b360-ecdf-4072-b869-82834cbada14
22222222-2222-2222-2222-222222222222,2026-08-21T02:35:32.269186Z,838200a0-b464-4eb0-9cab-faaee1f80b5a,zoox_robotaxi_2024,arrival,twin,943936c5-37cf-4dcc-b600-47366d1f3138
22222222-2222-2222-2222-222222222222,2026-08-21T02:35:39.028103Z,19ec1471-8525-4d88-801f-4cfee46f5ded,zoox_robotaxi_2024,arrival,twin,c507bce2-9e55-4f45-a388-5be005beacfd
22222222-2222-2222-2222-222222222222,2026-08-21T02:35:39.028103Z,bfc95659-513d-4d55-b665-525b9e9e14e5,waymo_jaguar_ipace_2024,arrival,twin,c507bce2-9e55-4f45-a388-5be005beacfd
22222222-2222-2222-2222-222222222222,2026-08-21T02:35:39.028103Z,1520dd3c-3658-4cd5-ad83-8c73c35e97c9,tesla_model_y_robotaxi_2024,arrival,twin,c507bce2-9e55-4f45-a388-5be005beacfd
22222222-2222-2222-2222-222222222222,2026-08-21T02:35:39.028103Z,01b10692-0e0e-42c5-9889-f461f60471cf,zoox_robotaxi_2024,arrival,twin,c507bce2-9e55-4f45-a388-5be005beacfd
22222222-2222-2222-2222-222222222222,2026-08-21T02:35:39.028103Z,02734f04-7f30-40eb-beb2-36e5d401c697,zoox_robotaxi_2024,arrival,twin,c507bce2-9e55-4f45-a388-5be005beacfd
22222222-2222-2222-2222-222222222222,2026-08-21T02:35:39.028103Z,02f1a60b-27e8-46a3-831b-d9232cc510a0,tesla_model_y_robotaxi_2024,arrival,twin,c507bce2-9e55-4f45-a388-5be005beacfd
22222222-2222-2222-2222-222222222222,2026-08-21T02:35:39.028103Z,053b8abd-e2b6-4b19-9bfc-314430947773,waymo_jaguar_ipace_2024,arrival,twin,c507bce2-9e55-4f45-a388-5be005beacfd
22222222-2222-2222-2222-222222222222,2026-08-21T02:35:39.028103Z,1973c5a4-5670-46fa-bbe2-5f6a3a1d0c6a,zoox_robotaxi_2024,arrival,twin,c507bce2-9e55-4f45-a388-5be005beacfd
22222222-2222-2222-2222-222222222222,2026-08-21T02:35:39.028103Z,19b9bcf6-0586-4238-b70e-9ce1d490efe9,zoox_robotaxi_2024,arrival,twin,c507bce2-9e55-4f45-a388-5be005beacfd
22222222-2222-2222-2222-222222222222,2026-08-21T02:35:39.028103Z,1aacf90d-d4e1-415e-ba09-603c306dffef,zoox_robotaxi_2024,arrival,twin,c507bce2-9e55-4f45-a388-5be005beacfd
22222222-2222-2222-2222-222222222222,2026-08-21T02:35:39.028103Z,2547bf99-05c5-4055-9daa-c9e2a99da11d,tesla_model_y_robotaxi_2024,arrival,twin,c507bce2-9e55-4f45-a388-5be005beacfd
22222222-2222-2222-2222-222222222222,2026-08-21T02:35:39.028103Z,27be18c4-bd2e-44ac-9eb5-1d1edc2809b7,zoox_robotaxi_2024,arrival,twin,c507bce2-9e55-4f45-a388-5be005beacfd
22222222-2222-2222-2222-222222222222,2026-08-21T02:35:39.028103Z,3b6f1eb7-15f4-48e5-956c-9b261b9fcae1,waymo_jaguar_ipace_2024,arrival,twin,c507bce2-9e55-4f45-a388-5be005beacfd
22222222-2222-2222-2222-222222222222,2026-08-21T02:35:39.028103Z,3fc2148f-fe15-42b9-8e9a-619351c746e4,waymo_jaguar_ipace_2024,arrival,twin,c507bce2-9e55-4f45-a388-5be005beacfd
22222222-2222-2222-2222-222222222222,2026-08-21T02:35:39.028103Z,4374f6a6-aa2e-4298-8fa2-1b30da90280e,zoox_robotaxi_2024,arrival,twin,c507bce2-9e55-4f45-a388-5be005beacfd
22222222-2222-2222-2222-222222222222,2026-08-21T02:35:39.028103Z,45c66200-75cd-4f06-a41f-6534e1c311aa,zoox_robotaxi_2024,arrival,twin,c507bce2-9e55-4f45-a388-5be005beacfd
22222222-2222-2222-2222-222222222222,2026-08-21T02:35:39.028103Z,5b8524d6-260b-448c-a9ae-9e18e9cada45,waymo_jaguar_ipace_2024,arrival,twin,c507bce2-9e55-4f45-a388-5be005beacfd
22222222-2222-2222-2222-222222222222,2026-08-21T02:35:39.028103Z,64710503-d52c-42ae-bddf-53aec572c4d9,waymo_jaguar_ipace_2024,arrival,twin,c507bce2-9e55-4f45-a388-5be005beacfd
22222222-2222-2222-2222-222222222222,2026-08-21T02:35:39.028103Z,661b3e46-d875-466f-bedd-605fd87ac4d7,waymo_jaguar_ipace_2024,arrival,twin,c507bce2-9e55-4f45-a388-5be005beacfd
22222222-2222-2222-2222-222222222222,2026-08-21T02:35:39.028103Z,9ec6cbc8-535e-4984-8fe2-1ac46abb9e00,waymo_jaguar_ipace_2024,arrival,twin,c507bce2-9e55-4f45-a388-5be005beacfd
22222222-2222-2222-2222-222222222222,2026-08-21T02:40:26.979248Z,00d5597b-d714-470c-b86c-95e8f4f600ce,waymo_jaguar_ipace_2024,arrival,twin,ead7911f-71e9-4da1-b601-c181e0ffeb1e
22222222-2222-2222-2222-222222222222,2026-08-21T02:40:26.979248Z,01b10692-0e0e-42c5-9889-f461f60471cf,zoox_robotaxi_2024,arrival,twin,ead7911f-71e9-4da1-b601-c181e0ffeb1e
22222222-2222-2222-2222-222222222222,2026-08-21T02:40:26.979248Z,02734f04-7f30-40eb-beb2-36e5d401c697,zoox_robotaxi_2024,arrival,twin,ead7911f-71e9-4da1-b601-c181e0ffeb1e
22222222-2222-2222-2222-222222222222,2026-08-21T02:40:26.979248Z,02f1a60b-27e8-46a3-831b-d9232cc510a0,tesla_model_y_robotaxi_2024,arrival,twin,ead7911f-71e9-4da1-b601-c181e0ffeb1e
22222222-2222-2222-2222-222222222222,2026-08-21T02:40:26.979248Z,03812c6f-407b-4782-858f-c15cdbaf8de7,waymo_jaguar_ipace_2024,arrival,twin,ead7911f-71e9-4da1-b601-c181e0ffeb1e
22222222-2222-2222-2222-222222222222,2026-08-21T02:40:26.979248Z,053b8abd-e2b6-4b19-9bfc-314430947773,waymo_jaguar_ipace_2024,arrival,twin,ead7911f-71e9-4da1-b601-c181e0ffeb1e
22222222-2222-2222-2222-222222222222,2026-08-21T02:40:26.979248Z,0b8d2e11-fac3-40f3-883e-1d37cb7e6da5,waymo_jaguar_ipace_2024,arrival,twin,ead7911f-71e9-4da1-b601-c181e0ffeb1e
22222222-2222-2222-2222-222222222222,2026-08-21T02:40:26.979248Z,0bfd4d59-44f9-4a57-8c06-51bc00a2a6b9,tesla_model_y_robotaxi_2024,arrival,twin,ead7911f-71e9-4da1-b601-c181e0ffeb1e
22222222-2222-2222-2222-222222222222,2026-08-21T02:40:26.979248Z,0d13e7d4-4707-44be-a233-8a3e849a23c5,waymo_jaguar_ipace_2024,arrival,twin,ead7911f-71e9-4da1-b601-c181e0ffeb1e
22222222-2222-2222-2222-222222222222,2026-08-21T02:40:26.979248Z,10b4f941-b257-4571-948d-cc7b72d0fb52,tesla_model_y_robotaxi_2024,arrival,twin,ead7911f-71e9-4da1-b601-c181e0ffeb1e
22222222-2222-2222-2222-222222222222,2026-08-21T02:40:26.979248Z,138f4a23-c5c8-4b89-96a0-c72ebb6aee0c,tesla_model_y_robotaxi_2024,arrival,twin,ead7911f-71e9-4da1-b601-c181e0ffeb1e
22222222-2222-2222-2222-222222222222,2026-08-21T02:40:26.979248Z,14b02ad9-b6f6-4a74-867c-2a6ba9daf8e0,waymo_jaguar_ipace_2024,arrival,twin,ead7911f-71e9-4da1-b601-c181e0ffeb1e
22222222-2222-2222-2222-222222222222,2026-08-21T02:40:26.979248Z,1520dd3c-3658-4cd5-ad83-8c73c35e97c9,tesla_model_y_robotaxi_2024,arrival,twin,ead7911f-71e9-4da1-b601-c181e0ffeb1e
22222222-2222-2222-2222-222222222222,2026-08-21T02:40:26.979248Z,1973c5a4-5670-46fa-bbe2-5f6a3a1d0c6a,zoox_robotaxi_2024,arrival,twin,ead7911f-71e9-4da1-b601-c181e0ffeb1e
22222222-2222-2222-2222-222222222222,2026-08-21T02:40:26.979248Z,19b9bcf6-0586-4238-b70e-9ce1d490efe9,zoox_robotaxi_2024,arrival,twin,ead7911f-71e9-4da1-b601-c181e0ffeb1e
22222222-2222-2222-2222-222222222222,2026-08-21T02:40:26.979248Z,19ec1471-8525-4d88-801f-4cfee46f5ded,zoox_robotaxi_2024,arrival,twin,ead7911f-71e9-4da1-b601-c181e0ffeb1e
22222222-2222-2222-2222-222222222222,2026-08-21T02:40:26.979248Z,1aacf90d-d4e1-415e-ba09-603c306dffef,zoox_robotaxi_2024,arrival,twin,ead7911f-71e9-4da1-b601-c181e0ffeb1e
22222222-2222-2222-2222-222222222222,2026-08-21T02:40:26.979248Z,1c9aff71-a240-4bfe-b55a-d0eaa2ec6116,tesla_model_y_robotaxi_2024,arrival,twin,ead7911f-71e9-4da1-b601-c181e0ffeb1e
22222222-2222-2222-2222-222222222222,2026-08-21T02:40:26.979248Z,25061aa9-5a61-481b-acee-0aa08dd7066f,tesla_model_y_robotaxi_2024,arrival,twin,ead7911f-71e9-4da1-b601-c181e0ffeb1e
22222222-2222-2222-2222-222222222222,2026-08-21T02:40:26.979248Z,2547bf99-05c5-4055-9daa-c9e2a99da11d,tesla_model_y_robotaxi_2024,arrival,twin,ead7911f-71e9-4da1-b601-c181e0ffeb1e
22222222-2222-2222-2222-222222222222,2026-08-21T02:40:26.979248Z,27be18c4-bd2e-44ac-9eb5-1d1edc2809b7,zoox_robotaxi_2024,arrival,twin,ead7911f-71e9-4da1-b601-c181e0ffeb1e
22222222-2222-2222-2222-222222222222,2026-08-21T02:40:26.979248Z,32a91a14-aac6-4c58-924e-e61a6766978b,waymo_jaguar_ipace_2024,arrival,twin,ead7911f-71e9-4da1-b601-c181e0ffeb1e
22222222-2222-2222-2222-222222222222,2026-08-21T02:40:26.979248Z,32b62034-d7c6-4dbd-b9a4-78e708ec4c1c,waymo_jaguar_ipace_2024,arrival,twin,ead7911f-71e9-4da1-b601-c181e0ffeb1e
22222222-2222-2222-2222-222222222222,2026-08-21T02:40:26.979248Z,36ff94e5-663b-408d-bebc-3d56508d4996,tesla_model_y_robotaxi_2024,arrival,twin,ead7911f-71e9-4da1-b601-c181e0ffeb1e
22222222-2222-2222-2222-222222222222,2026-08-21T02:40:26.979248Z,3b6f1eb7-15f4-48e5-956c-9b261b9fcae1,waymo_jaguar_ipace_2024,arrival,twin,ead7911f-71e9-4da1-b601-c181e0ffeb1e
22222222-2222-2222-2222-222222222222,2026-08-21T02:40:26.979248Z,3e88b963-abb9-415c-9637-fa8002b0074d,waymo_jaguar_ipace_2024,arrival,twin,ead7911f-71e9-4da1-b601-c181e0ffeb1e
22222222-2222-2222-2222-222222222222,2026-08-21T02:40:26.979248Z,3fc2148f-fe15-42b9-8e9a-619351c746e4,waymo_jaguar_ipace_2024,arrival,twin,ead7911f-71e9-4da1-b601-c181e0ffeb1e
22222222-2222-2222-2222-222222222222,2026-08-21T02:40:26.979248Z,4374f6a6-aa2e-4298-8fa2-1b30da90280e,zoox_robotaxi_2024,arrival,twin,ead7911f-71e9-4da1-b601-c181e0ffeb1e
22222222-2222-2222-2222-222222222222,2026-08-21T02:40:26.979248Z,45c66200-75cd-4f06-a41f-6534e1c311aa,zoox_robotaxi_2024,arrival,twin,ead7911f-71e9-4da1-b601-c181e0ffeb1e
22222222-2222-2222-2222-222222222222,2026-08-21T02:40:26.979248Z,464c07e3-3699-4238-90d6-ea1325d0b36c,tesla_model_y_robotaxi_2024,arrival,twin,ead7911f-71e9-4da1-b601-c181e0ffeb1e
22222222-2222-2222-2222-222222222222,2026-08-21T02:40:26.979248Z,4732bf55-398f-4430-bc4c-0d14d4b89e2e,waymo_jaguar_ipace_2024,arrival,twin,ead7911f-71e9-4da1-b601-c181e0ffeb1e
22222222-2222-2222-2222-222222222222,2026-08-21T02:42:23.463724Z,00d5597b-d714-470c-b86c-95e8f4f600ce,waymo_jaguar_ipace_2024,arrival,twin,35a907e7-8536-40c4-bf7f-eafa4d5077a7
22222222-2222-2222-2222-222222222222,2026-08-21T02:42:23.463724Z,01b10692-0e0e-42c5-9889-f461f60471cf,zoox_robotaxi_2024,arrival,twin,35a907e7-8536-40c4-bf7f-eafa4d5077a7
22222222-2222-2222-2222-222222222222,2026-08-21T02:42:23.463724Z,02734f04-7f30-40eb-beb2-36e5d401c697,zoox_robotaxi_2024,arrival,twin,35a907e7-8536-40c4-bf7f-eafa4d5077a7
22222222-2222-2222-2222-222222222222,2026-08-21T02:42:23.463724Z,02f1a60b-27e8-46a3-831b-d9232cc510a0,tesla_model_y_robotaxi_2024,arrival,twin,35a907e7-8536-40c4-bf7f-eafa4d5077a7
22222222-2222-2222-2222-222222222222,2026-08-21T02:42:23.463724Z,03812c6f-407b-4782-858f-c15cdbaf8de7,waymo_jaguar_ipace_2024,arrival,twin,35a907e7-8536-40c4-bf7f-eafa4d5077a7
22222222-2222-2222-2222-222222222222,2026-08-21T02:42:23.463724Z,053b8abd-e2b6-4b19-9bfc-314430947773,waymo_jaguar_ipace_2024,arrival,twin,35a907e7-8536-40c4-bf7f-eafa4d5077a7
22222222-2222-2222-2222-222222222222,2026-08-21T02:42:23.463724Z,0b8d2e11-fac3-40f3-883e-1d37cb7e6da5,waymo_jaguar_ipace_2024,arrival,twin,35a907e7-8536-40c4-bf7f-eafa4d5077a7
22222222-2222-2222-2222-222222222222,2026-08-21T02:42:23.463724Z,0bfd4d59-44f9-4a57-8c06-51bc00a2a6b9,tesla_model_y_robotaxi_2024,arrival,twin,35a907e7-8536-40c4-bf7f-eafa4d5077a7
22222222-2222-2222-2222-222222222222,2026-08-21T02:42:23.463724Z,0d13e7d4-4707-44be-a233-8a3e849a23c5,waymo_jaguar_ipace_2024,arrival,twin,35a907e7-8536-40c4-bf7f-eafa4d5077a7
22222222-2222-2222-2222-222222222222,2026-08-21T02:42:23.463724Z,10b4f941-b257-4571-948d-cc7b72d0fb52,tesla_model_y_robotaxi_2024,arrival,twin,35a907e7-8536-40c4-bf7f-eafa4d5077a7
22222222-2222-2222-2222-222222222222,2026-08-21T02:42:23.463724Z,138f4a23-c5c8-4b89-96a0-c72ebb6aee0c,tesla_model_y_robotaxi_2024,arrival,twin,35a907e7-8536-40c4-bf7f-eafa4d5077a7
22222222-2222-2222-2222-222222222222,2026-08-21T02:42:23.463724Z,14b02ad9-b6f6-4a74-867c-2a6ba9daf8e0,waymo_jaguar_ipace_2024,arrival,twin,35a907e7-8536-40c4-bf7f-eafa4d5077a7
22222222-2222-2222-2222-222222222222,2026-08-21T02:42:23.463724Z,1520dd3c-3658-4cd5-ad83-8c73c35e97c9,tesla_model_y_robotaxi_2024,arrival,twin,35a907e7-8536-40c4-bf7f-eafa4d5077a7
22222222-2222-2222-2222-222222222222,2026-08-21T02:42:23.463724Z,1973c5a4-5670-46fa-bbe2-5f6a3a1d0c6a,zoox_robotaxi_2024,arrival,twin,35a907e7-8536-40c4-bf7f-eafa4d5077a7
22222222-2222-2222-2222-222222222222,2026-08-21T02:42:23.463724Z,19b9bcf6-0586-4238-b70e-9ce1d490efe9,zoox_robotaxi_2024,arrival,twin,35a907e7-8536-40c4-bf7f-eafa4d5077a7
22222222-2222-2222-2222-222222222222,2026-08-21T02:42:23.463724Z,19ec1471-8525-4d88-801f-4cfee46f5ded,zoox_robotaxi_2024,arrival,twin,35a907e7-8536-40c4-bf7f-eafa4d5077a7
22222222-2222-2222-2222-222222222222,2026-08-21T02:42:23.463724Z,1aacf90d-d4e1-415e-ba09-603c306dffef,zoox_robotaxi_2024,arrival,twin,35a907e7-8536-40c4-bf7f-eafa4d5077a7
22222222-2222-2222-2222-222222222222,2026-08-21T02:42:23.463724Z,1c9aff71-a240-4bfe-b55a-d0eaa2ec6116,tesla_model_y_robotaxi_2024,arrival,twin,35a907e7-8536-40c4-bf7f-eafa4d5077a7
22222222-2222-2222-2222-222222222222,2026-08-21T02:42:23.463724Z,25061aa9-5a61-481b-acee-0aa08dd7066f,tesla_model_y_robotaxi_2024,arrival,twin,35a907e7-8536-40c4-bf7f-eafa4d5077a7
22222222-2222-2222-2222-222222222222,2026-08-21T02:42:23.463724Z,2547bf99-05c5-4055-9daa-c9e2a99da11d,tesla_model_y_robotaxi_2024,arrival,twin,35a907e7-8536-40c4-bf7f-eafa4d5077a7
22222222-2222-2222-2222-222222222222,2026-08-21T02:42:23.463724Z,27be18c4-bd2e-44ac-9eb5-1d1edc2809b7,zoox_robotaxi_2024,arrival,twin,35a907e7-8536-40c4-bf7f-eafa4d5077a7
22222222-2222-2222-2222-222222222222,2026-08-21T02:42:23.463724Z,32a91a14-aac6-4c58-924e-e61a6766978b,waymo_jaguar_ipace_2024,arrival,twin,35a907e7-8536-40c4-bf7f-eafa4d5077a7
22222222-2222-2222-2222-222222222222,2026-08-21T02:42:23.463724Z,32b62034-d7c6-4dbd-b9a4-78e708ec4c1c,waymo_jaguar_ipace_2024,arrival,twin,35a907e7-8536-40c4-bf7f-eafa4d5077a7
22222222-2222-2222-2222-222222222222,2026-08-21T02:42:23.463724Z,36ff94e5-663b-408d-bebc-3d56508d4996,tesla_model_y_robotaxi_2024,arrival,twin,35a907e7-8536-40c4-bf7f-eafa4d5077a7
22222222-2222-2222-2222-222222222222,2026-08-21T02:42:23.463724Z,3b6f1eb7-15f4-48e5-956c-9b261b9fcae1,waymo_jaguar_ipace_2024,arrival,twin,35a907e7-8536-40c4-bf7f-eafa4d5077a7
22222222-2222-2222-2222-222222222222,2026-08-21T02:42:23.463724Z,3e88b963-abb9-415c-9637-fa8002b0074d,waymo_jaguar_ipace_2024,arrival,twin,35a907e7-8536-40c4-bf7f-eafa4d5077a7
22222222-2222-2222-2222-222222222222,2026-08-21T02:42:23.463724Z,3fc2148f-fe15-42b9-8e9a-619351c746e4,waymo_jaguar_ipace_2024,arrival,twin,35a907e7-8536-40c4-bf7f-eafa4d5077a7
22222222-2222-2222-2222-222222222222,2026-08-21T02:42:23.463724Z,4374f6a6-aa2e-4298-8fa2-1b30da90280e,zoox_robotaxi_2024,arrival,twin,35a907e7-8536-40c4-bf7f-eafa4d5077a7
22222222-2222-2222-2222-222222222222,2026-08-21T02:42:23.463724Z,45c66200-75cd-4f06-a41f-6534e1c311aa,zoox_robotaxi_2024,arrival,twin,35a907e7-8536-40c4-bf7f-eafa4d5077a7
22222222-2222-2222-2222-222222222222,2026-08-21T02:42:23.463724Z,464c07e3-3699-4238-90d6-ea1325d0b36c,tesla_model_y_robotaxi_2024,arrival,twin,35a907e7-8536-40c4-bf7f-eafa4d5077a7
22222222-2222-2222-2222-222222222222,2026-08-21T02:42:23.463724Z,4732bf55-398f-4430-bc4c-0d14d4b89e2e,waymo_jaguar_ipace_2024,arrival,twin,35a907e7-8536-40c4-bf7f-eafa4d5077a7
22222222-2222-2222-2222-222222222222,2026-08-21T02:55:37.378401Z,02734f04-7f30-40eb-beb2-36e5d401c697,zoox_robotaxi_2024,arrival,twin,f3a1d43b-789b-4c6c-8f11-3e3a6b3ab38f
22222222-2222-2222-2222-222222222222,2026-08-21T02:55:37.378401Z,02f1a60b-27e8-46a3-831b-d9232cc510a0,tesla_model_y_robotaxi_2024,arrival,twin,f3a1d43b-789b-4c6c-8f11-3e3a6b3ab38f
22222222-2222-2222-2222-222222222222,2026-08-21T02:55:37.378401Z,0d13e7d4-4707-44be-a233-8a3e849a23c5,waymo_jaguar_ipace_2024,arrival,twin,f3a1d43b-789b-4c6c-8f11-3e3a6b3ab38f
22222222-2222-2222-2222-222222222222,2026-08-21T02:55:37.378401Z,1973c5a4-5670-46fa-bbe2-5f6a3a1d0c6a,zoox_robotaxi_2024,arrival,twin,f3a1d43b-789b-4c6c-8f11-3e3a6b3ab38f
22222222-2222-2222-2222-222222222222,2026-08-21T02:55:37.378401Z,19b9bcf6-0586-4238-b70e-9ce1d490efe9,zoox_robotaxi_2024,arrival,twin,f3a1d43b-789b-4c6c-8f11-3e3a6b3ab38f
22222222-2222-2222-2222-222222222222,2026-08-21T02:55:37.378401Z,19ec1471-8525-4d88-801f-4cfee46f5ded,zoox_robotaxi_2024,arrival,twin,f3a1d43b-789b-4c6c-8f11-3e3a6b3ab38f
22222222-2222-2222-2222-222222222222,2026-08-21T02:55:37.378401Z,1aacf90d-d4e1-415e-ba09-603c306dffef,zoox_robotaxi_2024,arrival,twin,f3a1d43b-789b-4c6c-8f11-3e3a6b3ab38f
22222222-2222-2222-2222-222222222222,2026-08-21T02:55:37.378401Z,25061aa9-5a61-481b-acee-0aa08dd7066f,tesla_model_y_robotaxi_2024,arrival,twin,f3a1d43b-789b-4c6c-8f11-3e3a6b3ab38f
22222222-2222-2222-2222-222222222222,2026-08-21T02:55:37.378401Z,27be18c4-bd2e-44ac-9eb5-1d1edc2809b7,zoox_robotaxi_2024,arrival,twin,f3a1d43b-789b-4c6c-8f11-3e3a6b3ab38f
22222222-2222-2222-2222-222222222222,2026-08-21T02:55:37.378401Z,3e88b963-abb9-415c-9637-fa8002b0074d,waymo_jaguar_ipace_2024,arrival,twin,f3a1d43b-789b-4c6c-8f11-3e3a6b3ab38f
22222222-2222-2222-2222-222222222222,2026-08-21T02:55:37.378401Z,3fc2148f-fe15-42b9-8e9a-619351c746e4,waymo_jaguar_ipace_2024,arrival,twin,f3a1d43b-789b-4c6c-8f11-3e3a6b3ab38f
22222222-2222-2222-2222-222222222222,2026-08-21T02:55:37.378401Z,4374f6a6-aa2e-4298-8fa2-1b30da90280e,zoox_robotaxi_2024,arrival,twin,f3a1d43b-789b-4c6c-8f11-3e3a6b3ab38f
22222222-2222-2222-2222-222222222222,2026-08-21T02:55:37.378401Z,45c66200-75cd-4f06-a41f-6534e1c311aa,zoox_robotaxi_2024,arrival,twin,f3a1d43b-789b-4c6c-8f11-3e3a6b3ab38f
22222222-2222-2222-2222-222222222222,2026-08-21T02:55:37.378401Z,9ec6cbc8-535e-4984-8fe2-1ac46abb9e00,waymo_jaguar_ipace_2024,arrival,twin,f3a1d43b-789b-4c6c-8f11-3e3a6b3ab38f
22222222-2222-2222-2222-222222222222,2026-08-21T02:55:37.378401Z,01b10692-0e0e-42c5-9889-f461f60471cf,zoox_robotaxi_2024,arrival,twin,f3a1d43b-789b-4c6c-8f11-3e3a6b3ab38f
22222222-2222-2222-2222-222222222222,2026-08-21T02:55:37.378401Z,0bfd4d59-44f9-4a57-8c06-51bc00a2a6b9,tesla_model_y_robotaxi_2024,departure,twin,f3a1d43b-789b-4c6c-8f11-3e3a6b3ab38f
22222222-2222-2222-2222-222222222222,2026-08-21T02:55:37.378401Z,138f4a23-c5c8-4b89-96a0-c72ebb6aee0c,tesla_model_y_robotaxi_2024,departure,twin,f3a1d43b-789b-4c6c-8f11-3e3a6b3ab38f
22222222-2222-2222-2222-222222222222,2026-08-21T03:02:31.741782Z,02f1a60b-27e8-46a3-831b-d9232cc510a0,tesla_model_y_robotaxi_2024,arrival,twin,c5dbc377-0195-4420-96d0-6125017cf19e
22222222-2222-2222-2222-222222222222,2026-08-21T03:02:31.741782Z,19ec1471-8525-4d88-801f-4cfee46f5ded,zoox_robotaxi_2024,arrival,twin,c5dbc377-0195-4420-96d0-6125017cf19e
22222222-2222-2222-2222-222222222222,2026-08-21T03:02:31.741782Z,1aacf90d-d4e1-415e-ba09-603c306dffef,zoox_robotaxi_2024,arrival,twin,c5dbc377-0195-4420-96d0-6125017cf19e
22222222-2222-2222-2222-222222222222,2026-08-21T03:02:31.741782Z,ad5abf3e-30c0-461f-b268-471bbe24986b,zoox_robotaxi_2024,arrival,twin,c5dbc377-0195-4420-96d0-6125017cf19e
22222222-2222-2222-2222-222222222222,2026-08-21T03:02:31.741782Z,c97a907b-eb50-49d4-81d2-ed38c1ab2616,zoox_robotaxi_2024,arrival,twin,c5dbc377-0195-4420-96d0-6125017cf19e
22222222-2222-2222-2222-222222222222,2026-08-21T03:03:45.566184Z,ad5abf3e-30c0-461f-b268-471bbe24986b,zoox_robotaxi_2024,arrival,twin,2010f408-d7c1-4bed-90ed-198fa3e90e87
22222222-2222-2222-2222-222222222222,2026-08-21T03:05:32.269186Z,1aacf90d-d4e1-415e-ba09-603c306dffef,zoox_robotaxi_2024,arrival,twin,943936c5-37cf-4dcc-b600-47366d1f3138
22222222-2222-2222-2222-222222222222,2026-08-21T03:05:32.269186Z,02f1a60b-27e8-46a3-831b-d9232cc510a0,tesla_model_y_robotaxi_2024,arrival,twin,943936c5-37cf-4dcc-b600-47366d1f3138
22222222-2222-2222-2222-222222222222,2026-08-21T03:05:32.269186Z,19ec1471-8525-4d88-801f-4cfee46f5ded,zoox_robotaxi_2024,arrival,twin,943936c5-37cf-4dcc-b600-47366d1f3138
22222222-2222-2222-2222-222222222222,2026-08-21T03:05:32.269186Z,ad5abf3e-30c0-461f-b268-471bbe24986b,zoox_robotaxi_2024,arrival,twin,943936c5-37cf-4dcc-b600-47366d1f3138
22222222-2222-2222-2222-222222222222,2026-08-21T03:05:32.269186Z,c97a907b-eb50-49d4-81d2-ed38c1ab2616,zoox_robotaxi_2024,arrival,twin,943936c5-37cf-4dcc-b600-47366d1f3138
22222222-2222-2222-2222-222222222222,2026-08-21T03:05:39.028103Z,ad5abf3e-30c0-461f-b268-471bbe24986b,zoox_robotaxi_2024,arrival,twin,c507bce2-9e55-4f45-a388-5be005beacfd
22222222-2222-2222-2222-222222222222,2026-08-21T03:25:37.378401Z,2be09ec0-e78a-4cd8-9f80-fceeb1c33e71,tesla_model_y_robotaxi_2024,arrival,twin,f3a1d43b-789b-4c6c-8f11-3e3a6b3ab38f
22222222-2222-2222-2222-222222222222,2026-08-21T03:25:37.378401Z,36ff94e5-663b-408d-bebc-3d56508d4996,tesla_model_y_robotaxi_2024,arrival,twin,f3a1d43b-789b-4c6c-8f11-3e3a6b3ab38f
22222222-2222-2222-2222-222222222222,2026-08-21T03:25:37.378401Z,8e00a933-eb0f-4d8e-9a0a-1d5b47ae95ed,zoox_robotaxi_2024,arrival,twin,f3a1d43b-789b-4c6c-8f11-3e3a6b3ab38f
22222222-2222-2222-2222-222222222222,2026-08-21T03:25:37.378401Z,c97a907b-eb50-49d4-81d2-ed38c1ab2616,zoox_robotaxi_2024,arrival,twin,f3a1d43b-789b-4c6c-8f11-3e3a6b3ab38f
22222222-2222-2222-2222-222222222222,2026-08-21T03:32:31.741782Z,01b10692-0e0e-42c5-9889-f461f60471cf,zoox_robotaxi_2024,arrival,twin,c5dbc377-0195-4420-96d0-6125017cf19e
22222222-2222-2222-2222-222222222222,2026-08-21T03:32:31.741782Z,02734f04-7f30-40eb-beb2-36e5d401c697,zoox_robotaxi_2024,arrival,twin,c5dbc377-0195-4420-96d0-6125017cf19e
22222222-2222-2222-2222-222222222222,2026-08-21T03:32:31.741782Z,19b9bcf6-0586-4238-b70e-9ce1d490efe9,zoox_robotaxi_2024,arrival,twin,c5dbc377-0195-4420-96d0-6125017cf19e
22222222-2222-2222-2222-222222222222,2026-08-21T03:32:31.741782Z,2be09ec0-e78a-4cd8-9f80-fceeb1c33e71,tesla_model_y_robotaxi_2024,arrival,twin,c5dbc377-0195-4420-96d0-6125017cf19e
22222222-2222-2222-2222-222222222222,2026-08-21T03:32:31.741782Z,45c66200-75cd-4f06-a41f-6534e1c311aa,zoox_robotaxi_2024,arrival,twin,c5dbc377-0195-4420-96d0-6125017cf19e
22222222-2222-2222-2222-222222222222,2026-08-21T03:32:31.741782Z,55a6bddc-f019-4989-a335-81cbde15b44e,zoox_robotaxi_2024,arrival,twin,c5dbc377-0195-4420-96d0-6125017cf19e
22222222-2222-2222-2222-222222222222,2026-08-21T03:32:31.741782Z,5e4b54f6-ba19-4a30-9d26-2a4ed4810d6e,waymo_jaguar_ipace_2024,arrival,twin,c5dbc377-0195-4420-96d0-6125017cf19e
22222222-2222-2222-2222-222222222222,2026-08-21T03:32:31.741782Z,695b1879-46d1-4c5b-a76a-a6809490ec65,zoox_robotaxi_2024,arrival,twin,c5dbc377-0195-4420-96d0-6125017cf19e
22222222-2222-2222-2222-222222222222,2026-08-21T03:32:31.741782Z,87b6dc31-cb87-4327-83d5-7ac9ffdf4988,zoox_robotaxi_2024,arrival,twin,c5dbc377-0195-4420-96d0-6125017cf19e
22222222-2222-2222-2222-222222222222,2026-08-21T03:32:31.741782Z,8e00a933-eb0f-4d8e-9a0a-1d5b47ae95ed,zoox_robotaxi_2024,arrival,twin,c5dbc377-0195-4420-96d0-6125017cf19e
22222222-2222-2222-2222-222222222222,2026-08-21T03:32:31.741782Z,98899633-be7c-42cb-9046-56321fb60f9d,zoox_robotaxi_2024,arrival,twin,c5dbc377-0195-4420-96d0-6125017cf19e
22222222-2222-2222-2222-222222222222,2026-08-21T03:32:31.741782Z,9926e267-5f69-4b21-b3ab-b4b3239c1b3b,zoox_robotaxi_2024,arrival,twin,c5dbc377-0195-4420-96d0-6125017cf19e
22222222-2222-2222-2222-222222222222,2026-08-21T03:32:31.741782Z,b00dca0e-3209-478b-ad8b-7984d7b16a8c,zoox_robotaxi_2024,arrival,twin,c5dbc377-0195-4420-96d0-6125017cf19e
22222222-2222-2222-2222-222222222222,2026-08-21T03:32:31.741782Z,c867df46-fe1c-420c-89cd-39acad72790e,zoox_robotaxi_2024,arrival,twin,c5dbc377-0195-4420-96d0-6125017cf19e
22222222-2222-2222-2222-222222222222,2026-08-21T03:32:31.741782Z,e91eda35-7043-4ba9-8a16-972b2cc07e39,zoox_robotaxi_2024,arrival,twin,c5dbc377-0195-4420-96d0-6125017cf19e
22222222-2222-2222-2222-222222222222,2026-08-21T03:32:31.741782Z,f366ac68-5b23-49e7-8d02-0ade68526c5e,zoox_robotaxi_2024,arrival,twin,c5dbc377-0195-4420-96d0-6125017cf19e
22222222-2222-2222-2222-222222222222,2026-08-21T03:32:31.741782Z,f72a1d21-3532-40ca-a69e-8ef5a4be38a0,zoox_robotaxi_2024,arrival,twin,c5dbc377-0195-4420-96d0-6125017cf19e
22222222-2222-2222-2222-222222222222,2026-08-21T03:32:31.741782Z,f7940696-0800-49d0-9405-e1bae1f790e5,zoox_robotaxi_2024,arrival,twin,c5dbc377-0195-4420-96d0-6125017cf19e
22222222-2222-2222-2222-222222222222,2026-08-21T03:32:31.741782Z,27be18c4-bd2e-44ac-9eb5-1d1edc2809b7,zoox_robotaxi_2024,arrival,twin,c5dbc377-0195-4420-96d0-6125017cf19e
22222222-2222-2222-2222-222222222222,2026-08-21T03:32:31.741782Z,4992b1fa-fc81-445e-a203-657094d89f18,waymo_jaguar_ipace_2024,departure,twin,c5dbc377-0195-4420-96d0-6125017cf19e
22222222-2222-2222-2222-222222222222,2026-08-21T03:32:37.471399Z,02734f04-7f30-40eb-beb2-36e5d401c697,zoox_robotaxi_2024,arrival,twin,da724f40-1aaa-4c4b-a168-2d45b2eb796d
22222222-2222-2222-2222-222222222222,2026-08-21T03:32:37.471399Z,48ad6e64-7e84-4de3-8c0c-9d3abfaadb8d,waymo_jaguar_ipace_2024,arrival,twin,da724f40-1aaa-4c4b-a168-2d45b2eb796d
22222222-2222-2222-2222-222222222222,2026-08-21T03:32:37.471399Z,4a35c33f-b875-4cc6-a54d-85060633b711,waymo_jaguar_ipace_2024,arrival,twin,da724f40-1aaa-4c4b-a168-2d45b2eb796d
22222222-2222-2222-2222-222222222222,2026-08-21T03:32:37.471399Z,4cd2b777-e994-41b3-8542-fdf0f5d88189,waymo_jaguar_ipace_2024,arrival,twin,da724f40-1aaa-4c4b-a168-2d45b2eb796d
22222222-2222-2222-2222-222222222222,2026-08-21T03:32:37.471399Z,4ce2666e-66b5-4053-9b4c-c8ad06a46557,tesla_model_y_robotaxi_2024,arrival,twin,da724f40-1aaa-4c4b-a168-2d45b2eb796d
22222222-2222-2222-2222-222222222222,2026-08-21T03:32:37.471399Z,4f558f2c-7f46-4c12-8a13-351371d828b6,waymo_jaguar_ipace_2024,arrival,twin,da724f40-1aaa-4c4b-a168-2d45b2eb796d
22222222-2222-2222-2222-222222222222,2026-08-21T03:32:37.471399Z,53e3dc12-2d7e-4d7b-8dbf-79a5eeef13ce,tesla_model_y_robotaxi_2024,arrival,twin,da724f40-1aaa-4c4b-a168-2d45b2eb796d
22222222-2222-2222-2222-222222222222,2026-08-21T03:32:37.471399Z,5b8524d6-260b-448c-a9ae-9e18e9cada45,waymo_jaguar_ipace_2024,arrival,twin,da724f40-1aaa-4c4b-a168-2d45b2eb796d
22222222-2222-2222-2222-222222222222,2026-08-21T03:32:37.471399Z,5dfd9db9-4262-4a7f-8f7e-055ce7a5e426,tesla_model_y_robotaxi_2024,arrival,twin,da724f40-1aaa-4c4b-a168-2d45b2eb796d
22222222-2222-2222-2222-222222222222,2026-08-21T03:32:37.471399Z,6e5c4806-1191-4b8b-b750-d38231213a1b,tesla_model_y_robotaxi_2024,arrival,twin,da724f40-1aaa-4c4b-a168-2d45b2eb796d
22222222-2222-2222-2222-222222222222,2026-08-21T03:32:37.471399Z,728d5880-36bc-4b47-b535-4544580ec303,tesla_model_y_robotaxi_2024,arrival,twin,da724f40-1aaa-4c4b-a168-2d45b2eb796d
22222222-2222-2222-2222-222222222222,2026-08-21T03:32:37.471399Z,9240c4c6-422b-4ac5-b65d-321faac569ce,waymo_jaguar_ipace_2024,arrival,twin,da724f40-1aaa-4c4b-a168-2d45b2eb796d
22222222-2222-2222-2222-222222222222,2026-08-21T03:32:37.471399Z,964bd583-6d45-459b-8bca-4c415c0993d3,tesla_model_y_robotaxi_2024,arrival,twin,da724f40-1aaa-4c4b-a168-2d45b2eb796d
22222222-2222-2222-2222-222222222222,2026-08-21T03:32:37.471399Z,970832d1-8185-4eb5-8d10-c1cbe44c9283,waymo_jaguar_ipace_2024,arrival,twin,da724f40-1aaa-4c4b-a168-2d45b2eb796d
22222222-2222-2222-2222-222222222222,2026-08-21T03:32:37.471399Z,99860ea8-ecf6-4bb7-8a59-52db6e90e8d9,waymo_jaguar_ipace_2024,arrival,twin,da724f40-1aaa-4c4b-a168-2d45b2eb796d
22222222-2222-2222-2222-222222222222,2026-08-21T03:32:37.471399Z,acba173d-89ed-4221-a7f7-52ae57693c67,tesla_model_y_robotaxi_2024,arrival,twin,da724f40-1aaa-4c4b-a168-2d45b2eb796d
22222222-2222-2222-2222-222222222222,2026-08-21T03:32:37.471399Z,b6e8b116-0650-4d3b-b4d7-d78bd454f7e0,tesla_model_y_robotaxi_2024,arrival,twin,da724f40-1aaa-4c4b-a168-2d45b2eb796d
22222222-2222-2222-2222-222222222222,2026-08-21T03:32:37.471399Z,ba70312c-6d2b-4c96-92a9-86c31ca2ca63,tesla_model_y_robotaxi_2024,arrival,twin,da724f40-1aaa-4c4b-a168-2d45b2eb796d
22222222-2222-2222-2222-222222222222,2026-08-21T03:32:37.471399Z,c1b40f85-c4e3-40c7-afba-d1aec9ed876b,waymo_jaguar_ipace_2024,arrival,twin,da724f40-1aaa-4c4b-a168-2d45b2eb796d
22222222-2222-2222-2222-222222222222,2026-08-21T03:32:37.471399Z,c433a36d-8782-46b2-b128-3e345bcbd186,waymo_jaguar_ipace_2024,arrival,twin,da724f40-1aaa-4c4b-a168-2d45b2eb796d
22222222-2222-2222-2222-222222222222,2026-08-21T03:32:37.471399Z,c5a58859-4282-42de-b596-0a4f433e05f1,tesla_model_y_robotaxi_2024,arrival,twin,da724f40-1aaa-4c4b-a168-2d45b2eb796d
22222222-2222-2222-2222-222222222222,2026-08-21T03:32:37.471399Z,c8663fd7-b423-4398-9a18-a2ba5310feb7,tesla_model_y_robotaxi_2024,arrival,twin,da724f40-1aaa-4c4b-a168-2d45b2eb796d
22222222-2222-2222-2222-222222222222,2026-08-21T03:32:37.471399Z,dbade82d-51ef-40bf-b21b-8103ad487d91,tesla_model_y_robotaxi_2024,arrival,twin,da724f40-1aaa-4c4b-a168-2d45b2eb796d
22222222-2222-2222-2222-222222222222,2026-08-21T03:32:37.471399Z,f1776816-85e4-4ed0-8890-fe115c1c9f73,waymo_jaguar_ipace_2024,arrival,twin,da724f40-1aaa-4c4b-a168-2d45b2eb796d
22222222-2222-2222-2222-222222222222,2026-08-21T03:32:37.471399Z,f2cc320b-7543-47cf-a66d-37acee233f1b,tesla_model_y_robotaxi_2024,arrival,twin,da724f40-1aaa-4c4b-a168-2d45b2eb796d
22222222-2222-2222-2222-222222222222,2026-08-21T03:34:15.878702Z,02734f04-7f30-40eb-beb2-36e5d401c697,zoox_robotaxi_2024,arrival,twin,97b5b360-ecdf-4072-b869-82834cbada14
22222222-2222-2222-2222-222222222222,2026-08-21T03:34:15.878702Z,48ad6e64-7e84-4de3-8c0c-9d3abfaadb8d,waymo_jaguar_ipace_2024,arrival,twin,97b5b360-ecdf-4072-b869-82834cbada14
22222222-2222-2222-2222-222222222222,2026-08-21T03:34:15.878702Z,4a35c33f-b875-4cc6-a54d-85060633b711,waymo_jaguar_ipace_2024,arrival,twin,97b5b360-ecdf-4072-b869-82834cbada14
22222222-2222-2222-2222-222222222222,2026-08-21T03:34:15.878702Z,4cd2b777-e994-41b3-8542-fdf0f5d88189,waymo_jaguar_ipace_2024,arrival,twin,97b5b360-ecdf-4072-b869-82834cbada14
22222222-2222-2222-2222-222222222222,2026-08-21T03:34:15.878702Z,4ce2666e-66b5-4053-9b4c-c8ad06a46557,tesla_model_y_robotaxi_2024,arrival,twin,97b5b360-ecdf-4072-b869-82834cbada14
22222222-2222-2222-2222-222222222222,2026-08-21T03:34:15.878702Z,4f558f2c-7f46-4c12-8a13-351371d828b6,waymo_jaguar_ipace_2024,arrival,twin,97b5b360-ecdf-4072-b869-82834cbada14
22222222-2222-2222-2222-222222222222,2026-08-21T03:34:15.878702Z,53e3dc12-2d7e-4d7b-8dbf-79a5eeef13ce,tesla_model_y_robotaxi_2024,arrival,twin,97b5b360-ecdf-4072-b869-82834cbada14
22222222-2222-2222-2222-222222222222,2026-08-21T03:34:15.878702Z,5b8524d6-260b-448c-a9ae-9e18e9cada45,waymo_jaguar_ipace_2024,arrival,twin,97b5b360-ecdf-4072-b869-82834cbada14
22222222-2222-2222-2222-222222222222,2026-08-21T03:34:15.878702Z,5dfd9db9-4262-4a7f-8f7e-055ce7a5e426,tesla_model_y_robotaxi_2024,arrival,twin,97b5b360-ecdf-4072-b869-82834cbada14
22222222-2222-2222-2222-222222222222,2026-08-21T03:34:15.878702Z,6e5c4806-1191-4b8b-b750-d38231213a1b,tesla_model_y_robotaxi_2024,arrival,twin,97b5b360-ecdf-4072-b869-82834cbada14
22222222-2222-2222-2222-222222222222,2026-08-21T03:34:15.878702Z,728d5880-36bc-4b47-b535-4544580ec303,tesla_model_y_robotaxi_2024,arrival,twin,97b5b360-ecdf-4072-b869-82834cbada14
22222222-2222-2222-2222-222222222222,2026-08-21T03:34:15.878702Z,9240c4c6-422b-4ac5-b65d-321faac569ce,waymo_jaguar_ipace_2024,arrival,twin,97b5b360-ecdf-4072-b869-82834cbada14
22222222-2222-2222-2222-222222222222,2026-08-21T03:34:15.878702Z,964bd583-6d45-459b-8bca-4c415c0993d3,tesla_model_y_robotaxi_2024,arrival,twin,97b5b360-ecdf-4072-b869-82834cbada14
22222222-2222-2222-2222-222222222222,2026-08-21T03:34:15.878702Z,970832d1-8185-4eb5-8d10-c1cbe44c9283,waymo_jaguar_ipace_2024,arrival,twin,97b5b360-ecdf-4072-b869-82834cbada14
22222222-2222-2222-2222-222222222222,2026-08-21T03:34:15.878702Z,99860ea8-ecf6-4bb7-8a59-52db6e90e8d9,waymo_jaguar_ipace_2024,arrival,twin,97b5b360-ecdf-4072-b869-82834cbada14
22222222-2222-2222-2222-222222222222,2026-08-21T03:34:15.878702Z,acba173d-89ed-4221-a7f7-52ae57693c67,tesla_model_y_robotaxi_2024,arrival,twin,97b5b360-ecdf-4072-b869-82834cbada14
22222222-2222-2222-2222-222222222222,2026-08-21T03:34:15.878702Z,b6e8b116-0650-4d3b-b4d7-d78bd454f7e0,tesla_model_y_robotaxi_2024,arrival,twin,97b5b360-ecdf-4072-b869-82834cbada14
22222222-2222-2222-2222-222222222222,2026-08-21T03:34:15.878702Z,ba70312c-6d2b-4c96-92a9-86c31ca2ca63,tesla_model_y_robotaxi_2024,arrival,twin,97b5b360-ecdf-4072-b869-82834cbada14
22222222-2222-2222-2222-222222222222,2026-08-21T03:34:15.878702Z,c1b40f85-c4e3-40c7-afba-d1aec9ed876b,waymo_jaguar_ipace_2024,arrival,twin,97b5b360-ecdf-4072-b869-82834cbada14
22222222-2222-2222-2222-222222222222,2026-08-21T03:34:15.878702Z,c433a36d-8782-46b2-b128-3e345bcbd186,waymo_jaguar_ipace_2024,arrival,twin,97b5b360-ecdf-4072-b869-82834cbada14
22222222-2222-2222-2222-222222222222,2026-08-21T03:34:15.878702Z,c5a58859-4282-42de-b596-0a4f433e05f1,tesla_model_y_robotaxi_2024,arrival,twin,97b5b360-ecdf-4072-b869-82834cbada14
22222222-2222-2222-2222-222222222222,2026-08-21T03:34:15.878702Z,c8663fd7-b423-4398-9a18-a2ba5310feb7,tesla_model_y_robotaxi_2024,arrival,twin,97b5b360-ecdf-4072-b869-82834cbada14
22222222-2222-2222-2222-222222222222,2026-08-21T03:34:15.878702Z,dbade82d-51ef-40bf-b21b-8103ad487d91,tesla_model_y_robotaxi_2024,arrival,twin,97b5b360-ecdf-4072-b869-82834cbada14
22222222-2222-2222-2222-222222222222,2026-08-21T03:34:15.878702Z,f1776816-85e4-4ed0-8890-fe115c1c9f73,waymo_jaguar_ipace_2024,arrival,twin,97b5b360-ecdf-4072-b869-82834cbada14
22222222-2222-2222-2222-222222222222,2026-08-21T03:34:15.878702Z,f2cc320b-7543-47cf-a66d-37acee233f1b,tesla_model_y_robotaxi_2024,arrival,twin,97b5b360-ecdf-4072-b869-82834cbada14
22222222-2222-2222-2222-222222222222,2026-08-21T03:35:32.269186Z,27be18c4-bd2e-44ac-9eb5-1d1edc2809b7,zoox_robotaxi_2024,arrival,twin,943936c5-37cf-4dcc-b600-47366d1f3138
22222222-2222-2222-2222-222222222222,2026-08-21T03:35:32.269186Z,01b10692-0e0e-42c5-9889-f461f60471cf,zoox_robotaxi_2024,arrival,twin,943936c5-37cf-4dcc-b600-47366d1f3138
22222222-2222-2222-2222-222222222222,2026-08-21T03:35:32.269186Z,02734f04-7f30-40eb-beb2-36e5d401c697,zoox_robotaxi_2024,arrival,twin,943936c5-37cf-4dcc-b600-47366d1f3138
22222222-2222-2222-2222-222222222222,2026-08-21T03:35:32.269186Z,19b9bcf6-0586-4238-b70e-9ce1d490efe9,zoox_robotaxi_2024,arrival,twin,943936c5-37cf-4dcc-b600-47366d1f3138
22222222-2222-2222-2222-222222222222,2026-08-21T03:35:32.269186Z,2be09ec0-e78a-4cd8-9f80-fceeb1c33e71,tesla_model_y_robotaxi_2024,arrival,twin,943936c5-37cf-4dcc-b600-47366d1f3138
22222222-2222-2222-2222-222222222222,2026-08-21T03:35:32.269186Z,45c66200-75cd-4f06-a41f-6534e1c311aa,zoox_robotaxi_2024,arrival,twin,943936c5-37cf-4dcc-b600-47366d1f3138
22222222-2222-2222-2222-222222222222,2026-08-21T03:35:32.269186Z,55a6bddc-f019-4989-a335-81cbde15b44e,zoox_robotaxi_2024,arrival,twin,943936c5-37cf-4dcc-b600-47366d1f3138
22222222-2222-2222-2222-222222222222,2026-08-21T03:35:32.269186Z,5e4b54f6-ba19-4a30-9d26-2a4ed4810d6e,waymo_jaguar_ipace_2024,arrival,twin,943936c5-37cf-4dcc-b600-47366d1f3138
22222222-2222-2222-2222-222222222222,2026-08-21T03:35:32.269186Z,695b1879-46d1-4c5b-a76a-a6809490ec65,zoox_robotaxi_2024,arrival,twin,943936c5-37cf-4dcc-b600-47366d1f3138
22222222-2222-2222-2222-222222222222,2026-08-21T03:35:32.269186Z,87b6dc31-cb87-4327-83d5-7ac9ffdf4988,zoox_robotaxi_2024,arrival,twin,943936c5-37cf-4dcc-b600-47366d1f3138
22222222-2222-2222-2222-222222222222,2026-08-21T03:35:32.269186Z,8e00a933-eb0f-4d8e-9a0a-1d5b47ae95ed,zoox_robotaxi_2024,arrival,twin,943936c5-37cf-4dcc-b600-47366d1f3138
22222222-2222-2222-2222-222222222222,2026-08-21T03:35:32.269186Z,98899633-be7c-42cb-9046-56321fb60f9d,zoox_robotaxi_2024,arrival,twin,943936c5-37cf-4dcc-b600-47366d1f3138
22222222-2222-2222-2222-222222222222,2026-08-21T03:35:32.269186Z,9926e267-5f69-4b21-b3ab-b4b3239c1b3b,zoox_robotaxi_2024,arrival,twin,943936c5-37cf-4dcc-b600-47366d1f3138
22222222-2222-2222-2222-222222222222,2026-08-21T03:35:32.269186Z,b00dca0e-3209-478b-ad8b-7984d7b16a8c,zoox_robotaxi_2024,arrival,twin,943936c5-37cf-4dcc-b600-47366d1f3138
22222222-2222-2222-2222-222222222222,2026-08-21T03:35:32.269186Z,c867df46-fe1c-420c-89cd-39acad72790e,zoox_robotaxi_2024,arrival,twin,943936c5-37cf-4dcc-b600-47366d1f3138
22222222-2222-2222-2222-222222222222,2026-08-21T03:35:32.269186Z,e91eda35-7043-4ba9-8a16-972b2cc07e39,zoox_robotaxi_2024,arrival,twin,943936c5-37cf-4dcc-b600-47366d1f3138
22222222-2222-2222-2222-222222222222,2026-08-21T03:35:32.269186Z,f366ac68-5b23-49e7-8d02-0ade68526c5e,zoox_robotaxi_2024,arrival,twin,943936c5-37cf-4dcc-b600-47366d1f3138
22222222-2222-2222-2222-222222222222,2026-08-21T03:35:32.269186Z,f72a1d21-3532-40ca-a69e-8ef5a4be38a0,zoox_robotaxi_2024,arrival,twin,943936c5-37cf-4dcc-b600-47366d1f3138
22222222-2222-2222-2222-222222222222,2026-08-21T03:35:32.269186Z,f7940696-0800-49d0-9405-e1bae1f790e5,zoox_robotaxi_2024,arrival,twin,943936c5-37cf-4dcc-b600-47366d1f3138
22222222-2222-2222-2222-222222222222,2026-08-21T03:35:32.269186Z,4992b1fa-fc81-445e-a203-657094d89f18,waymo_jaguar_ipace_2024,departure,twin,943936c5-37cf-4dcc-b600-47366d1f3138
22222222-2222-2222-2222-222222222222,2026-08-21T03:40:26.979248Z,e7c0498e-4f61-474f-8934-8864c090cefd,waymo_jaguar_ipace_2024,arrival,twin,ead7911f-71e9-4da1-b601-c181e0ffeb1e
22222222-2222-2222-2222-222222222222,2026-08-21T03:40:26.979248Z,4992b1fa-fc81-445e-a203-657094d89f18,waymo_jaguar_ipace_2024,arrival,twin,ead7911f-71e9-4da1-b601-c181e0ffeb1e
22222222-2222-2222-2222-222222222222,2026-08-21T03:40:26.979248Z,4a35c33f-b875-4cc6-a54d-85060633b711,waymo_jaguar_ipace_2024,arrival,twin,ead7911f-71e9-4da1-b601-c181e0ffeb1e
22222222-2222-2222-2222-222222222222,2026-08-21T03:40:26.979248Z,4ce2666e-66b5-4053-9b4c-c8ad06a46557,tesla_model_y_robotaxi_2024,arrival,twin,ead7911f-71e9-4da1-b601-c181e0ffeb1e
22222222-2222-2222-2222-222222222222,2026-08-21T03:40:26.979248Z,4f558f2c-7f46-4c12-8a13-351371d828b6,waymo_jaguar_ipace_2024,arrival,twin,ead7911f-71e9-4da1-b601-c181e0ffeb1e
22222222-2222-2222-2222-222222222222,2026-08-21T03:40:26.979248Z,524312ab-2416-46fd-aebb-34d785ef7da6,waymo_jaguar_ipace_2024,arrival,twin,ead7911f-71e9-4da1-b601-c181e0ffeb1e
22222222-2222-2222-2222-222222222222,2026-08-21T03:40:26.979248Z,5dfd9db9-4262-4a7f-8f7e-055ce7a5e426,tesla_model_y_robotaxi_2024,arrival,twin,ead7911f-71e9-4da1-b601-c181e0ffeb1e
22222222-2222-2222-2222-222222222222,2026-08-21T03:40:26.979248Z,53e3dc12-2d7e-4d7b-8dbf-79a5eeef13ce,tesla_model_y_robotaxi_2024,arrival,twin,ead7911f-71e9-4da1-b601-c181e0ffeb1e
22222222-2222-2222-2222-222222222222,2026-08-21T03:40:26.979248Z,8d4890b5-dd19-4bf9-b7be-3ef918ff1653,waymo_jaguar_ipace_2024,arrival,twin,ead7911f-71e9-4da1-b601-c181e0ffeb1e
22222222-2222-2222-2222-222222222222,2026-08-21T03:40:26.979248Z,8ed8211d-aaa2-4051-b116-8f9f2501fc51,waymo_jaguar_ipace_2024,arrival,twin,ead7911f-71e9-4da1-b601-c181e0ffeb1e
22222222-2222-2222-2222-222222222222,2026-08-21T03:40:26.979248Z,90c00fd5-03c2-4a5c-acdd-1fbcb709dfb2,tesla_model_y_robotaxi_2024,arrival,twin,ead7911f-71e9-4da1-b601-c181e0ffeb1e
22222222-2222-2222-2222-222222222222,2026-08-21T03:40:26.979248Z,964bd583-6d45-459b-8bca-4c415c0993d3,tesla_model_y_robotaxi_2024,arrival,twin,ead7911f-71e9-4da1-b601-c181e0ffeb1e
22222222-2222-2222-2222-222222222222,2026-08-21T03:40:26.979248Z,983002e6-790f-4e92-9722-b034571c7f47,waymo_jaguar_ipace_2024,arrival,twin,ead7911f-71e9-4da1-b601-c181e0ffeb1e
22222222-2222-2222-2222-222222222222,2026-08-21T03:40:26.979248Z,acba173d-89ed-4221-a7f7-52ae57693c67,tesla_model_y_robotaxi_2024,arrival,twin,ead7911f-71e9-4da1-b601-c181e0ffeb1e
22222222-2222-2222-2222-222222222222,2026-08-21T03:40:26.979248Z,b6e8b116-0650-4d3b-b4d7-d78bd454f7e0,tesla_model_y_robotaxi_2024,arrival,twin,ead7911f-71e9-4da1-b601-c181e0ffeb1e
22222222-2222-2222-2222-222222222222,2026-08-21T03:40:26.979248Z,ba70312c-6d2b-4c96-92a9-86c31ca2ca63,tesla_model_y_robotaxi_2024,arrival,twin,ead7911f-71e9-4da1-b601-c181e0ffeb1e
22222222-2222-2222-2222-222222222222,2026-08-21T03:40:26.979248Z,c1b40f85-c4e3-40c7-afba-d1aec9ed876b,waymo_jaguar_ipace_2024,arrival,twin,ead7911f-71e9-4da1-b601-c181e0ffeb1e
22222222-2222-2222-2222-222222222222,2026-08-21T03:40:26.979248Z,c433a36d-8782-46b2-b128-3e345bcbd186,waymo_jaguar_ipace_2024,arrival,twin,ead7911f-71e9-4da1-b601-c181e0ffeb1e
22222222-2222-2222-2222-222222222222,2026-08-21T03:40:26.979248Z,c8663fd7-b423-4398-9a18-a2ba5310feb7,tesla_model_y_robotaxi_2024,arrival,twin,ead7911f-71e9-4da1-b601-c181e0ffeb1e
22222222-2222-2222-2222-222222222222,2026-08-21T03:40:26.979248Z,cef7d122-6498-4555-8eba-8a6d51644d74,tesla_model_y_robotaxi_2024,arrival,twin,ead7911f-71e9-4da1-b601-c181e0ffeb1e
22222222-2222-2222-2222-222222222222,2026-08-21T03:40:26.979248Z,dbade82d-51ef-40bf-b21b-8103ad487d91,tesla_model_y_robotaxi_2024,arrival,twin,ead7911f-71e9-4da1-b601-c181e0ffeb1e
22222222-2222-2222-2222-222222222222,2026-08-21T03:40:26.979248Z,ddf31311-e84f-4ef4-915a-c5ed82ae29ff,waymo_jaguar_ipace_2024,arrival,twin,ead7911f-71e9-4da1-b601-c181e0ffeb1e
22222222-2222-2222-2222-222222222222,2026-08-21T03:40:26.979248Z,f1776816-85e4-4ed0-8890-fe115c1c9f73,waymo_jaguar_ipace_2024,arrival,twin,ead7911f-71e9-4da1-b601-c181e0ffeb1e
22222222-2222-2222-2222-222222222222,2026-08-21T03:40:26.979248Z,f2cc320b-7543-47cf-a66d-37acee233f1b,tesla_model_y_robotaxi_2024,arrival,twin,ead7911f-71e9-4da1-b601-c181e0ffeb1e
22222222-2222-2222-2222-222222222222,2026-08-21T03:42:23.463724Z,4992b1fa-fc81-445e-a203-657094d89f18,waymo_jaguar_ipace_2024,arrival,twin,35a907e7-8536-40c4-bf7f-eafa4d5077a7
22222222-2222-2222-2222-222222222222,2026-08-21T03:42:23.463724Z,4a35c33f-b875-4cc6-a54d-85060633b711,waymo_jaguar_ipace_2024,arrival,twin,35a907e7-8536-40c4-bf7f-eafa4d5077a7
22222222-2222-2222-2222-222222222222,2026-08-21T03:42:23.463724Z,4ce2666e-66b5-4053-9b4c-c8ad06a46557,tesla_model_y_robotaxi_2024,arrival,twin,35a907e7-8536-40c4-bf7f-eafa4d5077a7
22222222-2222-2222-2222-222222222222,2026-08-21T03:42:23.463724Z,4f558f2c-7f46-4c12-8a13-351371d828b6,waymo_jaguar_ipace_2024,arrival,twin,35a907e7-8536-40c4-bf7f-eafa4d5077a7
22222222-2222-2222-2222-222222222222,2026-08-21T03:42:23.463724Z,524312ab-2416-46fd-aebb-34d785ef7da6,waymo_jaguar_ipace_2024,arrival,twin,35a907e7-8536-40c4-bf7f-eafa4d5077a7
22222222-2222-2222-2222-222222222222,2026-08-21T03:42:23.463724Z,53e3dc12-2d7e-4d7b-8dbf-79a5eeef13ce,tesla_model_y_robotaxi_2024,arrival,twin,35a907e7-8536-40c4-bf7f-eafa4d5077a7
22222222-2222-2222-2222-222222222222,2026-08-21T03:42:23.463724Z,5dfd9db9-4262-4a7f-8f7e-055ce7a5e426,tesla_model_y_robotaxi_2024,arrival,twin,35a907e7-8536-40c4-bf7f-eafa4d5077a7
22222222-2222-2222-2222-222222222222,2026-08-21T03:42:23.463724Z,8d4890b5-dd19-4bf9-b7be-3ef918ff1653,waymo_jaguar_ipace_2024,arrival,twin,35a907e7-8536-40c4-bf7f-eafa4d5077a7
22222222-2222-2222-2222-222222222222,2026-08-21T03:42:23.463724Z,8ed8211d-aaa2-4051-b116-8f9f2501fc51,waymo_jaguar_ipace_2024,arrival,twin,35a907e7-8536-40c4-bf7f-eafa4d5077a7
22222222-2222-2222-2222-222222222222,2026-08-21T03:42:23.463724Z,90c00fd5-03c2-4a5c-acdd-1fbcb709dfb2,tesla_model_y_robotaxi_2024,arrival,twin,35a907e7-8536-40c4-bf7f-eafa4d5077a7
22222222-2222-2222-2222-222222222222,2026-08-21T03:42:23.463724Z,964bd583-6d45-459b-8bca-4c415c0993d3,tesla_model_y_robotaxi_2024,arrival,twin,35a907e7-8536-40c4-bf7f-eafa4d5077a7
22222222-2222-2222-2222-222222222222,2026-08-21T03:42:23.463724Z,983002e6-790f-4e92-9722-b034571c7f47,waymo_jaguar_ipace_2024,arrival,twin,35a907e7-8536-40c4-bf7f-eafa4d5077a7
22222222-2222-2222-2222-222222222222,2026-08-21T03:42:23.463724Z,acba173d-89ed-4221-a7f7-52ae57693c67,tesla_model_y_robotaxi_2024,arrival,twin,35a907e7-8536-40c4-bf7f-eafa4d5077a7
22222222-2222-2222-2222-222222222222,2026-08-21T03:42:23.463724Z,b6e8b116-0650-4d3b-b4d7-d78bd454f7e0,tesla_model_y_robotaxi_2024,arrival,twin,35a907e7-8536-40c4-bf7f-eafa4d5077a7
22222222-2222-2222-2222-222222222222,2026-08-21T03:42:23.463724Z,ba70312c-6d2b-4c96-92a9-86c31ca2ca63,tesla_model_y_robotaxi_2024,arrival,twin,35a907e7-8536-40c4-bf7f-eafa4d5077a7
22222222-2222-2222-2222-222222222222,2026-08-21T03:42:23.463724Z,c1b40f85-c4e3-40c7-afba-d1aec9ed876b,waymo_jaguar_ipace_2024,arrival,twin,35a907e7-8536-40c4-bf7f-eafa4d5077a7
22222222-2222-2222-2222-222222222222,2026-08-21T03:42:23.463724Z,c433a36d-8782-46b2-b128-3e345bcbd186,waymo_jaguar_ipace_2024,arrival,twin,35a907e7-8536-40c4-bf7f-eafa4d5077a7
22222222-2222-2222-2222-222222222222,2026-08-21T03:42:23.463724Z,c8663fd7-b423-4398-9a18-a2ba5310feb7,tesla_model_y_robotaxi_2024,arrival,twin,35a907e7-8536-40c4-bf7f-eafa4d5077a7
22222222-2222-2222-2222-222222222222,2026-08-21T03:42:23.463724Z,cef7d122-6498-4555-8eba-8a6d51644d74,tesla_model_y_robotaxi_2024,arrival,twin,35a907e7-8536-40c4-bf7f-eafa4d5077a7
22222222-2222-2222-2222-222222222222,2026-08-21T03:42:23.463724Z,dbade82d-51ef-40bf-b21b-8103ad487d91,tesla_model_y_robotaxi_2024,arrival,twin,35a907e7-8536-40c4-bf7f-eafa4d5077a7
22222222-2222-2222-2222-222222222222,2026-08-21T03:42:23.463724Z,ddf31311-e84f-4ef4-915a-c5ed82ae29ff,waymo_jaguar_ipace_2024,arrival,twin,35a907e7-8536-40c4-bf7f-eafa4d5077a7
22222222-2222-2222-2222-222222222222,2026-08-21T03:42:23.463724Z,e7c0498e-4f61-474f-8934-8864c090cefd,waymo_jaguar_ipace_2024,arrival,twin,35a907e7-8536-40c4-bf7f-eafa4d5077a7
22222222-2222-2222-2222-222222222222,2026-08-21T03:42:23.463724Z,f1776816-85e4-4ed0-8890-fe115c1c9f73,waymo_jaguar_ipace_2024,arrival,twin,35a907e7-8536-40c4-bf7f-eafa4d5077a7
22222222-2222-2222-2222-222222222222,2026-08-21T03:42:23.463724Z,f2cc320b-7543-47cf-a66d-37acee233f1b,tesla_model_y_robotaxi_2024,arrival,twin,35a907e7-8536-40c4-bf7f-eafa4d5077a7
22222222-2222-2222-2222-222222222222,2026-08-21T03:55:37.378401Z,0bfd4d59-44f9-4a57-8c06-51bc00a2a6b9,tesla_model_y_robotaxi_2024,arrival,twin,f3a1d43b-789b-4c6c-8f11-3e3a6b3ab38f
22222222-2222-2222-2222-222222222222,2026-08-21T03:55:37.378401Z,138f4a23-c5c8-4b89-96a0-c72ebb6aee0c,tesla_model_y_robotaxi_2024,arrival,twin,f3a1d43b-789b-4c6c-8f11-3e3a6b3ab38f
22222222-2222-2222-2222-222222222222,2026-08-21T03:55:37.378401Z,4ce2666e-66b5-4053-9b4c-c8ad06a46557,tesla_model_y_robotaxi_2024,arrival,twin,f3a1d43b-789b-4c6c-8f11-3e3a6b3ab38f
22222222-2222-2222-2222-222222222222,2026-08-21T03:55:37.378401Z,695b1879-46d1-4c5b-a76a-a6809490ec65,zoox_robotaxi_2024,arrival,twin,f3a1d43b-789b-4c6c-8f11-3e3a6b3ab38f
22222222-2222-2222-2222-222222222222,2026-08-21T03:55:37.378401Z,838200a0-b464-4eb0-9cab-faaee1f80b5a,zoox_robotaxi_2024,arrival,twin,f3a1d43b-789b-4c6c-8f11-3e3a6b3ab38f
22222222-2222-2222-2222-222222222222,2026-08-21T03:55:37.378401Z,87b6dc31-cb87-4327-83d5-7ac9ffdf4988,zoox_robotaxi_2024,arrival,twin,f3a1d43b-789b-4c6c-8f11-3e3a6b3ab38f
22222222-2222-2222-2222-222222222222,2026-08-21T03:55:37.378401Z,c867df46-fe1c-420c-89cd-39acad72790e,zoox_robotaxi_2024,arrival,twin,f3a1d43b-789b-4c6c-8f11-3e3a6b3ab38f
22222222-2222-2222-2222-222222222222,2026-08-21T03:55:37.378401Z,f7940696-0800-49d0-9405-e1bae1f790e5,zoox_robotaxi_2024,arrival,twin,f3a1d43b-789b-4c6c-8f11-3e3a6b3ab38f
22222222-2222-2222-2222-222222222222,2026-08-21T03:55:37.378401Z,464c07e3-3699-4238-90d6-ea1325d0b36c,tesla_model_y_robotaxi_2024,departure,twin,f3a1d43b-789b-4c6c-8f11-3e3a6b3ab38f
22222222-2222-2222-2222-222222222222,2026-08-21T03:55:37.378401Z,1ea6a5d7-862d-44cc-a387-86cea6bc4fe4,tesla_model_y_robotaxi_2024,departure,twin,f3a1d43b-789b-4c6c-8f11-3e3a6b3ab38f
22222222-2222-2222-2222-222222222222,2026-08-21T03:55:37.378401Z,1c9aff71-a240-4bfe-b55a-d0eaa2ec6116,tesla_model_y_robotaxi_2024,departure,twin,f3a1d43b-789b-4c6c-8f11-3e3a6b3ab38f
22222222-2222-2222-2222-222222222222,2026-08-21T04:02:37.471399Z,64710503-d52c-42ae-bddf-53aec572c4d9,waymo_jaguar_ipace_2024,arrival,twin,da724f40-1aaa-4c4b-a168-2d45b2eb796d
22222222-2222-2222-2222-222222222222,2026-08-21T04:02:37.471399Z,661b3e46-d875-466f-bedd-605fd87ac4d7,waymo_jaguar_ipace_2024,arrival,twin,da724f40-1aaa-4c4b-a168-2d45b2eb796d
22222222-2222-2222-2222-222222222222,2026-08-21T04:02:37.471399Z,6860a969-bb88-416f-a3bf-545884f04aa8,waymo_jaguar_ipace_2024,arrival,twin,da724f40-1aaa-4c4b-a168-2d45b2eb796d
22222222-2222-2222-2222-222222222222,2026-08-21T04:02:37.471399Z,90c00fd5-03c2-4a5c-acdd-1fbcb709dfb2,tesla_model_y_robotaxi_2024,arrival,twin,da724f40-1aaa-4c4b-a168-2d45b2eb796d
22222222-2222-2222-2222-222222222222,2026-08-21T04:02:37.471399Z,ddf31311-e84f-4ef4-915a-c5ed82ae29ff,waymo_jaguar_ipace_2024,arrival,twin,da724f40-1aaa-4c4b-a168-2d45b2eb796d
22222222-2222-2222-2222-222222222222,2026-08-21T04:03:45.566184Z,55a6bddc-f019-4989-a335-81cbde15b44e,zoox_robotaxi_2024,arrival,twin,2010f408-d7c1-4bed-90ed-198fa3e90e87
22222222-2222-2222-2222-222222222222,2026-08-21T04:03:45.566184Z,838200a0-b464-4eb0-9cab-faaee1f80b5a,zoox_robotaxi_2024,arrival,twin,2010f408-d7c1-4bed-90ed-198fa3e90e87
22222222-2222-2222-2222-222222222222,2026-08-21T04:03:45.566184Z,8ed8211d-aaa2-4051-b116-8f9f2501fc51,waymo_jaguar_ipace_2024,arrival,twin,2010f408-d7c1-4bed-90ed-198fa3e90e87
22222222-2222-2222-2222-222222222222,2026-08-21T04:03:45.566184Z,98899633-be7c-42cb-9046-56321fb60f9d,zoox_robotaxi_2024,arrival,twin,2010f408-d7c1-4bed-90ed-198fa3e90e87
22222222-2222-2222-2222-222222222222,2026-08-21T04:03:45.566184Z,c97a907b-eb50-49d4-81d2-ed38c1ab2616,zoox_robotaxi_2024,arrival,twin,2010f408-d7c1-4bed-90ed-198fa3e90e87
22222222-2222-2222-2222-222222222222,2026-08-21T04:03:45.566184Z,f2cc320b-7543-47cf-a66d-37acee233f1b,tesla_model_y_robotaxi_2024,arrival,twin,2010f408-d7c1-4bed-90ed-198fa3e90e87
22222222-2222-2222-2222-222222222222,2026-08-21T04:04:15.878702Z,64710503-d52c-42ae-bddf-53aec572c4d9,waymo_jaguar_ipace_2024,arrival,twin,97b5b360-ecdf-4072-b869-82834cbada14
22222222-2222-2222-2222-222222222222,2026-08-21T04:04:15.878702Z,661b3e46-d875-466f-bedd-605fd87ac4d7,waymo_jaguar_ipace_2024,arrival,twin,97b5b360-ecdf-4072-b869-82834cbada14
22222222-2222-2222-2222-222222222222,2026-08-21T04:04:15.878702Z,6860a969-bb88-416f-a3bf-545884f04aa8,waymo_jaguar_ipace_2024,arrival,twin,97b5b360-ecdf-4072-b869-82834cbada14
22222222-2222-2222-2222-222222222222,2026-08-21T04:04:15.878702Z,90c00fd5-03c2-4a5c-acdd-1fbcb709dfb2,tesla_model_y_robotaxi_2024,arrival,twin,97b5b360-ecdf-4072-b869-82834cbada14
22222222-2222-2222-2222-222222222222,2026-08-21T04:04:15.878702Z,ddf31311-e84f-4ef4-915a-c5ed82ae29ff,waymo_jaguar_ipace_2024,arrival,twin,97b5b360-ecdf-4072-b869-82834cbada14
22222222-2222-2222-2222-222222222222,2026-08-21T04:05:39.028103Z,55a6bddc-f019-4989-a335-81cbde15b44e,zoox_robotaxi_2024,arrival,twin,c507bce2-9e55-4f45-a388-5be005beacfd
22222222-2222-2222-2222-222222222222,2026-08-21T04:05:39.028103Z,838200a0-b464-4eb0-9cab-faaee1f80b5a,zoox_robotaxi_2024,arrival,twin,c507bce2-9e55-4f45-a388-5be005beacfd
22222222-2222-2222-2222-222222222222,2026-08-21T04:05:39.028103Z,8ed8211d-aaa2-4051-b116-8f9f2501fc51,waymo_jaguar_ipace_2024,arrival,twin,c507bce2-9e55-4f45-a388-5be005beacfd
22222222-2222-2222-2222-222222222222,2026-08-21T04:05:39.028103Z,c97a907b-eb50-49d4-81d2-ed38c1ab2616,zoox_robotaxi_2024,arrival,twin,c507bce2-9e55-4f45-a388-5be005beacfd
22222222-2222-2222-2222-222222222222,2026-08-21T04:05:39.028103Z,f2cc320b-7543-47cf-a66d-37acee233f1b,tesla_model_y_robotaxi_2024,arrival,twin,c507bce2-9e55-4f45-a388-5be005beacfd
22222222-2222-2222-2222-222222222222,2026-08-21T04:05:39.028103Z,98899633-be7c-42cb-9046-56321fb60f9d,zoox_robotaxi_2024,arrival,twin,c507bce2-9e55-4f45-a388-5be005beacfd
22222222-2222-2222-2222-222222222222,2026-08-21T04:10:26.979248Z,64710503-d52c-42ae-bddf-53aec572c4d9,waymo_jaguar_ipace_2024,arrival,twin,ead7911f-71e9-4da1-b601-c181e0ffeb1e
22222222-2222-2222-2222-222222222222,2026-08-21T04:10:26.979248Z,6860a969-bb88-416f-a3bf-545884f04aa8,waymo_jaguar_ipace_2024,arrival,twin,ead7911f-71e9-4da1-b601-c181e0ffeb1e
22222222-2222-2222-2222-222222222222,2026-08-21T04:10:26.979248Z,9240c4c6-422b-4ac5-b65d-321faac569ce,waymo_jaguar_ipace_2024,arrival,twin,ead7911f-71e9-4da1-b601-c181e0ffeb1e
22222222-2222-2222-2222-222222222222,2026-08-21T04:10:26.979248Z,c3f78336-f475-4d29-bf59-0261114066ef,tesla_model_y_robotaxi_2024,arrival,twin,ead7911f-71e9-4da1-b601-c181e0ffeb1e
22222222-2222-2222-2222-222222222222,2026-08-21T04:10:26.979248Z,a5af28d4-d135-4617-a379-d20cf703d54d,tesla_model_y_robotaxi_2024,arrival,twin,ead7911f-71e9-4da1-b601-c181e0ffeb1e
22222222-2222-2222-2222-222222222222,2026-08-21T04:10:26.979248Z,48ad6e64-7e84-4de3-8c0c-9d3abfaadb8d,waymo_jaguar_ipace_2024,arrival,twin,ead7911f-71e9-4da1-b601-c181e0ffeb1e
22222222-2222-2222-2222-222222222222,2026-08-21T04:12:23.463724Z,48ad6e64-7e84-4de3-8c0c-9d3abfaadb8d,waymo_jaguar_ipace_2024,arrival,twin,35a907e7-8536-40c4-bf7f-eafa4d5077a7
22222222-2222-2222-2222-222222222222,2026-08-21T04:12:23.463724Z,64710503-d52c-42ae-bddf-53aec572c4d9,waymo_jaguar_ipace_2024,arrival,twin,35a907e7-8536-40c4-bf7f-eafa4d5077a7
22222222-2222-2222-2222-222222222222,2026-08-21T04:12:23.463724Z,6860a969-bb88-416f-a3bf-545884f04aa8,waymo_jaguar_ipace_2024,arrival,twin,35a907e7-8536-40c4-bf7f-eafa4d5077a7
22222222-2222-2222-2222-222222222222,2026-08-21T04:12:23.463724Z,9240c4c6-422b-4ac5-b65d-321faac569ce,waymo_jaguar_ipace_2024,arrival,twin,35a907e7-8536-40c4-bf7f-eafa4d5077a7
22222222-2222-2222-2222-222222222222,2026-08-21T04:12:23.463724Z,a5af28d4-d135-4617-a379-d20cf703d54d,tesla_model_y_robotaxi_2024,arrival,twin,35a907e7-8536-40c4-bf7f-eafa4d5077a7
22222222-2222-2222-2222-222222222222,2026-08-21T04:12:23.463724Z,c3f78336-f475-4d29-bf59-0261114066ef,tesla_model_y_robotaxi_2024,arrival,twin,35a907e7-8536-40c4-bf7f-eafa4d5077a7
22222222-2222-2222-2222-222222222222,2026-08-21T04:25:37.378401Z,55a6bddc-f019-4989-a335-81cbde15b44e,zoox_robotaxi_2024,arrival,twin,f3a1d43b-789b-4c6c-8f11-3e3a6b3ab38f
22222222-2222-2222-2222-222222222222,2026-08-21T04:25:37.378401Z,8d4890b5-dd19-4bf9-b7be-3ef918ff1653,waymo_jaguar_ipace_2024,arrival,twin,f3a1d43b-789b-4c6c-8f11-3e3a6b3ab38f
22222222-2222-2222-2222-222222222222,2026-08-21T04:25:37.378401Z,98899633-be7c-42cb-9046-56321fb60f9d,zoox_robotaxi_2024,arrival,twin,f3a1d43b-789b-4c6c-8f11-3e3a6b3ab38f
22222222-2222-2222-2222-222222222222,2026-08-21T04:25:37.378401Z,f366ac68-5b23-49e7-8d02-0ade68526c5e,zoox_robotaxi_2024,arrival,twin,f3a1d43b-789b-4c6c-8f11-3e3a6b3ab38f
22222222-2222-2222-2222-222222222222,2026-08-21T04:25:37.378401Z,f72a1d21-3532-40ca-a69e-8ef5a4be38a0,zoox_robotaxi_2024,arrival,twin,f3a1d43b-789b-4c6c-8f11-3e3a6b3ab38f
22222222-2222-2222-2222-222222222222,2026-08-21T04:32:37.471399Z,87b6dc31-cb87-4327-83d5-7ac9ffdf4988,zoox_robotaxi_2024,arrival,twin,da724f40-1aaa-4c4b-a168-2d45b2eb796d
22222222-2222-2222-2222-222222222222,2026-08-21T04:32:37.471399Z,51766e8e-fe42-436d-b37a-10215bdb6798,waymo_jaguar_ipace_2024,arrival,twin,da724f40-1aaa-4c4b-a168-2d45b2eb796d
22222222-2222-2222-2222-222222222222,2026-08-21T04:32:37.471399Z,55a6bddc-f019-4989-a335-81cbde15b44e,zoox_robotaxi_2024,arrival,twin,da724f40-1aaa-4c4b-a168-2d45b2eb796d
22222222-2222-2222-2222-222222222222,2026-08-21T04:32:37.471399Z,6bff9287-c9b9-49e3-a94f-36b3543a8b9c,zoox_robotaxi_2024,arrival,twin,da724f40-1aaa-4c4b-a168-2d45b2eb796d
22222222-2222-2222-2222-222222222222,2026-08-21T04:32:37.471399Z,7026f086-5ec4-485c-ae41-87bee8f181f1,waymo_jaguar_ipace_2024,arrival,twin,da724f40-1aaa-4c4b-a168-2d45b2eb796d
22222222-2222-2222-2222-222222222222,2026-08-21T04:32:37.471399Z,8e00a933-eb0f-4d8e-9a0a-1d5b47ae95ed,zoox_robotaxi_2024,arrival,twin,da724f40-1aaa-4c4b-a168-2d45b2eb796d
22222222-2222-2222-2222-222222222222,2026-08-21T04:32:37.471399Z,8ed8211d-aaa2-4051-b116-8f9f2501fc51,waymo_jaguar_ipace_2024,arrival,twin,da724f40-1aaa-4c4b-a168-2d45b2eb796d
22222222-2222-2222-2222-222222222222,2026-08-21T04:32:37.471399Z,983002e6-790f-4e92-9722-b034571c7f47,waymo_jaguar_ipace_2024,arrival,twin,da724f40-1aaa-4c4b-a168-2d45b2eb796d
22222222-2222-2222-2222-222222222222,2026-08-21T04:32:37.471399Z,9e9193b9-e6e9-4f2a-8eaf-bc5dfceec4a2,zoox_robotaxi_2024,arrival,twin,da724f40-1aaa-4c4b-a168-2d45b2eb796d
22222222-2222-2222-2222-222222222222,2026-08-21T04:32:37.471399Z,9ec6cbc8-535e-4984-8fe2-1ac46abb9e00,waymo_jaguar_ipace_2024,arrival,twin,da724f40-1aaa-4c4b-a168-2d45b2eb796d
22222222-2222-2222-2222-222222222222,2026-08-21T04:32:37.471399Z,a5af28d4-d135-4617-a379-d20cf703d54d,tesla_model_y_robotaxi_2024,arrival,twin,da724f40-1aaa-4c4b-a168-2d45b2eb796d
22222222-2222-2222-2222-222222222222,2026-08-21T04:32:37.471399Z,ad5abf3e-30c0-461f-b268-471bbe24986b,zoox_robotaxi_2024,arrival,twin,da724f40-1aaa-4c4b-a168-2d45b2eb796d
22222222-2222-2222-2222-222222222222,2026-08-21T04:32:37.471399Z,bfc95659-513d-4d55-b665-525b9e9e14e5,waymo_jaguar_ipace_2024,arrival,twin,da724f40-1aaa-4c4b-a168-2d45b2eb796d
22222222-2222-2222-2222-222222222222,2026-08-21T04:32:37.471399Z,c3f78336-f475-4d29-bf59-0261114066ef,tesla_model_y_robotaxi_2024,arrival,twin,da724f40-1aaa-4c4b-a168-2d45b2eb796d
22222222-2222-2222-2222-222222222222,2026-08-21T04:32:37.471399Z,c867df46-fe1c-420c-89cd-39acad72790e,zoox_robotaxi_2024,arrival,twin,da724f40-1aaa-4c4b-a168-2d45b2eb796d
22222222-2222-2222-2222-222222222222,2026-08-21T04:32:37.471399Z,c97a907b-eb50-49d4-81d2-ed38c1ab2616,zoox_robotaxi_2024,arrival,twin,da724f40-1aaa-4c4b-a168-2d45b2eb796d
22222222-2222-2222-2222-222222222222,2026-08-21T04:32:37.471399Z,f366ac68-5b23-49e7-8d02-0ade68526c5e,zoox_robotaxi_2024,arrival,twin,da724f40-1aaa-4c4b-a168-2d45b2eb796d
22222222-2222-2222-2222-222222222222,2026-08-21T04:33:45.566184Z,695b1879-46d1-4c5b-a76a-a6809490ec65,zoox_robotaxi_2024,arrival,twin,2010f408-d7c1-4bed-90ed-198fa3e90e87
22222222-2222-2222-2222-222222222222,2026-08-21T04:33:45.566184Z,6bff9287-c9b9-49e3-a94f-36b3543a8b9c,zoox_robotaxi_2024,arrival,twin,2010f408-d7c1-4bed-90ed-198fa3e90e87
22222222-2222-2222-2222-222222222222,2026-08-21T04:33:45.566184Z,78ee0dfd-ba9e-430c-b753-2c589c9183f2,zoox_robotaxi_2024,arrival,twin,2010f408-d7c1-4bed-90ed-198fa3e90e87
22222222-2222-2222-2222-222222222222,2026-08-21T04:33:45.566184Z,87b6dc31-cb87-4327-83d5-7ac9ffdf4988,zoox_robotaxi_2024,arrival,twin,2010f408-d7c1-4bed-90ed-198fa3e90e87
22222222-2222-2222-2222-222222222222,2026-08-21T04:33:45.566184Z,890bef23-55ab-4001-aceb-538b3633cc73,zoox_robotaxi_2024,arrival,twin,2010f408-d7c1-4bed-90ed-198fa3e90e87
22222222-2222-2222-2222-222222222222,2026-08-21T04:33:45.566184Z,8e00a933-eb0f-4d8e-9a0a-1d5b47ae95ed,zoox_robotaxi_2024,arrival,twin,2010f408-d7c1-4bed-90ed-198fa3e90e87
22222222-2222-2222-2222-222222222222,2026-08-21T04:33:45.566184Z,9e9193b9-e6e9-4f2a-8eaf-bc5dfceec4a2,zoox_robotaxi_2024,arrival,twin,2010f408-d7c1-4bed-90ed-198fa3e90e87
22222222-2222-2222-2222-222222222222,2026-08-21T04:33:45.566184Z,b00dca0e-3209-478b-ad8b-7984d7b16a8c,zoox_robotaxi_2024,arrival,twin,2010f408-d7c1-4bed-90ed-198fa3e90e87
22222222-2222-2222-2222-222222222222,2026-08-21T04:33:45.566184Z,c867df46-fe1c-420c-89cd-39acad72790e,zoox_robotaxi_2024,arrival,twin,2010f408-d7c1-4bed-90ed-198fa3e90e87
22222222-2222-2222-2222-222222222222,2026-08-21T04:33:45.566184Z,e91eda35-7043-4ba9-8a16-972b2cc07e39,zoox_robotaxi_2024,arrival,twin,2010f408-d7c1-4bed-90ed-198fa3e90e87
22222222-2222-2222-2222-222222222222,2026-08-21T04:33:45.566184Z,f366ac68-5b23-49e7-8d02-0ade68526c5e,zoox_robotaxi_2024,arrival,twin,2010f408-d7c1-4bed-90ed-198fa3e90e87
22222222-2222-2222-2222-222222222222,2026-08-21T04:33:45.566184Z,f7940696-0800-49d0-9405-e1bae1f790e5,zoox_robotaxi_2024,arrival,twin,2010f408-d7c1-4bed-90ed-198fa3e90e87
22222222-2222-2222-2222-222222222222,2026-08-21T04:33:45.566184Z,9926e267-5f69-4b21-b3ab-b4b3239c1b3b,zoox_robotaxi_2024,arrival,twin,2010f408-d7c1-4bed-90ed-198fa3e90e87
22222222-2222-2222-2222-222222222222,2026-08-21T04:33:45.566184Z,c98ef465-ea69-4da9-a0a8-55a9842b570b,zoox_robotaxi_2024,arrival,twin,2010f408-d7c1-4bed-90ed-198fa3e90e87
22222222-2222-2222-2222-222222222222,2026-08-21T04:33:45.566184Z,4cd2b777-e994-41b3-8542-fdf0f5d88189,waymo_jaguar_ipace_2024,departure,twin,2010f408-d7c1-4bed-90ed-198fa3e90e87
22222222-2222-2222-2222-222222222222,2026-08-21T04:34:15.878702Z,51766e8e-fe42-436d-b37a-10215bdb6798,waymo_jaguar_ipace_2024,arrival,twin,97b5b360-ecdf-4072-b869-82834cbada14
22222222-2222-2222-2222-222222222222,2026-08-21T04:34:15.878702Z,55a6bddc-f019-4989-a335-81cbde15b44e,zoox_robotaxi_2024,arrival,twin,97b5b360-ecdf-4072-b869-82834cbada14
22222222-2222-2222-2222-222222222222,2026-08-21T04:34:15.878702Z,6bff9287-c9b9-49e3-a94f-36b3543a8b9c,zoox_robotaxi_2024,arrival,twin,97b5b360-ecdf-4072-b869-82834cbada14
22222222-2222-2222-2222-222222222222,2026-08-21T04:34:15.878702Z,7026f086-5ec4-485c-ae41-87bee8f181f1,waymo_jaguar_ipace_2024,arrival,twin,97b5b360-ecdf-4072-b869-82834cbada14
22222222-2222-2222-2222-222222222222,2026-08-21T04:34:15.878702Z,87b6dc31-cb87-4327-83d5-7ac9ffdf4988,zoox_robotaxi_2024,arrival,twin,97b5b360-ecdf-4072-b869-82834cbada14
22222222-2222-2222-2222-222222222222,2026-08-21T04:34:15.878702Z,8e00a933-eb0f-4d8e-9a0a-1d5b47ae95ed,zoox_robotaxi_2024,arrival,twin,97b5b360-ecdf-4072-b869-82834cbada14
22222222-2222-2222-2222-222222222222,2026-08-21T04:34:15.878702Z,8ed8211d-aaa2-4051-b116-8f9f2501fc51,waymo_jaguar_ipace_2024,arrival,twin,97b5b360-ecdf-4072-b869-82834cbada14
22222222-2222-2222-2222-222222222222,2026-08-21T04:34:15.878702Z,983002e6-790f-4e92-9722-b034571c7f47,waymo_jaguar_ipace_2024,arrival,twin,97b5b360-ecdf-4072-b869-82834cbada14
22222222-2222-2222-2222-222222222222,2026-08-21T04:34:15.878702Z,9e9193b9-e6e9-4f2a-8eaf-bc5dfceec4a2,zoox_robotaxi_2024,arrival,twin,97b5b360-ecdf-4072-b869-82834cbada14
22222222-2222-2222-2222-222222222222,2026-08-21T04:34:15.878702Z,9ec6cbc8-535e-4984-8fe2-1ac46abb9e00,waymo_jaguar_ipace_2024,arrival,twin,97b5b360-ecdf-4072-b869-82834cbada14
22222222-2222-2222-2222-222222222222,2026-08-21T04:34:15.878702Z,a5af28d4-d135-4617-a379-d20cf703d54d,tesla_model_y_robotaxi_2024,arrival,twin,97b5b360-ecdf-4072-b869-82834cbada14
22222222-2222-2222-2222-222222222222,2026-08-21T04:34:15.878702Z,ad5abf3e-30c0-461f-b268-471bbe24986b,zoox_robotaxi_2024,arrival,twin,97b5b360-ecdf-4072-b869-82834cbada14
22222222-2222-2222-2222-222222222222,2026-08-21T04:34:15.878702Z,bfc95659-513d-4d55-b665-525b9e9e14e5,waymo_jaguar_ipace_2024,arrival,twin,97b5b360-ecdf-4072-b869-82834cbada14
22222222-2222-2222-2222-222222222222,2026-08-21T04:34:15.878702Z,c3f78336-f475-4d29-bf59-0261114066ef,tesla_model_y_robotaxi_2024,arrival,twin,97b5b360-ecdf-4072-b869-82834cbada14
22222222-2222-2222-2222-222222222222,2026-08-21T04:34:15.878702Z,c867df46-fe1c-420c-89cd-39acad72790e,zoox_robotaxi_2024,arrival,twin,97b5b360-ecdf-4072-b869-82834cbada14
22222222-2222-2222-2222-222222222222,2026-08-21T04:34:15.878702Z,c97a907b-eb50-49d4-81d2-ed38c1ab2616,zoox_robotaxi_2024,arrival,twin,97b5b360-ecdf-4072-b869-82834cbada14
22222222-2222-2222-2222-222222222222,2026-08-21T04:34:15.878702Z,f366ac68-5b23-49e7-8d02-0ade68526c5e,zoox_robotaxi_2024,arrival,twin,97b5b360-ecdf-4072-b869-82834cbada14
22222222-2222-2222-2222-222222222222,2026-08-21T04:35:39.028103Z,695b1879-46d1-4c5b-a76a-a6809490ec65,zoox_robotaxi_2024,arrival,twin,c507bce2-9e55-4f45-a388-5be005beacfd
22222222-2222-2222-2222-222222222222,2026-08-21T04:35:39.028103Z,6bff9287-c9b9-49e3-a94f-36b3543a8b9c,zoox_robotaxi_2024,arrival,twin,c507bce2-9e55-4f45-a388-5be005beacfd
22222222-2222-2222-2222-222222222222,2026-08-21T04:35:39.028103Z,78ee0dfd-ba9e-430c-b753-2c589c9183f2,zoox_robotaxi_2024,arrival,twin,c507bce2-9e55-4f45-a388-5be005beacfd
22222222-2222-2222-2222-222222222222,2026-08-21T04:35:39.028103Z,87b6dc31-cb87-4327-83d5-7ac9ffdf4988,zoox_robotaxi_2024,arrival,twin,c507bce2-9e55-4f45-a388-5be005beacfd
22222222-2222-2222-2222-222222222222,2026-08-21T04:35:39.028103Z,890bef23-55ab-4001-aceb-538b3633cc73,zoox_robotaxi_2024,arrival,twin,c507bce2-9e55-4f45-a388-5be005beacfd
22222222-2222-2222-2222-222222222222,2026-08-21T04:35:39.028103Z,8e00a933-eb0f-4d8e-9a0a-1d5b47ae95ed,zoox_robotaxi_2024,arrival,twin,c507bce2-9e55-4f45-a388-5be005beacfd
22222222-2222-2222-2222-222222222222,2026-08-21T04:35:39.028103Z,9926e267-5f69-4b21-b3ab-b4b3239c1b3b,zoox_robotaxi_2024,arrival,twin,c507bce2-9e55-4f45-a388-5be005beacfd
22222222-2222-2222-2222-222222222222,2026-08-21T04:35:39.028103Z,9e9193b9-e6e9-4f2a-8eaf-bc5dfceec4a2,zoox_robotaxi_2024,arrival,twin,c507bce2-9e55-4f45-a388-5be005beacfd
22222222-2222-2222-2222-222222222222,2026-08-21T04:35:39.028103Z,b00dca0e-3209-478b-ad8b-7984d7b16a8c,zoox_robotaxi_2024,arrival,twin,c507bce2-9e55-4f45-a388-5be005beacfd
22222222-2222-2222-2222-222222222222,2026-08-21T04:35:39.028103Z,c867df46-fe1c-420c-89cd-39acad72790e,zoox_robotaxi_2024,arrival,twin,c507bce2-9e55-4f45-a388-5be005beacfd
22222222-2222-2222-2222-222222222222,2026-08-21T04:35:39.028103Z,c98ef465-ea69-4da9-a0a8-55a9842b570b,zoox_robotaxi_2024,arrival,twin,c507bce2-9e55-4f45-a388-5be005beacfd
22222222-2222-2222-2222-222222222222,2026-08-21T04:35:39.028103Z,e91eda35-7043-4ba9-8a16-972b2cc07e39,zoox_robotaxi_2024,arrival,twin,c507bce2-9e55-4f45-a388-5be005beacfd
22222222-2222-2222-2222-222222222222,2026-08-21T04:35:39.028103Z,f366ac68-5b23-49e7-8d02-0ade68526c5e,zoox_robotaxi_2024,arrival,twin,c507bce2-9e55-4f45-a388-5be005beacfd
22222222-2222-2222-2222-222222222222,2026-08-21T04:35:39.028103Z,f7940696-0800-49d0-9405-e1bae1f790e5,zoox_robotaxi_2024,arrival,twin,c507bce2-9e55-4f45-a388-5be005beacfd
22222222-2222-2222-2222-222222222222,2026-08-21T04:35:39.028103Z,14b02ad9-b6f6-4a74-867c-2a6ba9daf8e0,waymo_jaguar_ipace_2024,departure,twin,c507bce2-9e55-4f45-a388-5be005beacfd
22222222-2222-2222-2222-222222222222,2026-08-21T04:40:26.979248Z,4cd2b777-e994-41b3-8542-fdf0f5d88189,waymo_jaguar_ipace_2024,arrival,twin,ead7911f-71e9-4da1-b601-c181e0ffeb1e
22222222-2222-2222-2222-222222222222,2026-08-21T04:40:26.979248Z,51766e8e-fe42-436d-b37a-10215bdb6798,waymo_jaguar_ipace_2024,arrival,twin,ead7911f-71e9-4da1-b601-c181e0ffeb1e
22222222-2222-2222-2222-222222222222,2026-08-21T04:40:26.979248Z,55a6bddc-f019-4989-a335-81cbde15b44e,zoox_robotaxi_2024,arrival,twin,ead7911f-71e9-4da1-b601-c181e0ffeb1e
22222222-2222-2222-2222-222222222222,2026-08-21T04:40:26.979248Z,5e4b54f6-ba19-4a30-9d26-2a4ed4810d6e,waymo_jaguar_ipace_2024,arrival,twin,ead7911f-71e9-4da1-b601-c181e0ffeb1e
22222222-2222-2222-2222-222222222222,2026-08-21T04:40:26.979248Z,618e0836-b6e1-459d-9955-38857bf1cbff,waymo_jaguar_ipace_2024,arrival,twin,ead7911f-71e9-4da1-b601-c181e0ffeb1e
22222222-2222-2222-2222-222222222222,2026-08-21T04:40:26.979248Z,661b3e46-d875-466f-bedd-605fd87ac4d7,waymo_jaguar_ipace_2024,arrival,twin,ead7911f-71e9-4da1-b601-c181e0ffeb1e
22222222-2222-2222-2222-222222222222,2026-08-21T04:40:26.979248Z,7026f086-5ec4-485c-ae41-87bee8f181f1,waymo_jaguar_ipace_2024,arrival,twin,ead7911f-71e9-4da1-b601-c181e0ffeb1e
22222222-2222-2222-2222-222222222222,2026-08-21T04:40:26.979248Z,838200a0-b464-4eb0-9cab-faaee1f80b5a,zoox_robotaxi_2024,arrival,twin,ead7911f-71e9-4da1-b601-c181e0ffeb1e
22222222-2222-2222-2222-222222222222,2026-08-21T04:40:26.979248Z,99860ea8-ecf6-4bb7-8a59-52db6e90e8d9,waymo_jaguar_ipace_2024,arrival,twin,ead7911f-71e9-4da1-b601-c181e0ffeb1e
22222222-2222-2222-2222-222222222222,2026-08-21T04:40:26.979248Z,9ec6cbc8-535e-4984-8fe2-1ac46abb9e00,waymo_jaguar_ipace_2024,arrival,twin,ead7911f-71e9-4da1-b601-c181e0ffeb1e
22222222-2222-2222-2222-222222222222,2026-08-21T04:40:26.979248Z,ad5abf3e-30c0-461f-b268-471bbe24986b,zoox_robotaxi_2024,arrival,twin,ead7911f-71e9-4da1-b601-c181e0ffeb1e
22222222-2222-2222-2222-222222222222,2026-08-21T04:40:26.979248Z,b41ab68e-d488-4102-ba08-502df168a1a1,waymo_jaguar_ipace_2024,arrival,twin,ead7911f-71e9-4da1-b601-c181e0ffeb1e
22222222-2222-2222-2222-222222222222,2026-08-21T04:40:26.979248Z,bfc95659-513d-4d55-b665-525b9e9e14e5,waymo_jaguar_ipace_2024,arrival,twin,ead7911f-71e9-4da1-b601-c181e0ffeb1e
22222222-2222-2222-2222-222222222222,2026-08-21T04:40:26.979248Z,c97a907b-eb50-49d4-81d2-ed38c1ab2616,zoox_robotaxi_2024,arrival,twin,ead7911f-71e9-4da1-b601-c181e0ffeb1e
22222222-2222-2222-2222-222222222222,2026-08-21T04:40:26.979248Z,c98ef465-ea69-4da9-a0a8-55a9842b570b,zoox_robotaxi_2024,arrival,twin,ead7911f-71e9-4da1-b601-c181e0ffeb1e
22222222-2222-2222-2222-222222222222,2026-08-21T04:40:26.979248Z,f7940696-0800-49d0-9405-e1bae1f790e5,zoox_robotaxi_2024,arrival,twin,ead7911f-71e9-4da1-b601-c181e0ffeb1e
22222222-2222-2222-2222-222222222222,2026-08-21T04:40:26.979248Z,98899633-be7c-42cb-9046-56321fb60f9d,zoox_robotaxi_2024,arrival,twin,ead7911f-71e9-4da1-b601-c181e0ffeb1e
22222222-2222-2222-2222-222222222222,2026-08-21T04:42:23.463724Z,4cd2b777-e994-41b3-8542-fdf0f5d88189,waymo_jaguar_ipace_2024,arrival,twin,35a907e7-8536-40c4-bf7f-eafa4d5077a7
22222222-2222-2222-2222-222222222222,2026-08-21T04:42:23.463724Z,51766e8e-fe42-436d-b37a-10215bdb6798,waymo_jaguar_ipace_2024,arrival,twin,35a907e7-8536-40c4-bf7f-eafa4d5077a7
22222222-2222-2222-2222-222222222222,2026-08-21T04:42:23.463724Z,55a6bddc-f019-4989-a335-81cbde15b44e,zoox_robotaxi_2024,arrival,twin,35a907e7-8536-40c4-bf7f-eafa4d5077a7
22222222-2222-2222-2222-222222222222,2026-08-21T04:42:23.463724Z,5e4b54f6-ba19-4a30-9d26-2a4ed4810d6e,waymo_jaguar_ipace_2024,arrival,twin,35a907e7-8536-40c4-bf7f-eafa4d5077a7
22222222-2222-2222-2222-222222222222,2026-08-21T04:42:23.463724Z,618e0836-b6e1-459d-9955-38857bf1cbff,waymo_jaguar_ipace_2024,arrival,twin,35a907e7-8536-40c4-bf7f-eafa4d5077a7
22222222-2222-2222-2222-222222222222,2026-08-21T04:42:23.463724Z,661b3e46-d875-466f-bedd-605fd87ac4d7,waymo_jaguar_ipace_2024,arrival,twin,35a907e7-8536-40c4-bf7f-eafa4d5077a7
22222222-2222-2222-2222-222222222222,2026-08-21T04:42:23.463724Z,7026f086-5ec4-485c-ae41-87bee8f181f1,waymo_jaguar_ipace_2024,arrival,twin,35a907e7-8536-40c4-bf7f-eafa4d5077a7
22222222-2222-2222-2222-222222222222,2026-08-21T04:42:23.463724Z,838200a0-b464-4eb0-9cab-faaee1f80b5a,zoox_robotaxi_2024,arrival,twin,35a907e7-8536-40c4-bf7f-eafa4d5077a7
22222222-2222-2222-2222-222222222222,2026-08-21T04:42:23.463724Z,98899633-be7c-42cb-9046-56321fb60f9d,zoox_robotaxi_2024,arrival,twin,35a907e7-8536-40c4-bf7f-eafa4d5077a7
22222222-2222-2222-2222-222222222222,2026-08-21T04:42:23.463724Z,99860ea8-ecf6-4bb7-8a59-52db6e90e8d9,waymo_jaguar_ipace_2024,arrival,twin,35a907e7-8536-40c4-bf7f-eafa4d5077a7
22222222-2222-2222-2222-222222222222,2026-08-21T04:42:23.463724Z,9ec6cbc8-535e-4984-8fe2-1ac46abb9e00,waymo_jaguar_ipace_2024,arrival,twin,35a907e7-8536-40c4-bf7f-eafa4d5077a7
22222222-2222-2222-2222-222222222222,2026-08-21T04:42:23.463724Z,ad5abf3e-30c0-461f-b268-471bbe24986b,zoox_robotaxi_2024,arrival,twin,35a907e7-8536-40c4-bf7f-eafa4d5077a7
22222222-2222-2222-2222-222222222222,2026-08-21T04:42:23.463724Z,b41ab68e-d488-4102-ba08-502df168a1a1,waymo_jaguar_ipace_2024,arrival,twin,35a907e7-8536-40c4-bf7f-eafa4d5077a7
22222222-2222-2222-2222-222222222222,2026-08-21T04:42:23.463724Z,bfc95659-513d-4d55-b665-525b9e9e14e5,waymo_jaguar_ipace_2024,arrival,twin,35a907e7-8536-40c4-bf7f-eafa4d5077a7
22222222-2222-2222-2222-222222222222,2026-08-21T04:42:23.463724Z,c97a907b-eb50-49d4-81d2-ed38c1ab2616,zoox_robotaxi_2024,arrival,twin,35a907e7-8536-40c4-bf7f-eafa4d5077a7
22222222-2222-2222-2222-222222222222,2026-08-21T04:42:23.463724Z,c98ef465-ea69-4da9-a0a8-55a9842b570b,zoox_robotaxi_2024,arrival,twin,35a907e7-8536-40c4-bf7f-eafa4d5077a7
22222222-2222-2222-2222-222222222222,2026-08-21T04:42:23.463724Z,f7940696-0800-49d0-9405-e1bae1f790e5,zoox_robotaxi_2024,arrival,twin,35a907e7-8536-40c4-bf7f-eafa4d5077a7
22222222-2222-2222-2222-222222222222,2026-08-21T05:32:37.471399Z,e7c0498e-4f61-474f-8934-8864c090cefd,waymo_jaguar_ipace_2024,arrival,twin,da724f40-1aaa-4c4b-a168-2d45b2eb796d
22222222-2222-2222-2222-222222222222,2026-08-21T05:32:37.471399Z,e91eda35-7043-4ba9-8a16-972b2cc07e39,zoox_robotaxi_2024,arrival,twin,da724f40-1aaa-4c4b-a168-2d45b2eb796d
22222222-2222-2222-2222-222222222222,2026-08-21T05:32:37.471399Z,78ee0dfd-ba9e-430c-b753-2c589c9183f2,zoox_robotaxi_2024,arrival,twin,da724f40-1aaa-4c4b-a168-2d45b2eb796d
22222222-2222-2222-2222-222222222222,2026-08-21T05:32:37.471399Z,838200a0-b464-4eb0-9cab-faaee1f80b5a,zoox_robotaxi_2024,arrival,twin,da724f40-1aaa-4c4b-a168-2d45b2eb796d
22222222-2222-2222-2222-222222222222,2026-08-21T05:32:37.471399Z,890bef23-55ab-4001-aceb-538b3633cc73,zoox_robotaxi_2024,arrival,twin,da724f40-1aaa-4c4b-a168-2d45b2eb796d
22222222-2222-2222-2222-222222222222,2026-08-21T05:32:37.471399Z,8d4890b5-dd19-4bf9-b7be-3ef918ff1653,waymo_jaguar_ipace_2024,arrival,twin,da724f40-1aaa-4c4b-a168-2d45b2eb796d
22222222-2222-2222-2222-222222222222,2026-08-21T05:32:37.471399Z,b00dca0e-3209-478b-ad8b-7984d7b16a8c,zoox_robotaxi_2024,arrival,twin,da724f40-1aaa-4c4b-a168-2d45b2eb796d
22222222-2222-2222-2222-222222222222,2026-08-21T05:32:37.471399Z,c98ef465-ea69-4da9-a0a8-55a9842b570b,zoox_robotaxi_2024,arrival,twin,da724f40-1aaa-4c4b-a168-2d45b2eb796d
22222222-2222-2222-2222-222222222222,2026-08-21T05:34:15.878702Z,b00dca0e-3209-478b-ad8b-7984d7b16a8c,zoox_robotaxi_2024,arrival,twin,97b5b360-ecdf-4072-b869-82834cbada14
22222222-2222-2222-2222-222222222222,2026-08-21T05:34:15.878702Z,e7c0498e-4f61-474f-8934-8864c090cefd,waymo_jaguar_ipace_2024,arrival,twin,97b5b360-ecdf-4072-b869-82834cbada14
22222222-2222-2222-2222-222222222222,2026-08-21T05:34:15.878702Z,78ee0dfd-ba9e-430c-b753-2c589c9183f2,zoox_robotaxi_2024,arrival,twin,97b5b360-ecdf-4072-b869-82834cbada14
22222222-2222-2222-2222-222222222222,2026-08-21T05:34:15.878702Z,838200a0-b464-4eb0-9cab-faaee1f80b5a,zoox_robotaxi_2024,arrival,twin,97b5b360-ecdf-4072-b869-82834cbada14
22222222-2222-2222-2222-222222222222,2026-08-21T05:34:15.878702Z,890bef23-55ab-4001-aceb-538b3633cc73,zoox_robotaxi_2024,arrival,twin,97b5b360-ecdf-4072-b869-82834cbada14
22222222-2222-2222-2222-222222222222,2026-08-21T05:34:15.878702Z,8d4890b5-dd19-4bf9-b7be-3ef918ff1653,waymo_jaguar_ipace_2024,arrival,twin,97b5b360-ecdf-4072-b869-82834cbada14
22222222-2222-2222-2222-222222222222,2026-08-21T05:34:15.878702Z,c98ef465-ea69-4da9-a0a8-55a9842b570b,zoox_robotaxi_2024,arrival,twin,97b5b360-ecdf-4072-b869-82834cbada14
22222222-2222-2222-2222-222222222222,2026-08-21T05:34:15.878702Z,e91eda35-7043-4ba9-8a16-972b2cc07e39,zoox_robotaxi_2024,arrival,twin,97b5b360-ecdf-4072-b869-82834cbada14
22222222-2222-2222-2222-222222222222,2026-08-21T05:40:26.979248Z,695b1879-46d1-4c5b-a76a-a6809490ec65,zoox_robotaxi_2024,arrival,twin,ead7911f-71e9-4da1-b601-c181e0ffeb1e
22222222-2222-2222-2222-222222222222,2026-08-21T05:40:26.979248Z,6bff9287-c9b9-49e3-a94f-36b3543a8b9c,zoox_robotaxi_2024,arrival,twin,ead7911f-71e9-4da1-b601-c181e0ffeb1e
22222222-2222-2222-2222-222222222222,2026-08-21T05:40:26.979248Z,78ee0dfd-ba9e-430c-b753-2c589c9183f2,zoox_robotaxi_2024,arrival,twin,ead7911f-71e9-4da1-b601-c181e0ffeb1e
22222222-2222-2222-2222-222222222222,2026-08-21T05:40:26.979248Z,87b6dc31-cb87-4327-83d5-7ac9ffdf4988,zoox_robotaxi_2024,arrival,twin,ead7911f-71e9-4da1-b601-c181e0ffeb1e
22222222-2222-2222-2222-222222222222,2026-08-21T05:40:26.979248Z,890bef23-55ab-4001-aceb-538b3633cc73,zoox_robotaxi_2024,arrival,twin,ead7911f-71e9-4da1-b601-c181e0ffeb1e
22222222-2222-2222-2222-222222222222,2026-08-21T05:40:26.979248Z,9926e267-5f69-4b21-b3ab-b4b3239c1b3b,zoox_robotaxi_2024,arrival,twin,ead7911f-71e9-4da1-b601-c181e0ffeb1e
22222222-2222-2222-2222-222222222222,2026-08-21T05:40:26.979248Z,9e9193b9-e6e9-4f2a-8eaf-bc5dfceec4a2,zoox_robotaxi_2024,arrival,twin,ead7911f-71e9-4da1-b601-c181e0ffeb1e
22222222-2222-2222-2222-222222222222,2026-08-21T05:40:26.979248Z,b00dca0e-3209-478b-ad8b-7984d7b16a8c,zoox_robotaxi_2024,arrival,twin,ead7911f-71e9-4da1-b601-c181e0ffeb1e
22222222-2222-2222-2222-222222222222,2026-08-21T05:40:26.979248Z,e91eda35-7043-4ba9-8a16-972b2cc07e39,zoox_robotaxi_2024,arrival,twin,ead7911f-71e9-4da1-b601-c181e0ffeb1e
22222222-2222-2222-2222-222222222222,2026-08-21T05:40:26.979248Z,f366ac68-5b23-49e7-8d02-0ade68526c5e,zoox_robotaxi_2024,arrival,twin,ead7911f-71e9-4da1-b601-c181e0ffeb1e
22222222-2222-2222-2222-222222222222,2026-08-21T05:40:26.979248Z,f72a1d21-3532-40ca-a69e-8ef5a4be38a0,zoox_robotaxi_2024,arrival,twin,ead7911f-71e9-4da1-b601-c181e0ffeb1e
22222222-2222-2222-2222-222222222222,2026-08-21T05:40:26.979248Z,8e00a933-eb0f-4d8e-9a0a-1d5b47ae95ed,zoox_robotaxi_2024,arrival,twin,ead7911f-71e9-4da1-b601-c181e0ffeb1e
22222222-2222-2222-2222-222222222222,2026-08-21T05:40:26.979248Z,5b8524d6-260b-448c-a9ae-9e18e9cada45,waymo_jaguar_ipace_2024,departure,twin,ead7911f-71e9-4da1-b601-c181e0ffeb1e
22222222-2222-2222-2222-222222222222,2026-08-21T05:40:26.979248Z,728d5880-36bc-4b47-b535-4544580ec303,tesla_model_y_robotaxi_2024,departure,twin,ead7911f-71e9-4da1-b601-c181e0ffeb1e
22222222-2222-2222-2222-222222222222,2026-08-21T05:42:23.463724Z,695b1879-46d1-4c5b-a76a-a6809490ec65,zoox_robotaxi_2024,arrival,twin,35a907e7-8536-40c4-bf7f-eafa4d5077a7
22222222-2222-2222-2222-222222222222,2026-08-21T05:42:23.463724Z,6bff9287-c9b9-49e3-a94f-36b3543a8b9c,zoox_robotaxi_2024,arrival,twin,35a907e7-8536-40c4-bf7f-eafa4d5077a7
22222222-2222-2222-2222-222222222222,2026-08-21T05:42:23.463724Z,87b6dc31-cb87-4327-83d5-7ac9ffdf4988,zoox_robotaxi_2024,arrival,twin,35a907e7-8536-40c4-bf7f-eafa4d5077a7
22222222-2222-2222-2222-222222222222,2026-08-21T05:42:23.463724Z,8e00a933-eb0f-4d8e-9a0a-1d5b47ae95ed,zoox_robotaxi_2024,arrival,twin,35a907e7-8536-40c4-bf7f-eafa4d5077a7
22222222-2222-2222-2222-222222222222,2026-08-21T05:42:23.463724Z,9e9193b9-e6e9-4f2a-8eaf-bc5dfceec4a2,zoox_robotaxi_2024,arrival,twin,35a907e7-8536-40c4-bf7f-eafa4d5077a7
22222222-2222-2222-2222-222222222222,2026-08-21T05:42:23.463724Z,b00dca0e-3209-478b-ad8b-7984d7b16a8c,zoox_robotaxi_2024,arrival,twin,35a907e7-8536-40c4-bf7f-eafa4d5077a7
22222222-2222-2222-2222-222222222222,2026-08-21T05:42:23.463724Z,f366ac68-5b23-49e7-8d02-0ade68526c5e,zoox_robotaxi_2024,arrival,twin,35a907e7-8536-40c4-bf7f-eafa4d5077a7
22222222-2222-2222-2222-222222222222,2026-08-21T05:42:23.463724Z,f72a1d21-3532-40ca-a69e-8ef5a4be38a0,zoox_robotaxi_2024,arrival,twin,35a907e7-8536-40c4-bf7f-eafa4d5077a7
22222222-2222-2222-2222-222222222222,2026-08-21T06:32:37.471399Z,4992b1fa-fc81-445e-a203-657094d89f18,waymo_jaguar_ipace_2024,arrival,twin,da724f40-1aaa-4c4b-a168-2d45b2eb796d
22222222-2222-2222-2222-222222222222,2026-08-21T06:34:15.878702Z,4992b1fa-fc81-445e-a203-657094d89f18,waymo_jaguar_ipace_2024,arrival,twin,97b5b360-ecdf-4072-b869-82834cbada14
22222222-2222-2222-2222-222222222222,2026-08-21T06:42:23.463724Z,e91eda35-7043-4ba9-8a16-972b2cc07e39,zoox_robotaxi_2024,arrival,twin,35a907e7-8536-40c4-bf7f-eafa4d5077a7
22222222-2222-2222-2222-222222222222,2026-08-21T07:02:37.471399Z,618e0836-b6e1-459d-9955-38857bf1cbff,waymo_jaguar_ipace_2024,arrival,twin,da724f40-1aaa-4c4b-a168-2d45b2eb796d
22222222-2222-2222-2222-222222222222,2026-08-21T07:02:37.471399Z,9926e267-5f69-4b21-b3ab-b4b3239c1b3b,zoox_robotaxi_2024,arrival,twin,da724f40-1aaa-4c4b-a168-2d45b2eb796d
22222222-2222-2222-2222-222222222222,2026-08-21T07:32:37.471399Z,cef7d122-6498-4555-8eba-8a6d51644d74,tesla_model_y_robotaxi_2024,arrival,twin,da724f40-1aaa-4c4b-a168-2d45b2eb796d
22222222-2222-2222-2222-222222222222,2026-08-21T07:34:15.878702Z,cef7d122-6498-4555-8eba-8a6d51644d74,tesla_model_y_robotaxi_2024,arrival,twin,97b5b360-ecdf-4072-b869-82834cbada14
22222222-2222-2222-2222-222222222222,2026-08-21T07:42:23.463724Z,9926e267-5f69-4b21-b3ab-b4b3239c1b3b,zoox_robotaxi_2024,arrival,twin,35a907e7-8536-40c4-bf7f-eafa4d5077a7
22222222-2222-2222-2222-222222222222,2026-08-21T09:02:37.471399Z,45c66200-75cd-4f06-a41f-6534e1c311aa,zoox_robotaxi_2024,departure,twin,da724f40-1aaa-4c4b-a168-2d45b2eb796d
22222222-2222-2222-2222-222222222222,2026-08-21T09:02:37.471399Z,524312ab-2416-46fd-aebb-34d785ef7da6,waymo_jaguar_ipace_2024,departure,twin,da724f40-1aaa-4c4b-a168-2d45b2eb796d
22222222-2222-2222-2222-222222222222,2026-08-21T09:02:37.471399Z,5e4b54f6-ba19-4a30-9d26-2a4ed4810d6e,waymo_jaguar_ipace_2024,departure,twin,da724f40-1aaa-4c4b-a168-2d45b2eb796d
22222222-2222-2222-2222-222222222222,2026-08-21T09:02:37.471399Z,b41ab68e-d488-4102-ba08-502df168a1a1,waymo_jaguar_ipace_2024,departure,twin,da724f40-1aaa-4c4b-a168-2d45b2eb796d
22222222-2222-2222-2222-222222222222,2026-08-21T09:02:37.471399Z,f7940696-0800-49d0-9405-e1bae1f790e5,zoox_robotaxi_2024,departure,twin,da724f40-1aaa-4c4b-a168-2d45b2eb796d
22222222-2222-2222-2222-222222222222,2026-08-21T09:04:15.878702Z,45c66200-75cd-4f06-a41f-6534e1c311aa,zoox_robotaxi_2024,departure,twin,97b5b360-ecdf-4072-b869-82834cbada14
22222222-2222-2222-2222-222222222222,2026-08-21T09:04:15.878702Z,5e4b54f6-ba19-4a30-9d26-2a4ed4810d6e,waymo_jaguar_ipace_2024,departure,twin,97b5b360-ecdf-4072-b869-82834cbada14
22222222-2222-2222-2222-222222222222,2026-08-21T09:04:15.878702Z,b41ab68e-d488-4102-ba08-502df168a1a1,waymo_jaguar_ipace_2024,departure,twin,97b5b360-ecdf-4072-b869-82834cbada14
22222222-2222-2222-2222-222222222222,2026-08-21T10:02:37.471399Z,45c66200-75cd-4f06-a41f-6534e1c311aa,zoox_robotaxi_2024,arrival,twin,da724f40-1aaa-4c4b-a168-2d45b2eb796d
22222222-2222-2222-2222-222222222222,2026-08-21T10:02:37.471399Z,695b1879-46d1-4c5b-a76a-a6809490ec65,zoox_robotaxi_2024,departure,twin,da724f40-1aaa-4c4b-a168-2d45b2eb796d
22222222-2222-2222-2222-222222222222,2026-08-21T10:02:37.471399Z,98899633-be7c-42cb-9046-56321fb60f9d,zoox_robotaxi_2024,departure,twin,da724f40-1aaa-4c4b-a168-2d45b2eb796d
22222222-2222-2222-2222-222222222222,2026-08-21T10:02:37.471399Z,a6e9c009-82e7-4c32-b9be-d3feaad294ca,waymo_jaguar_ipace_2024,departure,twin,da724f40-1aaa-4c4b-a168-2d45b2eb796d
22222222-2222-2222-2222-222222222222,2026-08-21T10:02:37.471399Z,f72a1d21-3532-40ca-a69e-8ef5a4be38a0,zoox_robotaxi_2024,departure,twin,da724f40-1aaa-4c4b-a168-2d45b2eb796d
22222222-2222-2222-2222-222222222222,2026-08-21T10:04:15.878702Z,618e0836-b6e1-459d-9955-38857bf1cbff,waymo_jaguar_ipace_2024,arrival,twin,97b5b360-ecdf-4072-b869-82834cbada14
22222222-2222-2222-2222-222222222222,2026-08-21T10:04:15.878702Z,524312ab-2416-46fd-aebb-34d785ef7da6,waymo_jaguar_ipace_2024,departure,twin,97b5b360-ecdf-4072-b869-82834cbada14
22222222-2222-2222-2222-222222222222,2026-08-21T10:04:15.878702Z,695b1879-46d1-4c5b-a76a-a6809490ec65,zoox_robotaxi_2024,departure,twin,97b5b360-ecdf-4072-b869-82834cbada14
22222222-2222-2222-2222-222222222222,2026-08-21T10:04:15.878702Z,98899633-be7c-42cb-9046-56321fb60f9d,zoox_robotaxi_2024,departure,twin,97b5b360-ecdf-4072-b869-82834cbada14
22222222-2222-2222-2222-222222222222,2026-08-21T10:04:15.878702Z,a6e9c009-82e7-4c32-b9be-d3feaad294ca,waymo_jaguar_ipace_2024,departure,twin,97b5b360-ecdf-4072-b869-82834cbada14
22222222-2222-2222-2222-222222222222,2026-08-21T10:04:15.878702Z,f72a1d21-3532-40ca-a69e-8ef5a4be38a0,zoox_robotaxi_2024,departure,twin,97b5b360-ecdf-4072-b869-82834cbada14
22222222-2222-2222-2222-222222222222,2026-08-21T10:04:15.878702Z,f7940696-0800-49d0-9405-e1bae1f790e5,zoox_robotaxi_2024,departure,twin,97b5b360-ecdf-4072-b869-82834cbada14
22222222-2222-2222-2222-222222222222,2026-08-22T22:00:00Z,1aacf90d-d4e1-415e-ba09-603c306dffef,zoox_robotaxi_2024,departure,twin,88ed727f-0e50-40db-a463-5b599cec52e5
22222222-2222-2222-2222-222222222222,2026-08-22T22:00:00Z,695b1879-46d1-4c5b-a76a-a6809490ec65,zoox_robotaxi_2024,departure,twin,88ed727f-0e50-40db-a463-5b599cec52e5
22222222-2222-2222-2222-222222222222,2026-08-22T22:00:00Z,6bff9287-c9b9-49e3-a94f-36b3543a8b9c,zoox_robotaxi_2024,departure,twin,88ed727f-0e50-40db-a463-5b599cec52e5
22222222-2222-2222-2222-222222222222,2026-08-22T22:00:00Z,87b6dc31-cb87-4327-83d5-7ac9ffdf4988,zoox_robotaxi_2024,departure,twin,88ed727f-0e50-40db-a463-5b599cec52e5
22222222-2222-2222-2222-222222222222,2026-08-22T22:00:00Z,890bef23-55ab-4001-aceb-538b3633cc73,zoox_robotaxi_2024,departure,twin,88ed727f-0e50-40db-a463-5b599cec52e5
22222222-2222-2222-2222-222222222222,2026-08-22T22:00:00Z,19b9bcf6-0586-4238-b70e-9ce1d490efe9,zoox_robotaxi_2024,departure,twin,88ed727f-0e50-40db-a463-5b599cec52e5
22222222-2222-2222-2222-222222222222,2026-08-22T22:00:00Z,4374f6a6-aa2e-4298-8fa2-1b30da90280e,zoox_robotaxi_2024,departure,twin,88ed727f-0e50-40db-a463-5b599cec52e5
22222222-2222-2222-2222-222222222222,2026-08-22T22:00:00Z,78ee0dfd-ba9e-430c-b753-2c589c9183f2,zoox_robotaxi_2024,departure,twin,88ed727f-0e50-40db-a463-5b599cec52e5
22222222-2222-2222-2222-222222222222,2026-08-22T22:00:00Z,7026f086-5ec4-485c-ae41-87bee8f181f1,waymo_jaguar_ipace_2024,departure,twin,88ed727f-0e50-40db-a463-5b599cec52e5
22222222-2222-2222-2222-222222222222,2026-08-22T22:00:00Z,98899633-be7c-42cb-9046-56321fb60f9d,zoox_robotaxi_2024,departure,twin,88ed727f-0e50-40db-a463-5b599cec52e5
22222222-2222-2222-2222-222222222222,2026-08-22T22:00:00Z,9926e267-5f69-4b21-b3ab-b4b3239c1b3b,zoox_robotaxi_2024,departure,twin,88ed727f-0e50-40db-a463-5b599cec52e5
22222222-2222-2222-2222-222222222222,2026-08-22T22:00:00Z,99860ea8-ecf6-4bb7-8a59-52db6e90e8d9,waymo_jaguar_ipace_2024,departure,twin,88ed727f-0e50-40db-a463-5b599cec52e5
22222222-2222-2222-2222-222222222222,2026-08-22T22:00:00Z,9e9193b9-e6e9-4f2a-8eaf-bc5dfceec4a2,zoox_robotaxi_2024,departure,twin,88ed727f-0e50-40db-a463-5b599cec52e5
22222222-2222-2222-2222-222222222222,2026-08-22T22:00:00Z,a5af28d4-d135-4617-a379-d20cf703d54d,tesla_model_y_robotaxi_2024,departure,twin,88ed727f-0e50-40db-a463-5b599cec52e5
22222222-2222-2222-2222-222222222222,2026-08-22T22:00:00Z,a6e9c009-82e7-4c32-b9be-d3feaad294ca,waymo_jaguar_ipace_2024,departure,twin,88ed727f-0e50-40db-a463-5b599cec52e5
22222222-2222-2222-2222-222222222222,2026-08-22T22:00:00Z,acba173d-89ed-4221-a7f7-52ae57693c67,tesla_model_y_robotaxi_2024,departure,twin,88ed727f-0e50-40db-a463-5b599cec52e5
22222222-2222-2222-2222-222222222222,2026-08-22T22:00:00Z,ad5abf3e-30c0-461f-b268-471bbe24986b,zoox_robotaxi_2024,departure,twin,88ed727f-0e50-40db-a463-5b599cec52e5
22222222-2222-2222-2222-222222222222,2026-08-22T22:00:00Z,b00dca0e-3209-478b-ad8b-7984d7b16a8c,zoox_robotaxi_2024,departure,twin,88ed727f-0e50-40db-a463-5b599cec52e5
22222222-2222-2222-2222-222222222222,2026-08-22T22:00:00Z,b6e8b116-0650-4d3b-b4d7-d78bd454f7e0,tesla_model_y_robotaxi_2024,departure,twin,88ed727f-0e50-40db-a463-5b599cec52e5
22222222-2222-2222-2222-222222222222,2026-08-22T22:00:00Z,ba70312c-6d2b-4c96-92a9-86c31ca2ca63,tesla_model_y_robotaxi_2024,departure,twin,88ed727f-0e50-40db-a463-5b599cec52e5
22222222-2222-2222-2222-222222222222,2026-08-22T22:00:00Z,bfc95659-513d-4d55-b665-525b9e9e14e5,waymo_jaguar_ipace_2024,departure,twin,88ed727f-0e50-40db-a463-5b599cec52e5
22222222-2222-2222-2222-222222222222,2026-08-22T22:00:00Z,c1b40f85-c4e3-40c7-afba-d1aec9ed876b,waymo_jaguar_ipace_2024,departure,twin,88ed727f-0e50-40db-a463-5b599cec52e5
22222222-2222-2222-2222-222222222222,2026-08-22T22:00:00Z,c5a58859-4282-42de-b596-0a4f433e05f1,tesla_model_y_robotaxi_2024,departure,twin,88ed727f-0e50-40db-a463-5b599cec52e5
22222222-2222-2222-2222-222222222222,2026-08-22T22:00:00Z,c8663fd7-b423-4398-9a18-a2ba5310feb7,tesla_model_y_robotaxi_2024,departure,twin,88ed727f-0e50-40db-a463-5b599cec52e5
22222222-2222-2222-2222-222222222222,2026-08-22T22:00:00Z,c867df46-fe1c-420c-89cd-39acad72790e,zoox_robotaxi_2024,departure,twin,88ed727f-0e50-40db-a463-5b599cec52e5
22222222-2222-2222-2222-222222222222,2026-08-22T22:00:00Z,c97a907b-eb50-49d4-81d2-ed38c1ab2616,zoox_robotaxi_2024,departure,twin,88ed727f-0e50-40db-a463-5b599cec52e5
22222222-2222-2222-2222-222222222222,2026-08-22T22:00:00Z,c98ef465-ea69-4da9-a0a8-55a9842b570b,zoox_robotaxi_2024,departure,twin,88ed727f-0e50-40db-a463-5b599cec52e5
22222222-2222-2222-2222-222222222222,2026-08-22T22:00:00Z,cef7d122-6498-4555-8eba-8a6d51644d74,tesla_model_y_robotaxi_2024,departure,twin,88ed727f-0e50-40db-a463-5b599cec52e5
22222222-2222-2222-2222-222222222222,2026-08-22T22:00:00Z,dbade82d-51ef-40bf-b21b-8103ad487d91,tesla_model_y_robotaxi_2024,departure,twin,88ed727f-0e50-40db-a463-5b599cec52e5
22222222-2222-2222-2222-222222222222,2026-08-22T22:00:00Z,ddf31311-e84f-4ef4-915a-c5ed82ae29ff,waymo_jaguar_ipace_2024,departure,twin,88ed727f-0e50-40db-a463-5b599cec52e5
22222222-2222-2222-2222-222222222222,2026-08-22T22:00:00Z,e7c0498e-4f61-474f-8934-8864c090cefd,waymo_jaguar_ipace_2024,departure,twin,88ed727f-0e50-40db-a463-5b599cec52e5
22222222-2222-2222-2222-222222222222,2026-08-22T22:00:00Z,f1776816-85e4-4ed0-8890-fe115c1c9f73,waymo_jaguar_ipace_2024,departure,twin,88ed727f-0e50-40db-a463-5b599cec52e5
22222222-2222-2222-2222-222222222222,2026-08-22T22:00:00Z,f366ac68-5b23-49e7-8d02-0ade68526c5e,zoox_robotaxi_2024,departure,twin,88ed727f-0e50-40db-a463-5b599cec52e5
22222222-2222-2222-2222-222222222222,2026-08-22T22:00:00Z,f72a1d21-3532-40ca-a69e-8ef5a4be38a0,zoox_robotaxi_2024,departure,twin,88ed727f-0e50-40db-a463-5b599cec52e5
22222222-2222-2222-2222-222222222222,2026-08-22T22:00:00Z,f7940696-0800-49d0-9405-e1bae1f790e5,zoox_robotaxi_2024,departure,twin,88ed727f-0e50-40db-a463-5b599cec52e5
22222222-2222-2222-2222-222222222222,2026-08-22T22:00:00Z,03812c6f-407b-4782-858f-c15cdbaf8de7,waymo_jaguar_ipace_2024,departure,twin,88ed727f-0e50-40db-a463-5b599cec52e5
22222222-2222-2222-2222-222222222222,2026-08-22T22:00:00Z,0b8d2e11-fac3-40f3-883e-1d37cb7e6da5,waymo_jaguar_ipace_2024,departure,twin,88ed727f-0e50-40db-a463-5b599cec52e5
22222222-2222-2222-2222-222222222222,2026-08-22T22:00:00Z,0bfd4d59-44f9-4a57-8c06-51bc00a2a6b9,tesla_model_y_robotaxi_2024,departure,twin,88ed727f-0e50-40db-a463-5b599cec52e5
22222222-2222-2222-2222-222222222222,2026-08-22T22:00:00Z,10b4f941-b257-4571-948d-cc7b72d0fb52,tesla_model_y_robotaxi_2024,departure,twin,88ed727f-0e50-40db-a463-5b599cec52e5
22222222-2222-2222-2222-222222222222,2026-08-22T22:00:00Z,1520dd3c-3658-4cd5-ad83-8c73c35e97c9,tesla_model_y_robotaxi_2024,departure,twin,88ed727f-0e50-40db-a463-5b599cec52e5
22222222-2222-2222-2222-222222222222,2026-08-22T22:00:00Z,1c9aff71-a240-4bfe-b55a-d0eaa2ec6116,tesla_model_y_robotaxi_2024,departure,twin,88ed727f-0e50-40db-a463-5b599cec52e5
22222222-2222-2222-2222-222222222222,2026-08-22T22:00:00Z,25061aa9-5a61-481b-acee-0aa08dd7066f,tesla_model_y_robotaxi_2024,departure,twin,88ed727f-0e50-40db-a463-5b599cec52e5
22222222-2222-2222-2222-222222222222,2026-08-22T22:00:00Z,2547bf99-05c5-4055-9daa-c9e2a99da11d,tesla_model_y_robotaxi_2024,departure,twin,88ed727f-0e50-40db-a463-5b599cec52e5
22222222-2222-2222-2222-222222222222,2026-08-22T22:00:00Z,2be09ec0-e78a-4cd8-9f80-fceeb1c33e71,tesla_model_y_robotaxi_2024,departure,twin,88ed727f-0e50-40db-a463-5b599cec52e5
22222222-2222-2222-2222-222222222222,2026-08-22T22:00:00Z,32b62034-d7c6-4dbd-b9a4-78e708ec4c1c,waymo_jaguar_ipace_2024,departure,twin,88ed727f-0e50-40db-a463-5b599cec52e5
22222222-2222-2222-2222-222222222222,2026-08-22T22:00:00Z,36ff94e5-663b-408d-bebc-3d56508d4996,tesla_model_y_robotaxi_2024,departure,twin,88ed727f-0e50-40db-a463-5b599cec52e5
22222222-2222-2222-2222-222222222222,2026-08-22T22:00:00Z,3b6f1eb7-15f4-48e5-956c-9b261b9fcae1,waymo_jaguar_ipace_2024,departure,twin,88ed727f-0e50-40db-a463-5b599cec52e5
22222222-2222-2222-2222-222222222222,2026-08-22T22:00:00Z,3fc2148f-fe15-42b9-8e9a-619351c746e4,waymo_jaguar_ipace_2024,departure,twin,88ed727f-0e50-40db-a463-5b599cec52e5
22222222-2222-2222-2222-222222222222,2026-08-22T22:00:00Z,4732bf55-398f-4430-bc4c-0d14d4b89e2e,waymo_jaguar_ipace_2024,departure,twin,88ed727f-0e50-40db-a463-5b599cec52e5
22222222-2222-2222-2222-222222222222,2026-08-22T22:00:00Z,48ad6e64-7e84-4de3-8c0c-9d3abfaadb8d,waymo_jaguar_ipace_2024,departure,twin,88ed727f-0e50-40db-a463-5b599cec52e5
22222222-2222-2222-2222-222222222222,2026-08-22T22:00:00Z,4992b1fa-fc81-445e-a203-657094d89f18,waymo_jaguar_ipace_2024,departure,twin,88ed727f-0e50-40db-a463-5b599cec52e5
22222222-2222-2222-2222-222222222222,2026-08-22T22:00:00Z,4a35c33f-b875-4cc6-a54d-85060633b711,waymo_jaguar_ipace_2024,departure,twin,88ed727f-0e50-40db-a463-5b599cec52e5
22222222-2222-2222-2222-222222222222,2026-08-22T22:00:00Z,4ce2666e-66b5-4053-9b4c-c8ad06a46557,tesla_model_y_robotaxi_2024,departure,twin,88ed727f-0e50-40db-a463-5b599cec52e5
22222222-2222-2222-2222-222222222222,2026-08-22T22:00:00Z,524312ab-2416-46fd-aebb-34d785ef7da6,waymo_jaguar_ipace_2024,departure,twin,88ed727f-0e50-40db-a463-5b599cec52e5
22222222-2222-2222-2222-222222222222,2026-08-22T22:00:00Z,53e3dc12-2d7e-4d7b-8dbf-79a5eeef13ce,tesla_model_y_robotaxi_2024,departure,twin,88ed727f-0e50-40db-a463-5b599cec52e5
22222222-2222-2222-2222-222222222222,2026-08-22T22:00:00Z,5dfd9db9-4262-4a7f-8f7e-055ce7a5e426,tesla_model_y_robotaxi_2024,departure,twin,88ed727f-0e50-40db-a463-5b599cec52e5
22222222-2222-2222-2222-222222222222,2026-08-22T22:00:00Z,6860a969-bb88-416f-a3bf-545884f04aa8,waymo_jaguar_ipace_2024,departure,twin,88ed727f-0e50-40db-a463-5b599cec52e5
22222222-2222-2222-2222-222222222222,2026-08-22T22:00:00Z,6e5c4806-1191-4b8b-b750-d38231213a1b,tesla_model_y_robotaxi_2024,departure,twin,88ed727f-0e50-40db-a463-5b599cec52e5
22222222-2222-2222-2222-222222222222,2026-08-22T22:00:00Z,964bd583-6d45-459b-8bca-4c415c0993d3,tesla_model_y_robotaxi_2024,departure,twin,88ed727f-0e50-40db-a463-5b599cec52e5
22222222-2222-2222-2222-222222222222,2026-08-22T22:00:00Z,053b8abd-e2b6-4b19-9bfc-314430947773,waymo_jaguar_ipace_2024,departure,twin,88ed727f-0e50-40db-a463-5b599cec52e5
22222222-2222-2222-2222-222222222222,2026-08-22T22:00:00Z,2879307e-1fde-41ca-9309-d0aa11357436,waymo_jaguar_ipace_2024,departure,twin,88ed727f-0e50-40db-a463-5b599cec52e5
22222222-2222-2222-2222-222222222222,2026-08-22T22:00:00Z,3e88b963-abb9-415c-9637-fa8002b0074d,waymo_jaguar_ipace_2024,departure,twin,88ed727f-0e50-40db-a463-5b599cec52e5
22222222-2222-2222-2222-222222222222,2026-08-22T22:00:00Z,4cd2b777-e994-41b3-8542-fdf0f5d88189,waymo_jaguar_ipace_2024,departure,twin,88ed727f-0e50-40db-a463-5b599cec52e5
22222222-2222-2222-2222-222222222222,2026-08-22T22:00:00Z,8d4890b5-dd19-4bf9-b7be-3ef918ff1653,waymo_jaguar_ipace_2024,departure,twin,88ed727f-0e50-40db-a463-5b599cec52e5
22222222-2222-2222-2222-222222222222,2026-08-22T22:00:00Z,90c00fd5-03c2-4a5c-acdd-1fbcb709dfb2,tesla_model_y_robotaxi_2024,departure,twin,88ed727f-0e50-40db-a463-5b599cec52e5
22222222-2222-2222-2222-222222222222,2026-08-22T22:00:00Z,9240c4c6-422b-4ac5-b65d-321faac569ce,waymo_jaguar_ipace_2024,departure,twin,88ed727f-0e50-40db-a463-5b599cec52e5
22222222-2222-2222-2222-222222222222,2026-08-22T22:00:00Z,00d5597b-d714-470c-b86c-95e8f4f600ce,waymo_jaguar_ipace_2024,departure,twin,88ed727f-0e50-40db-a463-5b599cec52e5
22222222-2222-2222-2222-222222222222,2026-08-22T22:00:00Z,01b10692-0e0e-42c5-9889-f461f60471cf,zoox_robotaxi_2024,departure,twin,88ed727f-0e50-40db-a463-5b599cec52e5
22222222-2222-2222-2222-222222222222,2026-08-22T22:00:00Z,0d13e7d4-4707-44be-a233-8a3e849a23c5,waymo_jaguar_ipace_2024,departure,twin,88ed727f-0e50-40db-a463-5b599cec52e5
22222222-2222-2222-2222-222222222222,2026-08-22T22:00:00Z,138f4a23-c5c8-4b89-96a0-c72ebb6aee0c,tesla_model_y_robotaxi_2024,departure,twin,88ed727f-0e50-40db-a463-5b599cec52e5
22222222-2222-2222-2222-222222222222,2026-08-22T22:00:00Z,14b02ad9-b6f6-4a74-867c-2a6ba9daf8e0,waymo_jaguar_ipace_2024,departure,twin,88ed727f-0e50-40db-a463-5b599cec52e5
22222222-2222-2222-2222-222222222222,2026-08-22T22:00:00Z,19ec1471-8525-4d88-801f-4cfee46f5ded,zoox_robotaxi_2024,departure,twin,88ed727f-0e50-40db-a463-5b599cec52e5
22222222-2222-2222-2222-222222222222,2026-08-22T22:00:00Z,51766e8e-fe42-436d-b37a-10215bdb6798,waymo_jaguar_ipace_2024,departure,twin,88ed727f-0e50-40db-a463-5b599cec52e5
22222222-2222-2222-2222-222222222222,2026-08-22T22:00:00Z,55a6bddc-f019-4989-a335-81cbde15b44e,zoox_robotaxi_2024,departure,twin,88ed727f-0e50-40db-a463-5b599cec52e5
22222222-2222-2222-2222-222222222222,2026-08-22T22:00:00Z,5b8524d6-260b-448c-a9ae-9e18e9cada45,waymo_jaguar_ipace_2024,departure,twin,88ed727f-0e50-40db-a463-5b599cec52e5
22222222-2222-2222-2222-222222222222,2026-08-22T22:00:00Z,5e4b54f6-ba19-4a30-9d26-2a4ed4810d6e,waymo_jaguar_ipace_2024,departure,twin,88ed727f-0e50-40db-a463-5b599cec52e5
22222222-2222-2222-2222-222222222222,2026-08-22T22:00:00Z,618e0836-b6e1-459d-9955-38857bf1cbff,waymo_jaguar_ipace_2024,departure,twin,88ed727f-0e50-40db-a463-5b599cec52e5
22222222-2222-2222-2222-222222222222,2026-08-22T22:00:00Z,64710503-d52c-42ae-bddf-53aec572c4d9,waymo_jaguar_ipace_2024,departure,twin,88ed727f-0e50-40db-a463-5b599cec52e5
22222222-2222-2222-2222-222222222222,2026-08-22T22:00:00Z,838200a0-b464-4eb0-9cab-faaee1f80b5a,zoox_robotaxi_2024,departure,twin,88ed727f-0e50-40db-a463-5b599cec52e5
22222222-2222-2222-2222-222222222222,2026-08-22T22:00:00Z,8e00a933-eb0f-4d8e-9a0a-1d5b47ae95ed,zoox_robotaxi_2024,departure,twin,88ed727f-0e50-40db-a463-5b599cec52e5
22222222-2222-2222-2222-222222222222,2026-08-22T22:00:00Z,8ed8211d-aaa2-4051-b116-8f9f2501fc51,waymo_jaguar_ipace_2024,departure,twin,88ed727f-0e50-40db-a463-5b599cec52e5
22222222-2222-2222-2222-222222222222,2026-08-22T22:00:00Z,970832d1-8185-4eb5-8d10-c1cbe44c9283,waymo_jaguar_ipace_2024,departure,twin,88ed727f-0e50-40db-a463-5b599cec52e5
22222222-2222-2222-2222-222222222222,2026-08-22T22:00:00Z,45c66200-75cd-4f06-a41f-6534e1c311aa,zoox_robotaxi_2024,departure,twin,88ed727f-0e50-40db-a463-5b599cec52e5
22222222-2222-2222-2222-222222222222,2026-08-22T22:00:00Z,02734f04-7f30-40eb-beb2-36e5d401c697,zoox_robotaxi_2024,departure,twin,88ed727f-0e50-40db-a463-5b599cec52e5
22222222-2222-2222-2222-222222222222,2026-08-22T22:00:00Z,1973c5a4-5670-46fa-bbe2-5f6a3a1d0c6a,zoox_robotaxi_2024,departure,twin,88ed727f-0e50-40db-a463-5b599cec52e5
22222222-2222-2222-2222-222222222222,2026-08-22T22:30:00Z,27be18c4-bd2e-44ac-9eb5-1d1edc2809b7,zoox_robotaxi_2024,departure,twin,88ed727f-0e50-40db-a463-5b599cec52e5
22222222-2222-2222-2222-222222222222,2026-08-22T22:30:00Z,983002e6-790f-4e92-9722-b034571c7f47,waymo_jaguar_ipace_2024,departure,twin,88ed727f-0e50-40db-a463-5b599cec52e5
22222222-2222-2222-2222-222222222222,2026-08-22T22:30:00Z,9ec6cbc8-535e-4984-8fe2-1ac46abb9e00,waymo_jaguar_ipace_2024,departure,twin,88ed727f-0e50-40db-a463-5b599cec52e5
22222222-2222-2222-2222-222222222222,2026-08-22T22:30:00Z,1ea6a5d7-862d-44cc-a387-86cea6bc4fe4,tesla_model_y_robotaxi_2024,departure,twin,88ed727f-0e50-40db-a463-5b599cec52e5
22222222-2222-2222-2222-222222222222,2026-08-22T22:30:00Z,464c07e3-3699-4238-90d6-ea1325d0b36c,tesla_model_y_robotaxi_2024,departure,twin,88ed727f-0e50-40db-a463-5b599cec52e5
22222222-2222-2222-2222-222222222222,2026-08-23T02:00:00Z,7026f086-5ec4-485c-ae41-87bee8f181f1,waymo_jaguar_ipace_2024,arrival,twin,88ed727f-0e50-40db-a463-5b599cec52e5
22222222-2222-2222-2222-222222222222,2026-08-23T02:30:00Z,983002e6-790f-4e92-9722-b034571c7f47,waymo_jaguar_ipace_2024,arrival,twin,88ed727f-0e50-40db-a463-5b599cec52e5
22222222-2222-2222-2222-222222222222,2026-08-23T02:30:00Z,98899633-be7c-42cb-9046-56321fb60f9d,zoox_robotaxi_2024,arrival,twin,88ed727f-0e50-40db-a463-5b599cec52e5
22222222-2222-2222-2222-222222222222,2026-08-23T02:30:00Z,9926e267-5f69-4b21-b3ab-b4b3239c1b3b,zoox_robotaxi_2024,arrival,twin,88ed727f-0e50-40db-a463-5b599cec52e5
22222222-2222-2222-2222-222222222222,2026-08-23T02:30:00Z,99860ea8-ecf6-4bb7-8a59-52db6e90e8d9,waymo_jaguar_ipace_2024,arrival,twin,88ed727f-0e50-40db-a463-5b599cec52e5
22222222-2222-2222-2222-222222222222,2026-08-23T02:30:00Z,9e9193b9-e6e9-4f2a-8eaf-bc5dfceec4a2,zoox_robotaxi_2024,arrival,twin,88ed727f-0e50-40db-a463-5b599cec52e5
22222222-2222-2222-2222-222222222222,2026-08-23T02:30:00Z,9ec6cbc8-535e-4984-8fe2-1ac46abb9e00,waymo_jaguar_ipace_2024,arrival,twin,88ed727f-0e50-40db-a463-5b599cec52e5
22222222-2222-2222-2222-222222222222,2026-08-23T02:30:00Z,a5af28d4-d135-4617-a379-d20cf703d54d,tesla_model_y_robotaxi_2024,arrival,twin,88ed727f-0e50-40db-a463-5b599cec52e5
22222222-2222-2222-2222-222222222222,2026-08-23T02:30:00Z,a6e9c009-82e7-4c32-b9be-d3feaad294ca,waymo_jaguar_ipace_2024,arrival,twin,88ed727f-0e50-40db-a463-5b599cec52e5
22222222-2222-2222-2222-222222222222,2026-08-23T02:30:00Z,acba173d-89ed-4221-a7f7-52ae57693c67,tesla_model_y_robotaxi_2024,arrival,twin,88ed727f-0e50-40db-a463-5b599cec52e5
22222222-2222-2222-2222-222222222222,2026-08-23T02:30:00Z,ad5abf3e-30c0-461f-b268-471bbe24986b,zoox_robotaxi_2024,arrival,twin,88ed727f-0e50-40db-a463-5b599cec52e5
22222222-2222-2222-2222-222222222222,2026-08-23T02:30:00Z,b00dca0e-3209-478b-ad8b-7984d7b16a8c,zoox_robotaxi_2024,arrival,twin,88ed727f-0e50-40db-a463-5b599cec52e5
22222222-2222-2222-2222-222222222222,2026-08-23T02:30:00Z,b6e8b116-0650-4d3b-b4d7-d78bd454f7e0,tesla_model_y_robotaxi_2024,arrival,twin,88ed727f-0e50-40db-a463-5b599cec52e5
22222222-2222-2222-2222-222222222222,2026-08-23T02:30:00Z,ba70312c-6d2b-4c96-92a9-86c31ca2ca63,tesla_model_y_robotaxi_2024,arrival,twin,88ed727f-0e50-40db-a463-5b599cec52e5
22222222-2222-2222-2222-222222222222,2026-08-23T02:30:00Z,bfc95659-513d-4d55-b665-525b9e9e14e5,waymo_jaguar_ipace_2024,arrival,twin,88ed727f-0e50-40db-a463-5b599cec52e5
22222222-2222-2222-2222-222222222222,2026-08-23T02:30:00Z,c1b40f85-c4e3-40c7-afba-d1aec9ed876b,waymo_jaguar_ipace_2024,arrival,twin,88ed727f-0e50-40db-a463-5b599cec52e5
22222222-2222-2222-2222-222222222222,2026-08-23T02:30:00Z,c5a58859-4282-42de-b596-0a4f433e05f1,tesla_model_y_robotaxi_2024,arrival,twin,88ed727f-0e50-40db-a463-5b599cec52e5
22222222-2222-2222-2222-222222222222,2026-08-23T02:30:00Z,c8663fd7-b423-4398-9a18-a2ba5310feb7,tesla_model_y_robotaxi_2024,arrival,twin,88ed727f-0e50-40db-a463-5b599cec52e5
22222222-2222-2222-2222-222222222222,2026-08-23T02:30:00Z,c867df46-fe1c-420c-89cd-39acad72790e,zoox_robotaxi_2024,arrival,twin,88ed727f-0e50-40db-a463-5b599cec52e5
22222222-2222-2222-2222-222222222222,2026-08-23T02:30:00Z,c97a907b-eb50-49d4-81d2-ed38c1ab2616,zoox_robotaxi_2024,arrival,twin,88ed727f-0e50-40db-a463-5b599cec52e5
22222222-2222-2222-2222-222222222222,2026-08-23T02:30:00Z,c98ef465-ea69-4da9-a0a8-55a9842b570b,zoox_robotaxi_2024,arrival,twin,88ed727f-0e50-40db-a463-5b599cec52e5
22222222-2222-2222-2222-222222222222,2026-08-23T02:30:00Z,cef7d122-6498-4555-8eba-8a6d51644d74,tesla_model_y_robotaxi_2024,arrival,twin,88ed727f-0e50-40db-a463-5b599cec52e5
22222222-2222-2222-2222-222222222222,2026-08-23T02:30:00Z,dbade82d-51ef-40bf-b21b-8103ad487d91,tesla_model_y_robotaxi_2024,arrival,twin,88ed727f-0e50-40db-a463-5b599cec52e5
22222222-2222-2222-2222-222222222222,2026-08-23T02:30:00Z,ddf31311-e84f-4ef4-915a-c5ed82ae29ff,waymo_jaguar_ipace_2024,arrival,twin,88ed727f-0e50-40db-a463-5b599cec52e5
22222222-2222-2222-2222-222222222222,2026-08-23T02:30:00Z,e7c0498e-4f61-474f-8934-8864c090cefd,waymo_jaguar_ipace_2024,arrival,twin,88ed727f-0e50-40db-a463-5b599cec52e5
22222222-2222-2222-2222-222222222222,2026-08-23T02:30:00Z,f1776816-85e4-4ed0-8890-fe115c1c9f73,waymo_jaguar_ipace_2024,arrival,twin,88ed727f-0e50-40db-a463-5b599cec52e5
22222222-2222-2222-2222-222222222222,2026-08-23T02:30:00Z,f366ac68-5b23-49e7-8d02-0ade68526c5e,zoox_robotaxi_2024,arrival,twin,88ed727f-0e50-40db-a463-5b599cec52e5
22222222-2222-2222-2222-222222222222,2026-08-23T02:30:00Z,f72a1d21-3532-40ca-a69e-8ef5a4be38a0,zoox_robotaxi_2024,arrival,twin,88ed727f-0e50-40db-a463-5b599cec52e5
22222222-2222-2222-2222-222222222222,2026-08-23T02:30:00Z,f7940696-0800-49d0-9405-e1bae1f790e5,zoox_robotaxi_2024,arrival,twin,88ed727f-0e50-40db-a463-5b599cec52e5
22222222-2222-2222-2222-222222222222,2026-08-23T03:30:00Z,03812c6f-407b-4782-858f-c15cdbaf8de7,waymo_jaguar_ipace_2024,arrival,twin,88ed727f-0e50-40db-a463-5b599cec52e5
22222222-2222-2222-2222-222222222222,2026-08-23T03:30:00Z,0b8d2e11-fac3-40f3-883e-1d37cb7e6da5,waymo_jaguar_ipace_2024,arrival,twin,88ed727f-0e50-40db-a463-5b599cec52e5
22222222-2222-2222-2222-222222222222,2026-08-23T03:30:00Z,0bfd4d59-44f9-4a57-8c06-51bc00a2a6b9,tesla_model_y_robotaxi_2024,arrival,twin,88ed727f-0e50-40db-a463-5b599cec52e5
22222222-2222-2222-2222-222222222222,2026-08-23T03:30:00Z,10b4f941-b257-4571-948d-cc7b72d0fb52,tesla_model_y_robotaxi_2024,arrival,twin,88ed727f-0e50-40db-a463-5b599cec52e5
22222222-2222-2222-2222-222222222222,2026-08-23T03:30:00Z,1520dd3c-3658-4cd5-ad83-8c73c35e97c9,tesla_model_y_robotaxi_2024,arrival,twin,88ed727f-0e50-40db-a463-5b599cec52e5
22222222-2222-2222-2222-222222222222,2026-08-23T03:30:00Z,1c9aff71-a240-4bfe-b55a-d0eaa2ec6116,tesla_model_y_robotaxi_2024,arrival,twin,88ed727f-0e50-40db-a463-5b599cec52e5
22222222-2222-2222-2222-222222222222,2026-08-23T03:30:00Z,1ea6a5d7-862d-44cc-a387-86cea6bc4fe4,tesla_model_y_robotaxi_2024,arrival,twin,88ed727f-0e50-40db-a463-5b599cec52e5
22222222-2222-2222-2222-222222222222,2026-08-23T03:30:00Z,25061aa9-5a61-481b-acee-0aa08dd7066f,tesla_model_y_robotaxi_2024,arrival,twin,88ed727f-0e50-40db-a463-5b599cec52e5
22222222-2222-2222-2222-222222222222,2026-08-23T03:30:00Z,2547bf99-05c5-4055-9daa-c9e2a99da11d,tesla_model_y_robotaxi_2024,arrival,twin,88ed727f-0e50-40db-a463-5b599cec52e5
22222222-2222-2222-2222-222222222222,2026-08-23T03:30:00Z,2be09ec0-e78a-4cd8-9f80-fceeb1c33e71,tesla_model_y_robotaxi_2024,arrival,twin,88ed727f-0e50-40db-a463-5b599cec52e5
22222222-2222-2222-2222-222222222222,2026-08-23T03:30:00Z,32b62034-d7c6-4dbd-b9a4-78e708ec4c1c,waymo_jaguar_ipace_2024,arrival,twin,88ed727f-0e50-40db-a463-5b599cec52e5
22222222-2222-2222-2222-222222222222,2026-08-23T03:30:00Z,36ff94e5-663b-408d-bebc-3d56508d4996,tesla_model_y_robotaxi_2024,arrival,twin,88ed727f-0e50-40db-a463-5b599cec52e5
22222222-2222-2222-2222-222222222222,2026-08-23T03:30:00Z,3b6f1eb7-15f4-48e5-956c-9b261b9fcae1,waymo_jaguar_ipace_2024,arrival,twin,88ed727f-0e50-40db-a463-5b599cec52e5
22222222-2222-2222-2222-222222222222,2026-08-23T03:30:00Z,3fc2148f-fe15-42b9-8e9a-619351c746e4,waymo_jaguar_ipace_2024,arrival,twin,88ed727f-0e50-40db-a463-5b599cec52e5
22222222-2222-2222-2222-222222222222,2026-08-23T03:30:00Z,4732bf55-398f-4430-bc4c-0d14d4b89e2e,waymo_jaguar_ipace_2024,arrival,twin,88ed727f-0e50-40db-a463-5b599cec52e5
22222222-2222-2222-2222-222222222222,2026-08-23T03:30:00Z,48ad6e64-7e84-4de3-8c0c-9d3abfaadb8d,waymo_jaguar_ipace_2024,arrival,twin,88ed727f-0e50-40db-a463-5b599cec52e5
22222222-2222-2222-2222-222222222222,2026-08-23T03:30:00Z,4992b1fa-fc81-445e-a203-657094d89f18,waymo_jaguar_ipace_2024,arrival,twin,88ed727f-0e50-40db-a463-5b599cec52e5
22222222-2222-2222-2222-222222222222,2026-08-23T03:30:00Z,4a35c33f-b875-4cc6-a54d-85060633b711,waymo_jaguar_ipace_2024,arrival,twin,88ed727f-0e50-40db-a463-5b599cec52e5
22222222-2222-2222-2222-222222222222,2026-08-23T03:30:00Z,4ce2666e-66b5-4053-9b4c-c8ad06a46557,tesla_model_y_robotaxi_2024,arrival,twin,88ed727f-0e50-40db-a463-5b599cec52e5
22222222-2222-2222-2222-222222222222,2026-08-23T03:30:00Z,524312ab-2416-46fd-aebb-34d785ef7da6,waymo_jaguar_ipace_2024,arrival,twin,88ed727f-0e50-40db-a463-5b599cec52e5
22222222-2222-2222-2222-222222222222,2026-08-23T03:30:00Z,53e3dc12-2d7e-4d7b-8dbf-79a5eeef13ce,tesla_model_y_robotaxi_2024,arrival,twin,88ed727f-0e50-40db-a463-5b599cec52e5
22222222-2222-2222-2222-222222222222,2026-08-23T03:30:00Z,5dfd9db9-4262-4a7f-8f7e-055ce7a5e426,tesla_model_y_robotaxi_2024,arrival,twin,88ed727f-0e50-40db-a463-5b599cec52e5
22222222-2222-2222-2222-222222222222,2026-08-23T03:30:00Z,6860a969-bb88-416f-a3bf-545884f04aa8,waymo_jaguar_ipace_2024,arrival,twin,88ed727f-0e50-40db-a463-5b599cec52e5
22222222-2222-2222-2222-222222222222,2026-08-23T03:30:00Z,6e5c4806-1191-4b8b-b750-d38231213a1b,tesla_model_y_robotaxi_2024,arrival,twin,88ed727f-0e50-40db-a463-5b599cec52e5
22222222-2222-2222-2222-222222222222,2026-08-23T03:30:00Z,964bd583-6d45-459b-8bca-4c415c0993d3,tesla_model_y_robotaxi_2024,arrival,twin,88ed727f-0e50-40db-a463-5b599cec52e5
22222222-2222-2222-2222-222222222222,2026-08-23T04:00:00Z,053b8abd-e2b6-4b19-9bfc-314430947773,waymo_jaguar_ipace_2024,arrival,twin,88ed727f-0e50-40db-a463-5b599cec52e5
22222222-2222-2222-2222-222222222222,2026-08-23T04:00:00Z,2879307e-1fde-41ca-9309-d0aa11357436,waymo_jaguar_ipace_2024,arrival,twin,88ed727f-0e50-40db-a463-5b599cec52e5
22222222-2222-2222-2222-222222222222,2026-08-23T04:00:00Z,3e88b963-abb9-415c-9637-fa8002b0074d,waymo_jaguar_ipace_2024,arrival,twin,88ed727f-0e50-40db-a463-5b599cec52e5
22222222-2222-2222-2222-222222222222,2026-08-23T04:00:00Z,4cd2b777-e994-41b3-8542-fdf0f5d88189,waymo_jaguar_ipace_2024,arrival,twin,88ed727f-0e50-40db-a463-5b599cec52e5
22222222-2222-2222-2222-222222222222,2026-08-23T04:00:00Z,8d4890b5-dd19-4bf9-b7be-3ef918ff1653,waymo_jaguar_ipace_2024,arrival,twin,88ed727f-0e50-40db-a463-5b599cec52e5
22222222-2222-2222-2222-222222222222,2026-08-23T04:00:00Z,90c00fd5-03c2-4a5c-acdd-1fbcb709dfb2,tesla_model_y_robotaxi_2024,arrival,twin,88ed727f-0e50-40db-a463-5b599cec52e5
22222222-2222-2222-2222-222222222222,2026-08-23T04:00:00Z,9240c4c6-422b-4ac5-b65d-321faac569ce,waymo_jaguar_ipace_2024,arrival,twin,88ed727f-0e50-40db-a463-5b599cec52e5
22222222-2222-2222-2222-222222222222,2026-08-23T04:30:00Z,00d5597b-d714-470c-b86c-95e8f4f600ce,waymo_jaguar_ipace_2024,arrival,twin,88ed727f-0e50-40db-a463-5b599cec52e5
22222222-2222-2222-2222-222222222222,2026-08-23T04:30:00Z,01b10692-0e0e-42c5-9889-f461f60471cf,zoox_robotaxi_2024,arrival,twin,88ed727f-0e50-40db-a463-5b599cec52e5
22222222-2222-2222-2222-222222222222,2026-08-23T04:30:00Z,0d13e7d4-4707-44be-a233-8a3e849a23c5,waymo_jaguar_ipace_2024,arrival,twin,88ed727f-0e50-40db-a463-5b599cec52e5
22222222-2222-2222-2222-222222222222,2026-08-23T04:30:00Z,138f4a23-c5c8-4b89-96a0-c72ebb6aee0c,tesla_model_y_robotaxi_2024,arrival,twin,88ed727f-0e50-40db-a463-5b599cec52e5
22222222-2222-2222-2222-222222222222,2026-08-23T04:30:00Z,14b02ad9-b6f6-4a74-867c-2a6ba9daf8e0,waymo_jaguar_ipace_2024,arrival,twin,88ed727f-0e50-40db-a463-5b599cec52e5
22222222-2222-2222-2222-222222222222,2026-08-23T04:30:00Z,19ec1471-8525-4d88-801f-4cfee46f5ded,zoox_robotaxi_2024,arrival,twin,88ed727f-0e50-40db-a463-5b599cec52e5
22222222-2222-2222-2222-222222222222,2026-08-23T04:30:00Z,464c07e3-3699-4238-90d6-ea1325d0b36c,tesla_model_y_robotaxi_2024,arrival,twin,88ed727f-0e50-40db-a463-5b599cec52e5
22222222-2222-2222-2222-222222222222,2026-08-23T04:30:00Z,51766e8e-fe42-436d-b37a-10215bdb6798,waymo_jaguar_ipace_2024,arrival,twin,88ed727f-0e50-40db-a463-5b599cec52e5
22222222-2222-2222-2222-222222222222,2026-08-23T04:30:00Z,55a6bddc-f019-4989-a335-81cbde15b44e,zoox_robotaxi_2024,arrival,twin,88ed727f-0e50-40db-a463-5b599cec52e5
22222222-2222-2222-2222-222222222222,2026-08-23T04:30:00Z,5b8524d6-260b-448c-a9ae-9e18e9cada45,waymo_jaguar_ipace_2024,arrival,twin,88ed727f-0e50-40db-a463-5b599cec52e5
22222222-2222-2222-2222-222222222222,2026-08-23T04:30:00Z,5e4b54f6-ba19-4a30-9d26-2a4ed4810d6e,waymo_jaguar_ipace_2024,arrival,twin,88ed727f-0e50-40db-a463-5b599cec52e5
22222222-2222-2222-2222-222222222222,2026-08-23T04:30:00Z,618e0836-b6e1-459d-9955-38857bf1cbff,waymo_jaguar_ipace_2024,arrival,twin,88ed727f-0e50-40db-a463-5b599cec52e5
22222222-2222-2222-2222-222222222222,2026-08-23T04:30:00Z,64710503-d52c-42ae-bddf-53aec572c4d9,waymo_jaguar_ipace_2024,arrival,twin,88ed727f-0e50-40db-a463-5b599cec52e5
22222222-2222-2222-2222-222222222222,2026-08-23T04:30:00Z,838200a0-b464-4eb0-9cab-faaee1f80b5a,zoox_robotaxi_2024,arrival,twin,88ed727f-0e50-40db-a463-5b599cec52e5
22222222-2222-2222-2222-222222222222,2026-08-23T04:30:00Z,8e00a933-eb0f-4d8e-9a0a-1d5b47ae95ed,zoox_robotaxi_2024,arrival,twin,88ed727f-0e50-40db-a463-5b599cec52e5
22222222-2222-2222-2222-222222222222,2026-08-23T04:30:00Z,8ed8211d-aaa2-4051-b116-8f9f2501fc51,waymo_jaguar_ipace_2024,arrival,twin,88ed727f-0e50-40db-a463-5b599cec52e5
22222222-2222-2222-2222-222222222222,2026-08-23T04:30:00Z,970832d1-8185-4eb5-8d10-c1cbe44c9283,waymo_jaguar_ipace_2024,arrival,twin,88ed727f-0e50-40db-a463-5b599cec52e5
22222222-2222-2222-2222-222222222222,2026-08-23T05:30:00Z,1aacf90d-d4e1-415e-ba09-603c306dffef,zoox_robotaxi_2024,arrival,twin,88ed727f-0e50-40db-a463-5b599cec52e5
22222222-2222-2222-2222-222222222222,2026-08-23T05:30:00Z,695b1879-46d1-4c5b-a76a-a6809490ec65,zoox_robotaxi_2024,arrival,twin,88ed727f-0e50-40db-a463-5b599cec52e5
22222222-2222-2222-2222-222222222222,2026-08-23T05:30:00Z,6bff9287-c9b9-49e3-a94f-36b3543a8b9c,zoox_robotaxi_2024,arrival,twin,88ed727f-0e50-40db-a463-5b599cec52e5
22222222-2222-2222-2222-222222222222,2026-08-23T05:30:00Z,87b6dc31-cb87-4327-83d5-7ac9ffdf4988,zoox_robotaxi_2024,arrival,twin,88ed727f-0e50-40db-a463-5b599cec52e5
22222222-2222-2222-2222-222222222222,2026-08-23T05:30:00Z,890bef23-55ab-4001-aceb-538b3633cc73,zoox_robotaxi_2024,arrival,twin,88ed727f-0e50-40db-a463-5b599cec52e5
22222222-2222-2222-2222-222222222222,2026-08-23T05:30:00Z,45c66200-75cd-4f06-a41f-6534e1c311aa,zoox_robotaxi_2024,arrival,twin,88ed727f-0e50-40db-a463-5b599cec52e5
22222222-2222-2222-2222-222222222222,2026-08-23T05:30:00Z,02734f04-7f30-40eb-beb2-36e5d401c697,zoox_robotaxi_2024,arrival,twin,88ed727f-0e50-40db-a463-5b599cec52e5
22222222-2222-2222-2222-222222222222,2026-08-23T05:30:00Z,1973c5a4-5670-46fa-bbe2-5f6a3a1d0c6a,zoox_robotaxi_2024,arrival,twin,88ed727f-0e50-40db-a463-5b599cec52e5
22222222-2222-2222-2222-222222222222,2026-08-23T06:30:00Z,27be18c4-bd2e-44ac-9eb5-1d1edc2809b7,zoox_robotaxi_2024,arrival,twin,88ed727f-0e50-40db-a463-5b599cec52e5
22222222-2222-2222-2222-222222222222,2026-08-23T07:00:00Z,19b9bcf6-0586-4238-b70e-9ce1d490efe9,zoox_robotaxi_2024,arrival,twin,88ed727f-0e50-40db-a463-5b599cec52e5
22222222-2222-2222-2222-222222222222,2026-08-23T07:00:00Z,4374f6a6-aa2e-4298-8fa2-1b30da90280e,zoox_robotaxi_2024,arrival,twin,88ed727f-0e50-40db-a463-5b599cec52e5
22222222-2222-2222-2222-222222222222,2026-08-23T07:00:00Z,78ee0dfd-ba9e-430c-b753-2c589c9183f2,zoox_robotaxi_2024,arrival,twin,88ed727f-0e50-40db-a463-5b599cec52e5
