site_id,service_point_id,asset_id,asset_class,operation_type,started_at_utc,ended_at_utc,energy_kwh,data_source
11111111-1111-1111-1111-111111111111,,9e05d00e-41f2-4334-b25d-be7588560e82,zoox_robotaxi_2024,wash,,2026-06-01T02:17:58.563449Z,,production
11111111-1111-1111-1111-111111111111,,cadd7c81-433d-4158-90ac-b08ecbdcdf7a,waymo_jaguar_ipace_2024,wash,,2026-06-01T02:17:58.563449Z,,production
11111111-1111-1111-1111-111111111111,,a1111111-0001-0001-0001-000000000004,waymo_jaguar_ipace_2024,wash,,2026-06-01T02:17:58.563449Z,,production
11111111-1111-1111-1111-111111111111,,b2222222-0002-0002-0002-000000000003,tesla_model_y_robotaxi_2024,wash,,2026-06-01T02:17:58.563449Z,,production
11111111-1111-1111-1111-111111111111,,b2222222-0002-0002-0002-000000000005,tesla_model_y_robotaxi_2024,wash,,2026-06-01T02:17:58.563449Z,,production
11111111-1111-1111-1111-111111111111,,8eeaaef3-086f-40c8-9e90-1b91d50d3333,waymo_jaguar_ipace_2024,wash,,2026-06-01T02:17:58.563449Z,,production
11111111-1111-1111-1111-111111111111,,616a06de-9b62-4c6a-8d87-70dd2a5a1aa0,tesla_model_y_robotaxi_2024,wash,,2026-06-01T02:17:58.563449Z,,production
11111111-1111-1111-1111-111111111111,,6fdd7f85-9754-43fc-8b73-bafcfef54374,tesla_model_y_robotaxi_2024,wash,,2026-06-01T02:17:58.563449Z,,production
11111111-1111-1111-1111-111111111111,,54ec9dcb-76c1-4a7a-84e5-43ea4b3a7c8a,waymo_jaguar_ipace_2024,wash,,2026-06-01T02:17:58.563449Z,,production
11111111-1111-1111-1111-111111111111,,cb4faba2-c3d5-467f-a1b9-e8f69f266401,waymo_jaguar_ipace_2024,wash,,2026-06-01T02:17:58.563449Z,,production
11111111-1111-1111-1111-111111111111,,236edd3e-abd5-45f5-a053-7f66ab682162,zoox_robotaxi_2024,wash,,2026-06-01T02:17:58.563449Z,,production
11111111-1111-1111-1111-111111111111,,f5c7d2a9-f6b6-46bb-8e61-5da2ec54b7db,waymo_jaguar_ipace_2024,wash,,2026-06-01T02:17:58.563449Z,,production
11111111-1111-1111-1111-111111111111,,a24e3f67-3653-4bd0-9362-2dcfd3d6abe9,tesla_model_y_robotaxi_2024,wash,,2026-06-01T02:17:58.563449Z,,production
11111111-1111-1111-1111-111111111111,,a1111111-0001-0001-0001-000000000002,waymo_jaguar_ipace_2024,wash,,2026-06-01T02:17:58.563449Z,,production
11111111-1111-1111-1111-111111111111,,5e93a514-8ab0-4ac1-94d6-bede2a8b4f56,tesla_model_y_robotaxi_2024,wash,,2026-06-01T02:17:58.563449Z,,production
11111111-1111-1111-1111-111111111111,,9e209f49-b30d-4544-a310-c76b3fbe8529,tesla_model_y_robotaxi_2024,wash,,2026-06-01T02:17:58.563449Z,,production
11111111-1111-1111-1111-111111111111,,b14db297-e308-4ce6-8cce-88edbafce40e,tesla_model_y_robotaxi_2024,wash,,2026-06-01T02:17:58.563449Z,,production
11111111-1111-1111-1111-111111111111,,77ecd026-12cb-458e-900a-4602511728d8,waymo_jaguar_ipace_2024,wash,,2026-06-01T02:17:58.563449Z,,production
11111111-1111-1111-1111-111111111111,,c9746783-5432-47a5-aaf9-1f8a2978d03c,tesla_model_y_robotaxi_2024,wash,,2026-06-01T02:17:58.563449Z,,production
11111111-1111-1111-1111-111111111111,,44444820-2eae-438b-8058-c3b01b89fef6,zoox_robotaxi_2024,wash,,2026-06-01T02:17:58.563449Z,,production
11111111-1111-1111-1111-111111111111,,c8ae20e3-3613-4ad1-b003-274321c4a101,waymo_jaguar_ipace_2024,wash,,2026-06-01T02:17:58.563449Z,,production
11111111-1111-1111-1111-111111111111,,bfbaf0b2-48ad-4283-8391-80f301eda2be,zoox_robotaxi_2024,wash,,2026-06-01T02:17:58.563449Z,,production
11111111-1111-1111-1111-111111111111,,ca2624fc-c97d-4033-af1b-bf97756d3ad9,zoox_robotaxi_2024,wash,,2026-06-01T02:17:58.563449Z,,production
11111111-1111-1111-1111-111111111111,,12cb06f0-cf74-436f-a37a-e660a52dc7e6,waymo_jaguar_ipace_2024,wash,,2026-06-01T02:17:58.563449Z,,production
11111111-1111-1111-1111-111111111111,,4c3a7261-79d3-43bf-a498-1971ad39b937,tesla_model_y_robotaxi_2024,wash,,2026-06-01T02:17:58.563449Z,,production
11111111-1111-1111-1111-111111111111,,3d51937e-a289-4132-9fa6-07c0ed2fdbef,waymo_jaguar_ipace_2024,wash,,2026-06-01T02:17:58.563449Z,,production
11111111-1111-1111-1111-111111111111,,1ad24ec9-3039-4ab4-9b78-68c35a26f603,waymo_jaguar_ipace_2024,wash,,2026-06-01T02:17:58.563449Z,,production
11111111-1111-1111-1111-111111111111,,0d43459d-a82f-4d46-9579-43fc89feb981,waymo_jaguar_ipace_2024,wash,,2026-06-01T02:17:58.563449Z,,production
11111111-1111-1111-1111-111111111111,,2d2c46af-6b02-4b6e-95df-2cf9742bd376,zoox_robotaxi_2024,wash,,2026-06-01T02:17:58.563449Z,,production
11111111-1111-1111-1111-111111111111,,1e6aa7f6-c47a-40fa-9d8e-8ea38d5f6173,waymo_jaguar_ipace_2024,wash,,2026-06-01T02:17:58.563449Z,,production
11111111-1111-1111-1111-111111111111,,73e86c55-4eeb-43b3-943d-f700b40386af,waymo_jaguar_ipace_2024,wash,,2026-06-01T02:17:58.563449Z,,production
11111111-1111-1111-1111-111111111111,,58f68551-abe5-439c-9835-f1c46612ca05,zoox_robotaxi_2024,wash,,2026-06-01T02:17:58.563449Z,,production
11111111-1111-1111-1111-111111111111,,b73b5763-07e4-48e3-9e8c-3158301af418,tesla_model_y_robotaxi_2024,wash,,2026-06-01T02:17:58.563449Z,,production
11111111-1111-1111-1111-111111111111,,5604331f-284d-4768-a521-b60693aebe25,zoox_robotaxi_2024,wash,,2026-06-01T02:17:58.563449Z,,production
11111111-1111-1111-1111-111111111111,,bc55d859-82ba-4e2c-a5dd-83cbb5281906,zoox_robotaxi_2024,wash,,2026-06-01T02:17:58.563449Z,,production
11111111-1111-1111-1111-111111111111,,1225f10e-1355-45d5-ae28-2fdffd243425,waymo_jaguar_ipace_2024,wash,,2026-06-01T02:17:58.563449Z,,production
11111111-1111-1111-1111-111111111111,,3db69802-2cd3-433b-85ed-4f24ad8be006,waymo_jaguar_ipace_2024,wash,,2026-06-01T02:17:58.563449Z,,production
11111111-1111-1111-1111-111111111111,,02ff42a9-de41-42d2-bfb9-00b681c02178,tesla_model_y_robotaxi_2024,wash,,2026-06-01T02:17:58.563449Z,,production
11111111-1111-1111-1111-111111111111,,5cee8fb3-d21e-46e2-88b1-5223114b1578,tesla_model_y_robotaxi_2024,wash,,2026-06-01T02:17:58.563449Z,,production
11111111-1111-1111-1111-111111111111,,7ec698b8-b6ac-4e77-b9f8-a3a42a34e2c7,tesla_model_y_robotaxi_2024,wash,,2026-06-01T02:17:58.563449Z,,production
11111111-1111-1111-1111-111111111111,,aff36072-eff1-4a55-be44-a55f5f8891e7,tesla_model_y_robotaxi_2024,wash,,2026-06-01T02:17:58.563449Z,,production
11111111-1111-1111-1111-111111111111,,99ddf4ff-96d7-4257-b1ce-cb9437335ce8,tesla_model_y_robotaxi_2024,wash,,2026-06-01T02:17:58.563449Z,,production
11111111-1111-1111-1111-111111111111,,87098f16-b5b8-417b-bb6a-95e1ea02f619,zoox_robotaxi_2024,wash,,2026-06-01T02:17:58.563449Z,,production
11111111-1111-1111-1111-111111111111,,a0ef8ae7-a873-4ec3-a040-1adb3e30b3d4,waymo_jaguar_ipace_2024,wash,,2026-06-01T02:17:58.563449Z,,production
11111111-1111-1111-1111-111111111111,,96b10b07-87e0-4dd5-8a2b-376532cbd8ec,waymo_jaguar_ipace_2024,wash,,2026-06-01T02:17:58.563449Z,,production
11111111-1111-1111-1111-111111111111,,9f5d69bb-e932-4fa9-a659-4417bc861d00,zoox_robotaxi_2024,wash,,2026-06-01T02:17:58.563449Z,,production
11111111-1111-1111-1111-111111111111,,5f8af8a5-0a29-42e7-90d6-a933a2b56e64,tesla_model_y_robotaxi_2024,wash,,2026-06-01T02:17:58.563449Z,,production
11111111-1111-1111-1111-111111111111,,c3333333-0003-0003-0003-000000000003,zoox_robotaxi_2024,wash,,2026-06-01T02:17:58.563449Z,,production
11111111-1111-1111-1111-111111111111,,c3333333-0003-0003-0003-000000000001,zoox_robotaxi_2024,wash,,2026-06-01T02:17:58.563449Z,,production
11111111-1111-1111-1111-111111111111,,28417bea-eb30-4e9f-8ad8-3da0f1842398,zoox_robotaxi_2024,wash,,2026-06-01T02:17:58.563449Z,,production
11111111-1111-1111-1111-111111111111,,a1111111-0001-0001-0001-000000000001,waymo_jaguar_ipace_2024,wash,,2026-06-18T04:07:40.920806Z,,production
11111111-1111-1111-1111-111111111111,,73e86c55-4eeb-43b3-943d-f700b40386af,waymo_jaguar_ipace_2024,inspect,2026-08-20T22:46:16.658700Z,2026-08-20T22:49:16.658700Z,,twin
11111111-1111-1111-1111-111111111111,,2bc9a4a0-5f7d-4f1c-bdcd-d9a96efa9fc5,zoox_robotaxi_2024,inspect,2026-08-20T22:46:16.658700Z,2026-08-20T22:49:16.658700Z,,twin
11111111-1111-1111-1111-111111111111,,9be45c35-ab40-4b47-8ea6-c4eecb5860b4,tesla_model_y_robotaxi_2024,inspect,2026-08-20T22:46:16.658700Z,2026-08-20T22:49:16.658700Z,,twin
11111111-1111-1111-1111-111111111111,,a45682eb-242b-42d2-9b15-703b54a3e4cc,tesla_model_y_robotaxi_2024,inspect,2026-08-20T22:46:16.658700Z,2026-08-20T22:49:16.658700Z,,twin
11111111-1111-1111-1111-111111111111,,f5c7d2a9-f6b6-46bb-8e61-5da2ec54b7db,waymo_jaguar_ipace_2024,inspect,2026-08-20T22:46:16.658700Z,2026-08-20T22:49:16.658700Z,,twin
11111111-1111-1111-1111-111111111111,,87098f16-b5b8-417b-bb6a-95e1ea02f619,zoox_robotaxi_2024,inspect,2026-08-20T22:46:16.658700Z,2026-08-20T22:49:16.658700Z,,twin
11111111-1111-1111-1111-111111111111,,d5dd0338-bbbb-4fd1-b529-d0fba31da0cd,tesla_model_y_robotaxi_2024,triage_check,2026-08-20T22:49:16.658700Z,2026-08-20T22:52:16.658700Z,,twin
11111111-1111-1111-1111-111111111111,,30892fc2-9078-4ec6-a8dc-006bc667cea3,zoox_robotaxi_2024,sensor_clean,2026-08-20T22:49:16.658700Z,2026-08-20T22:54:16.658700Z,,twin
11111111-1111-1111-1111-111111111111,,8f680446-212c-4aca-bf07-f55b7fa0223e,zoox_robotaxi_2024,interior_tidy,2026-08-20T22:49:16.658700Z,2026-08-20T22:53:16.658700Z,,twin
11111111-1111-1111-1111-111111111111,,8eeaaef3-086f-40c8-9e90-1b91d50d3333,waymo_jaguar_ipace_2024,remote_diagnostics,2026-08-20T22:49:16.658700Z,2026-08-20T22:54:16.658700Z,,twin
11111111-1111-1111-1111-111111111111,,4b179b26-a48b-4f65-aad1-74ce3179a85d,zoox_robotaxi_2024,sensor_clean,2026-08-20T22:49:16.658700Z,2026-08-20T22:54:16.658700Z,,twin
11111111-1111-1111-1111-111111111111,,4b179b26-a48b-4f65-aad1-74ce3179a85d,zoox_robotaxi_2024,triage_check,2026-08-20T22:49:16.658700Z,2026-08-20T22:52:16.658700Z,,twin
11111111-1111-1111-1111-111111111111,,30892fc2-9078-4ec6-a8dc-006bc667cea3,zoox_robotaxi_2024,interior_tidy,2026-08-20T22:49:16.658700Z,2026-08-20T22:53:16.658700Z,,twin
11111111-1111-1111-1111-111111111111,f99a8657-b524-46a5-9080-c37f25c6a33d,00cc3d0a-2518-446b-b9b7-e025e293e37b,waymo_jaguar_ipace_2024,charge_l2,2026-08-20T22:49:47.007168Z,2026-08-20T22:51:13.007112Z,,twin
11111111-1111-1111-1111-111111111111,bcff04b2-ad01-40fe-89fd-3c262af75305,d5dd0338-bbbb-4fd1-b529-d0fba31da0cd,tesla_model_y_robotaxi_2024,charge_dcfc,2026-08-20T22:49:47.007168Z,2026-08-20T22:51:20.969115Z,,twin
11111111-1111-1111-1111-111111111111,,4b179b26-a48b-4f65-aad1-74ce3179a85d,zoox_robotaxi_2024,interior_tidy,2026-08-20T22:52:24.528957Z,2026-08-20T22:52:24.528957Z,,twin
11111111-1111-1111-1111-111111111111,,b14db297-e308-4ce6-8cce-88edbafce40e,tesla_model_y_robotaxi_2024,interior_tidy,2026-08-20T22:52:32.011830Z,2026-08-20T22:56:32.011830Z,,twin
11111111-1111-1111-1111-111111111111,,54ec9dcb-76c1-4a7a-84e5-43ea4b3a7c8a,waymo_jaguar_ipace_2024,triage_check,2026-08-20T22:53:29.780688Z,2026-08-20T22:56:29.780688Z,,twin
11111111-1111-1111-1111-111111111111,16229eb4-693b-405d-924e-ef413ca4df24,9e05d00e-41f2-4334-b25d-be7588560e82,zoox_robotaxi_2024,inspect,,2026-08-20T22:53:37.013178Z,,twin
11111111-1111-1111-1111-111111111111,2073cfe4-b9cf-4d53-89d6-db2d1cbbd53a,b2222222-0002-0002-0002-000000000005,tesla_model_y_robotaxi_2024,inspect,,2026-08-20T22:53:37.013178Z,,twin
11111111-1111-1111-1111-111111111111,f99a8657-b524-46a5-9080-c37f25c6a33d,00cc3d0a-2518-446b-b9b7-e025e293e37b,waymo_jaguar_ipace_2024,charge_l2,2026-08-20T22:53:45.967065Z,2026-08-20T22:53:53.251593Z,,twin
11111111-1111-1111-1111-111111111111,a13d155b-adb0-4ae5-9954-45246fdc0737,1225f10e-1355-45d5-ae28-2fdffd243425,waymo_jaguar_ipace_2024,inspect,,2026-08-20T22:55:06.725892Z,,twin
11111111-1111-1111-1111-111111111111,d9274bd6-5bb5-4194-8150-a033cf1995b7,a0ef8ae7-a873-4ec3-a040-1adb3e30b3d4,waymo_jaguar_ipace_2024,inspect,,2026-08-20T22:55:06.725892Z,,twin
11111111-1111-1111-1111-111111111111,75f94ee9-691c-4503-b469-629d1f3af1fb,091fa637-9f10-4cef-81e1-3ac58ee652a4,waymo_jaguar_ipace_2024,inspect,,2026-08-20T22:55:06.725892Z,,twin
11111111-1111-1111-1111-111111111111,,54ec9dcb-76c1-4a7a-84e5-43ea4b3a7c8a,waymo_jaguar_ipace_2024,interior_tidy,2026-08-20T22:56:35.880900Z,2026-08-20T22:56:35.880900Z,,twin
22222222-2222-2222-2222-222222222222,,dbade82d-51ef-40bf-b21b-8103ad487d91,tesla_model_y_robotaxi_2024,interior_tidy,2026-08-20T23:32:31.741782Z,2026-08-20T23:35:31.741782Z,,twin
22222222-2222-2222-2222-222222222222,,5dfd9db9-4262-4a7f-8f7e-055ce7a5e426,tesla_model_y_robotaxi_2024,item_retrieval,2026-08-20T23:32:31.741782Z,2026-08-20T23:36:31.741782Z,,twin
22222222-2222-2222-2222-222222222222,,c8663fd7-b423-4398-9a18-a2ba5310feb7,tesla_model_y_robotaxi_2024,interior_tidy,2026-08-20T23:33:45.566184Z,2026-08-20T23:37:45.566184Z,,twin
22222222-2222-2222-2222-222222222222,,5dfd9db9-4262-4a7f-8f7e-055ce7a5e426,tesla_model_y_robotaxi_2024,item_retrieval,2026-08-20T23:35:32.269186Z,2026-08-20T23:39:32.269186Z,,twin
22222222-2222-2222-2222-222222222222,,dbade82d-51ef-40bf-b21b-8103ad487d91,tesla_model_y_robotaxi_2024,interior_tidy,2026-08-20T23:35:32.269186Z,2026-08-20T23:38:32.269186Z,,twin
22222222-2222-2222-2222-222222222222,,c8663fd7-b423-4398-9a18-a2ba5310feb7,tesla_model_y_robotaxi_2024,interior_tidy,2026-08-20T23:35:39.028103Z,2026-08-20T23:39:39.028103Z,,twin
22222222-2222-2222-2222-222222222222,,1c9aff71-a240-4bfe-b55a-d0eaa2ec6116,tesla_model_y_robotaxi_2024,item_retrieval,2026-08-20T23:55:37.378401Z,2026-08-20T23:59:37.378401Z,,twin
22222222-2222-2222-2222-222222222222,,dbade82d-51ef-40bf-b21b-8103ad487d91,tesla_model_y_robotaxi_2024,interior_tidy,2026-08-20T23:55:37.378401Z,2026-08-20T23:58:37.378401Z,,twin
22222222-2222-2222-2222-222222222222,736962b1-f58c-4165-9657-89dfea75616d,02f1a60b-27e8-46a3-831b-d9232cc510a0,tesla_model_y_robotaxi_2024,charge_dcfc,2026-08-20T23:55:37.378401Z,2026-08-21T00:25:37.378401Z,,twin
22222222-2222-2222-2222-222222222222,4dae9406-659d-43c2-8214-235b33927887,dbade82d-51ef-40bf-b21b-8103ad487d91,tesla_model_y_robotaxi_2024,charge_dcfc,2026-08-21T00:02:31.741782Z,2026-08-21T00:32:31.741782Z,,twin
22222222-2222-2222-2222-222222222222,,0bfd4d59-44f9-4a57-8c06-51bc00a2a6b9,tesla_model_y_robotaxi_2024,item_retrieval,2026-08-21T00:02:31.741782Z,2026-08-21T00:06:31.741782Z,,twin
22222222-2222-2222-2222-222222222222,,1c9aff71-a240-4bfe-b55a-d0eaa2ec6116,tesla_model_y_robotaxi_2024,item_retrieval,2026-08-21T00:02:31.741782Z,2026-08-21T00:06:31.741782Z,,twin
22222222-2222-2222-2222-222222222222,736962b1-f58c-4165-9657-89dfea75616d,1520dd3c-3658-4cd5-ad83-8c73c35e97c9,tesla_model_y_robotaxi_2024,charge_dcfc,2026-08-21T00:02:31.741782Z,2026-08-21T00:32:31.741782Z,,twin
22222222-2222-2222-2222-222222222222,fc5d1dab-13fb-4dab-8cc9-6ac0a335b8f2,5dfd9db9-4262-4a7f-8f7e-055ce7a5e426,tesla_model_y_robotaxi_2024,charge_dcfc,2026-08-21T00:02:31.741782Z,2026-08-21T00:32:31.741782Z,,twin
22222222-2222-2222-2222-222222222222,906cbfff-0c6f-47a6-a9da-7ec9af323221,6e5c4806-1191-4b8b-b750-d38231213a1b,tesla_model_y_robotaxi_2024,charge_dcfc,2026-08-21T00:02:31.741782Z,2026-08-21T00:32:31.741782Z,,twin
22222222-2222-2222-2222-222222222222,ed83a9d8-cac4-4730-968a-3e82d690e4b8,c5a58859-4282-42de-b596-0a4f433e05f1,tesla_model_y_robotaxi_2024,charge_dcfc,2026-08-21T00:02:31.741782Z,2026-08-21T00:32:31.741782Z,,twin
22222222-2222-2222-2222-222222222222,,dbade82d-51ef-40bf-b21b-8103ad487d91,tesla_model_y_robotaxi_2024,interior_tidy,2026-08-21T00:03:45.566184Z,2026-08-21T00:06:45.566184Z,,twin
22222222-2222-2222-2222-222222222222,4ad671cb-0458-400a-83e9-cdc7b08dc3a1,c8663fd7-b423-4398-9a18-a2ba5310feb7,tesla_model_y_robotaxi_2024,charge_dcfc,2026-08-21T00:03:45.566184Z,2026-08-21T00:33:45.566184Z,,twin
22222222-2222-2222-2222-222222222222,ed83a9d8-cac4-4730-968a-3e82d690e4b8,c5a58859-4282-42de-b596-0a4f433e05f1,tesla_model_y_robotaxi_2024,charge_dcfc,2026-08-21T00:05:32.269186Z,2026-08-21T00:35:32.269186Z,,twin
22222222-2222-2222-2222-222222222222,,1c9aff71-a240-4bfe-b55a-d0eaa2ec6116,tesla_model_y_robotaxi_2024,item_retrieval,2026-08-21T00:05:32.269186Z,2026-08-21T00:09:32.269186Z,,twin
22222222-2222-2222-2222-222222222222,736962b1-f58c-4165-9657-89dfea75616d,1520dd3c-3658-4cd5-ad83-8c73c35e97c9,tesla_model_y_robotaxi_2024,charge_dcfc,2026-08-21T00:05:32.269186Z,2026-08-21T00:35:32.269186Z,,twin
22222222-2222-2222-2222-222222222222,fc5d1dab-13fb-4dab-8cc9-6ac0a335b8f2,5dfd9db9-4262-4a7f-8f7e-055ce7a5e426,tesla_model_y_robotaxi_2024,charge_dcfc,2026-08-21T00:05:32.269186Z,2026-08-21T00:35:32.269186Z,,twin
22222222-2222-2222-2222-222222222222,906cbfff-0c6f-47a6-a9da-7ec9af323221,6e5c4806-1191-4b8b-b750-d38231213a1b,tesla_model_y_robotaxi_2024,charge_dcfc,2026-08-21T00:05:32.269186Z,2026-08-21T00:35:32.269186Z,,twin
22222222-2222-2222-2222-222222222222,,0bfd4d59-44f9-4a57-8c06-51bc00a2a6b9,tesla_model_y_robotaxi_2024,item_retrieval,2026-08-21T00:05:32.269186Z,2026-08-21T00:09:32.269186Z,,twin
22222222-2222-2222-2222-222222222222,4dae9406-659d-43c2-8214-235b33927887,dbade82d-51ef-40bf-b21b-8103ad487d91,tesla_model_y_robotaxi_2024,charge_dcfc,2026-08-21T00:05:32.269186Z,2026-08-21T00:35:32.269186Z,,twin
22222222-2222-2222-2222-222222222222,4ad671cb-0458-400a-83e9-cdc7b08dc3a1,c8663fd7-b423-4398-9a18-a2ba5310feb7,tesla_model_y_robotaxi_2024,charge_dcfc,2026-08-21T00:05:39.028103Z,2026-08-21T00:35:39.028103Z,,twin
22222222-2222-2222-2222-222222222222,,dbade82d-51ef-40bf-b21b-8103ad487d91,tesla_model_y_robotaxi_2024,interior_tidy,2026-08-21T00:05:39.028103Z,2026-08-21T00:08:39.028103Z,,twin
22222222-2222-2222-2222-222222222222,ed83a9d8-cac4-4730-968a-3e82d690e4b8,c5a58859-4282-42de-b596-0a4f433e05f1,tesla_model_y_robotaxi_2024,charge_dcfc,2026-08-21T00:25:37.378401Z,2026-08-21T00:55:37.378401Z,,twin
22222222-2222-2222-2222-222222222222,776aa6c7-455b-45f0-9e08-abfef1fb4664,dbade82d-51ef-40bf-b21b-8103ad487d91,tesla_model_y_robotaxi_2024,charge_dcfc,2026-08-21T00:25:37.378401Z,2026-08-21T00:55:37.378401Z,,twin
22222222-2222-2222-2222-222222222222,906cbfff-0c6f-47a6-a9da-7ec9af323221,6e5c4806-1191-4b8b-b750-d38231213a1b,tesla_model_y_robotaxi_2024,charge_dcfc,2026-08-21T00:25:37.378401Z,2026-08-21T00:55:37.378401Z,,twin
22222222-2222-2222-2222-222222222222,,5dfd9db9-4262-4a7f-8f7e-055ce7a5e426,tesla_model_y_robotaxi_2024,interior_tidy,2026-08-21T00:25:37.378401Z,2026-08-21T00:28:37.378401Z,,twin
22222222-2222-2222-2222-222222222222,,1ea6a5d7-862d-44cc-a387-86cea6bc4fe4,tesla_model_y_robotaxi_2024,interior_tidy,2026-08-21T00:25:37.378401Z,2026-08-21T00:28:37.378401Z,,twin
22222222-2222-2222-2222-222222222222,,0bfd4d59-44f9-4a57-8c06-51bc00a2a6b9,tesla_model_y_robotaxi_2024,item_retrieval,2026-08-21T00:25:37.378401Z,2026-08-21T00:29:37.378401Z,,twin
22222222-2222-2222-2222-222222222222,5d986aca-ec67-48f8-afc4-ee9a7be2c074,acba173d-89ed-4221-a7f7-52ae57693c67,tesla_model_y_robotaxi_2024,charge_l2,2026-08-21T00:32:31.741782Z,2026-08-21T04:02:31.741782Z,,twin
22222222-2222-2222-2222-222222222222,,0b8d2e11-fac3-40f3-883e-1d37cb7e6da5,waymo_jaguar_ipace_2024,item_retrieval,2026-08-21T00:32:31.741782Z,2026-08-21T00:36:31.741782Z,,twin
22222222-2222-2222-2222-222222222222,,6860a969-bb88-416f-a3bf-545884f04aa8,waymo_jaguar_ipace_2024,software_update,2026-08-21T00:32:31.741782Z,2026-08-21T01:09:31.741782Z,,twin
22222222-2222-2222-2222-222222222222,,0b8d2e11-fac3-40f3-883e-1d37cb7e6da5,waymo_jaguar_ipace_2024,software_update,2026-08-21T00:32:31.741782Z,2026-08-21T01:02:31.741782Z,,twin
22222222-2222-2222-2222-222222222222,,14b02ad9-b6f6-4a74-867c-2a6ba9daf8e0,waymo_jaguar_ipace_2024,software_update,2026-08-21T00:32:31.741782Z,2026-08-21T00:48:31.741782Z,,twin
22222222-2222-2222-2222-222222222222,,4a35c33f-b875-4cc6-a54d-85060633b711,waymo_jaguar_ipace_2024,software_update,2026-08-21T00:32:31.741782Z,2026-08-21T01:04:31.741782Z,,twin
22222222-2222-2222-2222-222222222222,,2879307e-1fde-41ca-9309-d0aa11357436,waymo_jaguar_ipace_2024,software_update,2026-08-21T00:32:31.741782Z,2026-08-21T01:02:31.741782Z,,twin
22222222-2222-2222-2222-222222222222,,964bd583-6d45-459b-8bca-4c415c0993d3,tesla_model_y_robotaxi_2024,software_update,2026-08-21T00:32:31.741782Z,2026-08-21T01:00:31.741782Z,,twin
22222222-2222-2222-2222-222222222222,,983002e6-790f-4e92-9722-b034571c7f47,waymo_jaguar_ipace_2024,remote_diagnostics,2026-08-21T00:32:31.741782Z,2026-08-21T00:37:31.741782Z,,twin
22222222-2222-2222-2222-222222222222,,a6e9c009-82e7-4c32-b9be-d3feaad294ca,waymo_jaguar_ipace_2024,software_update,2026-08-21T00:32:31.741782Z,2026-08-21T00:58:31.741782Z,,twin
22222222-2222-2222-2222-222222222222,45014fff-d85b-4949-aa6c-3026179489fb,4992b1fa-fc81-445e-a203-657094d89f18,waymo_jaguar_ipace_2024,charge_dcfc,2026-08-21T00:32:31.741782Z,2026-08-21T03:02:31.741782Z,,twin
22222222-2222-2222-2222-222222222222,,983002e6-790f-4e92-9722-b034571c7f47,waymo_jaguar_ipace_2024,software_update,2026-08-21T00:32:31.741782Z,2026-08-21T01:12:31.741782Z,,twin
22222222-2222-2222-2222-222222222222,4ad671cb-0458-400a-83e9-cdc7b08dc3a1,524312ab-2416-46fd-aebb-34d785ef7da6,waymo_jaguar_ipace_2024,charge_dcfc,2026-08-21T00:32:31.741782Z,2026-08-21T01:32:31.741782Z,,twin
22222222-2222-2222-2222-222222222222,c7bdcf59-9b04-496b-a15d-878b647a169e,25061aa9-5a61-481b-acee-0aa08dd7066f,tesla_model_y_robotaxi_2024,charge_dcfc,2026-08-21T00:32:31.741782Z,2026-08-21T01:02:31.741782Z,,twin
22222222-2222-2222-2222-222222222222,,464c07e3-3699-4238-90d6-ea1325d0b36c,tesla_model_y_robotaxi_2024,software_update,2026-08-21T00:32:31.741782Z,2026-08-21T01:10:31.741782Z,,twin
22222222-2222-2222-2222-222222222222,,b6e8b116-0650-4d3b-b4d7-d78bd454f7e0,tesla_model_y_robotaxi_2024,software_update,2026-08-21T00:32:31.741782Z,2026-08-21T01:10:31.741782Z,,twin
22222222-2222-2222-2222-222222222222,776aa6c7-455b-45f0-9e08-abfef1fb4664,0bfd4d59-44f9-4a57-8c06-51bc00a2a6b9,tesla_model_y_robotaxi_2024,charge_dcfc,2026-08-21T00:32:31.741782Z,2026-08-21T01:02:31.741782Z,,twin
22222222-2222-2222-2222-222222222222,73613486-152b-4229-bb10-8546a912c416,1c9aff71-a240-4bfe-b55a-d0eaa2ec6116,tesla_model_y_robotaxi_2024,charge_dcfc,2026-08-21T00:32:31.741782Z,2026-08-21T01:02:31.741782Z,,twin
22222222-2222-2222-2222-222222222222,,1ea6a5d7-862d-44cc-a387-86cea6bc4fe4,tesla_model_y_robotaxi_2024,software_update,2026-08-21T00:32:31.741782Z,2026-08-21T01:13:31.741782Z,,twin
22222222-2222-2222-2222-222222222222,,36ff94e5-663b-408d-bebc-3d56508d4996,tesla_model_y_robotaxi_2024,software_update,2026-08-21T00:32:31.741782Z,2026-08-21T00:59:31.741782Z,,twin
22222222-2222-2222-2222-222222222222,,3e88b963-abb9-415c-9637-fa8002b0074d,waymo_jaguar_ipace_2024,item_retrieval,2026-08-21T00:32:31.741782Z,2026-08-21T00:36:31.741782Z,,twin
22222222-2222-2222-2222-222222222222,,728d5880-36bc-4b47-b535-4544580ec303,tesla_model_y_robotaxi_2024,software_update,2026-08-21T00:32:31.741782Z,2026-08-21T00:53:31.741782Z,,twin
22222222-2222-2222-2222-222222222222,,3e88b963-abb9-415c-9637-fa8002b0074d,waymo_jaguar_ipace_2024,software_update,2026-08-21T00:32:31.741782Z,2026-08-21T01:06:31.741782Z,,twin
22222222-2222-2222-2222-222222222222,,6e5c4806-1191-4b8b-b750-d38231213a1b,tesla_model_y_robotaxi_2024,software_update,2026-08-21T00:33:45.566184Z,2026-08-21T01:13:45.566184Z,,twin
22222222-2222-2222-2222-222222222222,,0bfd4d59-44f9-4a57-8c06-51bc00a2a6b9,tesla_model_y_robotaxi_2024,item_retrieval,2026-08-21T00:33:45.566184Z,2026-08-21T00:37:45.566184Z,,twin
22222222-2222-2222-2222-222222222222,,0bfd4d59-44f9-4a57-8c06-51bc00a2a6b9,tesla_model_y_robotaxi_2024,software_update,2026-08-21T00:33:45.566184Z,2026-08-21T00:48:45.566184Z,,twin
22222222-2222-2222-2222-222222222222,,1c9aff71-a240-4bfe-b55a-d0eaa2ec6116,tesla_model_y_robotaxi_2024,item_retrieval,2026-08-21T00:33:45.566184Z,2026-08-21T00:37:45.566184Z,,twin
22222222-2222-2222-2222-222222222222,,524312ab-2416-46fd-aebb-34d785ef7da6,waymo_jaguar_ipace_2024,software_update,2026-08-21T00:33:45.566184Z,2026-08-21T01:01:45.566184Z,,twin
22222222-2222-2222-2222-222222222222,,964bd583-6d45-459b-8bca-4c415c0993d3,tesla_model_y_robotaxi_2024,software_update,2026-08-21T00:33:45.566184Z,2026-08-21T00:54:45.566184Z,,twin
22222222-2222-2222-2222-222222222222,,ba70312c-6d2b-4c96-92a9-86c31ca2ca63,tesla_model_y_robotaxi_2024,software_update,2026-08-21T00:33:45.566184Z,2026-08-21T00:53:45.566184Z,,twin
22222222-2222-2222-2222-222222222222,ed83a9d8-cac4-4730-968a-3e82d690e4b8,c5a58859-4282-42de-b596-0a4f433e05f1,tesla_model_y_robotaxi_2024,charge_dcfc,2026-08-21T00:33:45.566184Z,2026-08-21T01:03:45.566184Z,,twin
22222222-2222-2222-2222-222222222222,4dae9406-659d-43c2-8214-235b33927887,dbade82d-51ef-40bf-b21b-8103ad487d91,tesla_model_y_robotaxi_2024,charge_dcfc,2026-08-21T00:33:45.566184Z,2026-08-21T01:03:45.566184Z,,twin
22222222-2222-2222-2222-222222222222,,10b4f941-b257-4571-948d-cc7b72d0fb52,tesla_model_y_robotaxi_2024,software_update,2026-08-21T00:33:45.566184Z,2026-08-21T01:13:45.566184Z,,twin
22222222-2222-2222-2222-222222222222,,1c9aff71-a240-4bfe-b55a-d0eaa2ec6116,tesla_model_y_robotaxi_2024,software_update,2026-08-21T00:33:45.566184Z,2026-08-21T01:16:45.566184Z,,twin
22222222-2222-2222-2222-222222222222,,4992b1fa-fc81-445e-a203-657094d89f18,waymo_jaguar_ipace_2024,software_update,2026-08-21T00:33:45.566184Z,2026-08-21T01:14:45.566184Z,,twin
22222222-2222-2222-2222-222222222222,,a6e9c009-82e7-4c32-b9be-d3feaad294ca,waymo_jaguar_ipace_2024,software_update,2026-08-21T00:35:32.269186Z,2026-08-21T01:01:32.269186Z,,twin
22222222-2222-2222-2222-222222222222,,983002e6-790f-4e92-9722-b034571c7f47,waymo_jaguar_ipace_2024,remote_diagnostics,2026-08-21T00:35:32.269186Z,2026-08-21T00:40:32.269186Z,,twin
22222222-2222-2222-2222-222222222222,4ad671cb-0458-400a-83e9-cdc7b08dc3a1,524312ab-2416-46fd-aebb-34d785ef7da6,waymo_jaguar_ipace_2024,charge_dcfc,2026-08-21T00:35:32.269186Z,2026-08-21T01:35:32.269186Z,,twin
22222222-2222-2222-2222-222222222222,,964bd583-6d45-459b-8bca-4c415c0993d3,tesla_model_y_robotaxi_2024,software_update,2026-08-21T00:35:32.269186Z,2026-08-21T01:03:32.269186Z,,twin
22222222-2222-2222-2222-222222222222,,728d5880-36bc-4b47-b535-4544580ec303,tesla_model_y_robotaxi_2024,software_update,2026-08-21T00:35:32.269186Z,2026-08-21T00:56:32.269186Z,,twin
22222222-2222-2222-2222-222222222222,,3e88b963-abb9-415c-9637-fa8002b0074d,waymo_jaguar_ipace_2024,item_retrieval,2026-08-21T00:35:32.269186Z,2026-08-21T00:39:32.269186Z,,twin
22222222-2222-2222-2222-222222222222,,36ff94e5-663b-408d-bebc-3d56508d4996,tesla_model_y_robotaxi_2024,software_update,2026-08-21T00:35:32.269186Z,2026-08-21T01:02:32.269186Z,,twin
22222222-2222-2222-2222-222222222222,5d986aca-ec67-48f8-afc4-ee9a7be2c074,acba173d-89ed-4221-a7f7-52ae57693c67,tesla_model_y_robotaxi_2024,charge_l2,2026-08-21T00:35:32.269186Z,2026-08-21T04:05:32.269186Z,,twin
22222222-2222-2222-2222-222222222222,,2879307e-1fde-41ca-9309-d0aa11357436,waymo_jaguar_ipace_2024,software_update,2026-08-21T00:35:32.269186Z,2026-08-21T01:05:32.269186Z,,twin
22222222-2222-2222-2222-222222222222,,14b02ad9-b6f6-4a74-867c-2a6ba9daf8e0,waymo_jaguar_ipace_2024,software_update,2026-08-21T00:35:32.269186Z,2026-08-21T00:51:32.269186Z,,twin
22222222-2222-2222-2222-222222222222,,0b8d2e11-fac3-40f3-883e-1d37cb7e6da5,waymo_jaguar_ipace_2024,software_update,2026-08-21T00:35:32.269186Z,2026-08-21T01:05:32.269186Z,,twin
22222222-2222-2222-2222-222222222222,,0b8d2e11-fac3-40f3-883e-1d37cb7e6da5,waymo_jaguar_ipace_2024,item_retrieval,2026-08-21T00:35:32.269186Z,2026-08-21T00:39:32.269186Z,,twin
22222222-2222-2222-2222-222222222222,73613486-152b-4229-bb10-8546a912c416,1c9aff71-a240-4bfe-b55a-d0eaa2ec6116,tesla_model_y_robotaxi_2024,charge_dcfc,2026-08-21T00:35:32.269186Z,2026-08-21T01:05:32.269186Z,,twin
22222222-2222-2222-2222-222222222222,c7bdcf59-9b04-496b-a15d-878b647a169e,25061aa9-5a61-481b-acee-0aa08dd7066f,tesla_model_y_robotaxi_2024,charge_dcfc,2026-08-21T00:35:32.269186Z,2026-08-21T01:05:32.269186Z,,twin
22222222-2222-2222-2222-222222222222,,1ea6a5d7-862d-44cc-a387-86cea6bc4fe4,tesla_model_y_robotaxi_2024,software_update,2026-08-21T00:35:32.269186Z,2026-08-21T01:16:32.269186Z,,twin
22222222-2222-2222-2222-222222222222,,3e88b963-abb9-415c-9637-fa8002b0074d,waymo_jaguar_ipace_2024,software_update,2026-08-21T00:35:32.269186Z,2026-08-21T01:09:32.269186Z,,twin
22222222-2222-2222-2222-222222222222,45014fff-d85b-4949-aa6c-3026179489fb,4992b1fa-fc81-445e-a203-657094d89f18,waymo_jaguar_ipace_2024,charge_dcfc,2026-08-21T00:35:32.269186Z,2026-08-21T03:05:32.269186Z,,twin
22222222-2222-2222-2222-222222222222,,464c07e3-3699-4238-90d6-ea1325d0b36c,tesla_model_y_robotaxi_2024,software_update,2026-08-21T00:35:32.269186Z,2026-08-21T01:13:32.269186Z,,twin
22222222-2222-2222-2222-222222222222,,4a35c33f-b875-4cc6-a54d-85060633b711,waymo_jaguar_ipace_2024,software_update,2026-08-21T00:35:32.269186Z,2026-08-21T01:07:32.269186Z,,twin
22222222-2222-2222-2222-222222222222,,6860a969-bb88-416f-a3bf-545884f04aa8,waymo_jaguar_ipace_2024,software_update,2026-08-21T00:35:32.269186Z,2026-08-21T01:12:32.269186Z,,twin
22222222-2222-2222-2222-222222222222,776aa6c7-455b-45f0-9e08-abfef1fb4664,0bfd4d59-44f9-4a57-8c06-51bc00a2a6b9,tesla_model_y_robotaxi_2024,charge_dcfc,2026-08-21T00:35:32.269186Z,2026-08-21T01:05:32.269186Z,,twin
22222222-2222-2222-2222-222222222222,,983002e6-790f-4e92-9722-b034571c7f47,waymo_jaguar_ipace_2024,software_update,2026-08-21T00:35:32.269186Z,2026-08-21T01:15:32.269186Z,,twin
22222222-2222-2222-2222-222222222222,,b6e8b116-0650-4d3b-b4d7-d78bd454f7e0,tesla_model_y_robotaxi_2024,software_update,2026-08-21T00:35:32.269186Z,2026-08-21T01:13:32.269186Z,,twin
22222222-2222-2222-2222-222222222222,,524312ab-2416-46fd-aebb-34d785ef7da6,waymo_jaguar_ipace_2024,software_update,2026-08-21T00:35:39.028103Z,2026-08-21T01:03:39.028103Z,,twin
22222222-2222-2222-2222-222222222222,,ba70312c-6d2b-4c96-92a9-86c31ca2ca63,tesla_model_y_robotaxi_2024,software_update,2026-08-21T00:35:39.028103Z,2026-08-21T00:55:39.028103Z,,twin
22222222-2222-2222-2222-222222222222,,6e5c4806-1191-4b8b-b750-d38231213a1b,tesla_model_y_robotaxi_2024,software_update,2026-08-21T00:35:39.028103Z,2026-08-21T01:15:39.028103Z,,twin
22222222-2222-2222-2222-222222222222,fc5d1dab-13fb-4dab-8cc9-6ac0a335b8f2,1520dd3c-3658-4cd5-ad83-8c73c35e97c9,tesla_model_y_robotaxi_2024,charge_dcfc,2026-08-21T00:35:39.028103Z,2026-08-21T01:05:39.028103Z,,twin
22222222-2222-2222-2222-222222222222,,4992b1fa-fc81-445e-a203-657094d89f18,waymo_jaguar_ipace_2024,software_update,2026-08-21T00:35:39.028103Z,2026-08-21T01:16:39.028103Z,,twin
22222222-2222-2222-2222-222222222222,,10b4f941-b257-4571-948d-cc7b72d0fb52,tesla_model_y_robotaxi_2024,software_update,2026-08-21T00:35:39.028103Z,2026-08-21T01:15:39.028103Z,,twin
22222222-2222-2222-2222-222222222222,,1c9aff71-a240-4bfe-b55a-d0eaa2ec6116,tesla_model_y_robotaxi_2024,software_update,2026-08-21T00:35:39.028103Z,2026-08-21T01:18:39.028103Z,,twin
22222222-2222-2222-2222-222222222222,ed83a9d8-cac4-4730-968a-3e82d690e4b8,c5a58859-4282-42de-b596-0a4f433e05f1,tesla_model_y_robotaxi_2024,charge_dcfc,2026-08-21T00:35:39.028103Z,2026-08-21T01:05:39.028103Z,,twin
22222222-2222-2222-2222-222222222222,4dae9406-659d-43c2-8214-235b33927887,dbade82d-51ef-40bf-b21b-8103ad487d91,tesla_model_y_robotaxi_2024,charge_dcfc,2026-08-21T00:35:39.028103Z,2026-08-21T01:05:39.028103Z,,twin
22222222-2222-2222-2222-222222222222,,964bd583-6d45-459b-8bca-4c415c0993d3,tesla_model_y_robotaxi_2024,software_update,2026-08-21T00:35:39.028103Z,2026-08-21T00:56:39.028103Z,,twin
22222222-2222-2222-2222-222222222222,,0bfd4d59-44f9-4a57-8c06-51bc00a2a6b9,tesla_model_y_robotaxi_2024,item_retrieval,2026-08-21T00:35:39.028103Z,2026-08-21T00:39:39.028103Z,,twin
22222222-2222-2222-2222-222222222222,,0bfd4d59-44f9-4a57-8c06-51bc00a2a6b9,tesla_model_y_robotaxi_2024,software_update,2026-08-21T00:35:39.028103Z,2026-08-21T00:50:39.028103Z,,twin
22222222-2222-2222-2222-222222222222,,1c9aff71-a240-4bfe-b55a-d0eaa2ec6116,tesla_model_y_robotaxi_2024,item_retrieval,2026-08-21T00:35:39.028103Z,2026-08-21T00:39:39.028103Z,,twin
22222222-2222-2222-2222-222222222222,,02f1a60b-27e8-46a3-831b-d9232cc510a0,tesla_model_y_robotaxi_2024,inspect,2026-08-21T00:52:37.378401Z,2026-08-21T00:55:37.378401Z,,twin
22222222-2222-2222-2222-222222222222,,48ad6e64-7e84-4de3-8c0c-9d3abfaadb8d,waymo_jaguar_ipace_2024,software_update,2026-08-21T00:55:37.378401Z,2026-08-21T01:17:37.378401Z,,twin
22222222-2222-2222-2222-222222222222,12ab85c2-715f-47ef-a680-b0fdd443b215,6860a969-bb88-416f-a3bf-545884f04aa8,waymo_jaguar_ipace_2024,charge_l2,2026-08-21T00:55:37.378401Z,2026-08-21T04:25:37.378401Z,,twin
22222222-2222-2222-2222-222222222222,891e775f-7239-4a0d-aeba-077c2eab0181,1ea6a5d7-862d-44cc-a387-86cea6bc4fe4,tesla_model_y_robotaxi_2024,charge_l2,2026-08-21T00:55:37.378401Z,2026-08-21T03:55:37.378401Z,,twin
22222222-2222-2222-2222-222222222222,d0eecdba-2742-425b-8ff0-c58597f92e10,1c9aff71-a240-4bfe-b55a-d0eaa2ec6116,tesla_model_y_robotaxi_2024,charge_l2,2026-08-21T00:55:37.378401Z,2026-08-21T03:55:37.378401Z,,twin
22222222-2222-2222-2222-222222222222,,e7c0498e-4f61-474f-8934-8864c090cefd,waymo_jaguar_ipace_2024,software_update,2026-08-21T00:55:37.378401Z,2026-08-21T01:32:37.378401Z,,twin
22222222-2222-2222-2222-222222222222,,c3f78336-f475-4d29-bf59-0261114066ef,tesla_model_y_robotaxi_2024,software_update,2026-08-21T00:55:37.378401Z,2026-08-21T01:38:37.378401Z,,twin
22222222-2222-2222-2222-222222222222,,b6e8b116-0650-4d3b-b4d7-d78bd454f7e0,tesla_model_y_robotaxi_2024,software_update,2026-08-21T00:55:37.378401Z,2026-08-21T01:33:37.378401Z,,twin
22222222-2222-2222-2222-222222222222,,464c07e3-3699-4238-90d6-ea1325d0b36c,tesla_model_y_robotaxi_2024,software_update,2026-08-21T00:55:37.378401Z,2026-08-21T01:33:37.378401Z,,twin
22222222-2222-2222-2222-222222222222,,acba173d-89ed-4221-a7f7-52ae57693c67,tesla_model_y_robotaxi_2024,software_update,2026-08-21T00:55:37.378401Z,2026-08-21T01:11:37.378401Z,,twin
22222222-2222-2222-2222-222222222222,,acba173d-89ed-4221-a7f7-52ae57693c67,tesla_model_y_robotaxi_2024,interior_tidy,2026-08-21T00:55:37.378401Z,2026-08-21T00:58:37.378401Z,,twin
22222222-2222-2222-2222-222222222222,,964bd583-6d45-459b-8bca-4c415c0993d3,tesla_model_y_robotaxi_2024,software_update,2026-08-21T00:55:37.378401Z,2026-08-21T01:23:37.378401Z,,twin
22222222-2222-2222-2222-222222222222,,4992b1fa-fc81-445e-a203-657094d89f18,waymo_jaguar_ipace_2024,software_update,2026-08-21T00:55:37.378401Z,2026-08-21T01:13:37.378401Z,,twin
22222222-2222-2222-2222-222222222222,,36ff94e5-663b-408d-bebc-3d56508d4996,tesla_model_y_robotaxi_2024,software_update,2026-08-21T00:55:37.378401Z,2026-08-21T01:22:37.378401Z,,twin
22222222-2222-2222-2222-222222222222,,2be09ec0-e78a-4cd8-9f80-fceeb1c33e71,tesla_model_y_robotaxi_2024,software_update,2026-08-21T00:55:37.378401Z,2026-08-21T01:24:37.378401Z,,twin
22222222-2222-2222-2222-222222222222,,1520dd3c-3658-4cd5-ad83-8c73c35e97c9,tesla_model_y_robotaxi_2024,inspect,2026-08-21T00:59:31.741782Z,2026-08-21T01:02:31.741782Z,,twin
22222222-2222-2222-2222-222222222222,,c5a58859-4282-42de-b596-0a4f433e05f1,tesla_model_y_robotaxi_2024,inspect,2026-08-21T00:59:31.741782Z,2026-08-21T01:02:31.741782Z,,twin
22222222-2222-2222-2222-222222222222,,6e5c4806-1191-4b8b-b750-d38231213a1b,tesla_model_y_robotaxi_2024,inspect,2026-08-21T00:59:31.741782Z,2026-08-21T01:02:31.741782Z,,twin
22222222-2222-2222-2222-222222222222,,5dfd9db9-4262-4a7f-8f7e-055ce7a5e426,tesla_model_y_robotaxi_2024,inspect,2026-08-21T00:59:31.741782Z,2026-08-21T01:02:31.741782Z,,twin
22222222-2222-2222-2222-222222222222,,dbade82d-51ef-40bf-b21b-8103ad487d91,tesla_model_y_robotaxi_2024,inspect,2026-08-21T00:59:31.741782Z,2026-08-21T01:02:31.741782Z,,twin
22222222-2222-2222-2222-222222222222,,c8663fd7-b423-4398-9a18-a2ba5310feb7,tesla_model_y_robotaxi_2024,inspect,2026-08-21T01:00:45.566184Z,2026-08-21T01:03:45.566184Z,,twin
22222222-2222-2222-2222-222222222222,,25061aa9-5a61-481b-acee-0aa08dd7066f,tesla_model_y_robotaxi_2024,detail,2026-08-21T01:02:31.741782Z,2026-08-21T01:28:16.865406Z,,twin
22222222-2222-2222-2222-222222222222,,a5af28d4-d135-4617-a379-d20cf703d54d,tesla_model_y_robotaxi_2024,software_update,2026-08-21T01:02:31.741782Z,2026-08-21T01:27:31.741782Z,,twin
22222222-2222-2222-2222-222222222222,,00d5597b-d714-470c-b86c-95e8f4f600ce,waymo_jaguar_ipace_2024,software_update,2026-08-21T01:02:31.741782Z,2026-08-21T01:21:31.741782Z,,twin
22222222-2222-2222-2222-222222222222,,10b4f941-b257-4571-948d-cc7b72d0fb52,tesla_model_y_robotaxi_2024,interior_tidy,2026-08-21T01:02:31.741782Z,2026-08-21T01:06:31.741782Z,,twin
22222222-2222-2222-2222-222222222222,891e775f-7239-4a0d-aeba-077c2eab0181,964bd583-6d45-459b-8bca-4c415c0993d3,tesla_model_y_robotaxi_2024,charge_l2,2026-08-21T01:02:31.741782Z,2026-08-21T04:02:31.741782Z,,twin
22222222-2222-2222-2222-222222222222,,4cd2b777-e994-41b3-8542-fdf0f5d88189,waymo_jaguar_ipace_2024,software_update,2026-08-21T01:02:31.741782Z,2026-08-21T01:24:31.741782Z,,twin
22222222-2222-2222-2222-222222222222,,e7c0498e-4f61-474f-8934-8864c090cefd,waymo_jaguar_ipace_2024,item_retrieval,2026-08-21T01:02:31.741782Z,2026-08-21T01:06:31.741782Z,,twin
22222222-2222-2222-2222-222222222222,,10b4f941-b257-4571-948d-cc7b72d0fb52,tesla_model_y_robotaxi_2024,software_update,2026-08-21T01:02:31.741782Z,2026-08-21T01:39:31.741782Z,,twin
22222222-2222-2222-2222-222222222222,,3fc2148f-fe15-42b9-8e9a-619351c746e4,waymo_jaguar_ipace_2024,software_update,2026-08-21T01:02:31.741782Z,2026-08-21T01:23:31.741782Z,,twin
22222222-2222-2222-2222-222222222222,,32b62034-d7c6-4dbd-b9a4-78e708ec4c1c,waymo_jaguar_ipace_2024,software_update,2026-08-21T01:02:31.741782Z,2026-08-21T01:44:31.741782Z,,twin
22222222-2222-2222-2222-222222222222,,4f558f2c-7f46-4c12-8a13-351371d828b6,waymo_jaguar_ipace_2024,software_update,2026-08-21T01:02:31.741782Z,2026-08-21T01:30:31.741782Z,,twin
22222222-2222-2222-2222-222222222222,,e7c0498e-4f61-474f-8934-8864c090cefd,waymo_jaguar_ipace_2024,interior_tidy,2026-08-21T01:02:31.741782Z,2026-08-21T01:06:31.741782Z,,twin
22222222-2222-2222-2222-222222222222,,3b6f1eb7-15f4-48e5-956c-9b261b9fcae1,waymo_jaguar_ipace_2024,software_update,2026-08-21T01:02:31.741782Z,2026-08-21T01:40:31.741782Z,,twin
22222222-2222-2222-2222-222222222222,,53e3dc12-2d7e-4d7b-8dbf-79a5eeef13ce,tesla_model_y_robotaxi_2024,software_update,2026-08-21T01:02:31.741782Z,2026-08-21T01:40:31.741782Z,,twin
22222222-2222-2222-2222-222222222222,,99860ea8-ecf6-4bb7-8a59-52db6e90e8d9,waymo_jaguar_ipace_2024,software_update,2026-08-21T01:02:31.741782Z,2026-08-21T01:35:31.741782Z,,twin
22222222-2222-2222-2222-222222222222,,c3f78336-f475-4d29-bf59-0261114066ef,tesla_model_y_robotaxi_2024,software_update,2026-08-21T01:02:31.741782Z,2026-08-21T01:30:31.741782Z,,twin
22222222-2222-2222-2222-222222222222,,e7c0498e-4f61-474f-8934-8864c090cefd,waymo_jaguar_ipace_2024,software_update,2026-08-21T01:02:31.741782Z,2026-08-21T01:37:31.741782Z,,twin
22222222-2222-2222-2222-222222222222,,ddf31311-e84f-4ef4-915a-c5ed82ae29ff,waymo_jaguar_ipace_2024,software_update,2026-08-21T01:02:31.741782Z,2026-08-21T01:34:31.741782Z,,twin
22222222-2222-2222-2222-222222222222,29c5dffd-0572-44bd-af0b-a05a616ad8a1,36ff94e5-663b-408d-bebc-3d56508d4996,tesla_model_y_robotaxi_2024,charge_l2,2026-08-21T01:02:31.741782Z,2026-08-21T03:32:31.741782Z,,twin
22222222-2222-2222-2222-222222222222,,48ad6e64-7e84-4de3-8c0c-9d3abfaadb8d,waymo_jaguar_ipace_2024,software_update,2026-08-21T01:02:31.741782Z,2026-08-21T01:28:31.741782Z,,twin
22222222-2222-2222-2222-222222222222,,8d4890b5-dd19-4bf9-b7be-3ef918ff1653,waymo_jaguar_ipace_2024,software_update,2026-08-21T01:02:31.741782Z,2026-08-21T01:30:31.741782Z,,twin
22222222-2222-2222-2222-222222222222,,dbade82d-51ef-40bf-b21b-8103ad487d91,tesla_model_y_robotaxi_2024,inspect,2026-08-21T01:02:32.269186Z,2026-08-21T01:05:32.269186Z,,twin
22222222-2222-2222-2222-222222222222,,1520dd3c-3658-4cd5-ad83-8c73c35e97c9,tesla_model_y_robotaxi_2024,inspect,2026-08-21T01:02:32.269186Z,2026-08-21T01:05:32.269186Z,,twin
22222222-2222-2222-2222-222222222222,,5dfd9db9-4262-4a7f-8f7e-055ce7a5e426,tesla_model_y_robotaxi_2024,inspect,2026-08-21T01:02:32.269186Z,2026-08-21T01:05:32.269186Z,,twin
22222222-2222-2222-2222-222222222222,,6e5c4806-1191-4b8b-b750-d38231213a1b,tesla_model_y_robotaxi_2024,inspect,2026-08-21T01:02:32.269186Z,2026-08-21T01:05:32.269186Z,,twin
22222222-2222-2222-2222-222222222222,,c5a58859-4282-42de-b596-0a4f433e05f1,tesla_model_y_robotaxi_2024,inspect,2026-08-21T01:02:32.269186Z,2026-08-21T01:05:32.269186Z,,twin
22222222-2222-2222-2222-222222222222,,c8663fd7-b423-4398-9a18-a2ba5310feb7,tesla_model_y_robotaxi_2024,inspect,2026-08-21T01:02:39.028103Z,2026-08-21T01:05:39.028103Z,,twin
22222222-2222-2222-2222-222222222222,,36ff94e5-663b-408d-bebc-3d56508d4996,tesla_model_y_robotaxi_2024,software_update,2026-08-21T01:03:45.566184Z,2026-08-21T01:30:45.566184Z,,twin
22222222-2222-2222-2222-222222222222,,4cd2b777-e994-41b3-8542-fdf0f5d88189,waymo_jaguar_ipace_2024,item_retrieval,2026-08-21T01:03:45.566184Z,2026-08-21T01:07:45.566184Z,,twin
22222222-2222-2222-2222-222222222222,,4cd2b777-e994-41b3-8542-fdf0f5d88189,waymo_jaguar_ipace_2024,remote_diagnostics,2026-08-21T01:03:45.566184Z,2026-08-21T01:08:45.566184Z,,twin
22222222-2222-2222-2222-222222222222,,4cd2b777-e994-41b3-8542-fdf0f5d88189,waymo_jaguar_ipace_2024,software_update,2026-08-21T01:03:45.566184Z,2026-08-21T01:18:45.566184Z,,twin
22222222-2222-2222-2222-222222222222,,4ce2666e-66b5-4053-9b4c-c8ad06a46557,tesla_model_y_robotaxi_2024,software_update,2026-08-21T01:03:45.566184Z,2026-08-21T01:31:45.566184Z,,twin
22222222-2222-2222-2222-222222222222,,14b02ad9-b6f6-4a74-867c-2a6ba9daf8e0,waymo_jaguar_ipace_2024,software_update,2026-08-21T01:03:45.566184Z,2026-08-21T01:19:45.566184Z,,twin
22222222-2222-2222-2222-222222222222,,acba173d-89ed-4221-a7f7-52ae57693c67,tesla_model_y_robotaxi_2024,interior_tidy,2026-08-21T01:03:45.566184Z,2026-08-21T01:06:45.566184Z,,twin
22222222-2222-2222-2222-222222222222,,acba173d-89ed-4221-a7f7-52ae57693c67,tesla_model_y_robotaxi_2024,software_update,2026-08-21T01:03:45.566184Z,2026-08-21T01:19:45.566184Z,,twin
22222222-2222-2222-2222-222222222222,,464c07e3-3699-4238-90d6-ea1325d0b36c,tesla_model_y_robotaxi_2024,software_update,2026-08-21T01:03:45.566184Z,2026-08-21T01:41:45.566184Z,,twin
22222222-2222-2222-2222-222222222222,,8d4890b5-dd19-4bf9-b7be-3ef918ff1653,waymo_jaguar_ipace_2024,software_update,2026-08-21T01:03:45.566184Z,2026-08-21T01:46:45.566184Z,,twin
22222222-2222-2222-2222-222222222222,,b6e8b116-0650-4d3b-b4d7-d78bd454f7e0,tesla_model_y_robotaxi_2024,software_update,2026-08-21T01:03:45.566184Z,2026-08-21T01:41:45.566184Z,,twin
22222222-2222-2222-2222-222222222222,,728d5880-36bc-4b47-b535-4544580ec303,tesla_model_y_robotaxi_2024,software_update,2026-08-21T01:03:45.566184Z,2026-08-21T01:24:45.566184Z,,twin
22222222-2222-2222-2222-222222222222,,3b6f1eb7-15f4-48e5-956c-9b261b9fcae1,waymo_jaguar_ipace_2024,software_update,2026-08-21T01:05:32.269186Z,2026-08-21T01:43:32.269186Z,,twin
22222222-2222-2222-2222-222222222222,,00d5597b-d714-470c-b86c-95e8f4f600ce,waymo_jaguar_ipace_2024,software_update,2026-08-21T01:05:32.269186Z,2026-08-21T01:24:32.269186Z,,twin
22222222-2222-2222-2222-222222222222,,10b4f941-b257-4571-948d-cc7b72d0fb52,tesla_model_y_robotaxi_2024,interior_tidy,2026-08-21T01:05:32.269186Z,2026-08-21T01:09:32.269186Z,,twin
22222222-2222-2222-2222-222222222222,,3fc2148f-fe15-42b9-8e9a-619351c746e4,waymo_jaguar_ipace_2024,software_update,2026-08-21T01:05:32.269186Z,2026-08-21T01:26:32.269186Z,,twin
22222222-2222-2222-2222-222222222222,,48ad6e64-7e84-4de3-8c0c-9d3abfaadb8d,waymo_jaguar_ipace_2024,software_update,2026-08-21T01:05:32.269186Z,2026-08-21T01:31:32.269186Z,,twin
22222222-2222-2222-2222-222222222222,,4cd2b777-e994-41b3-8542-fdf0f5d88189,waymo_jaguar_ipace_2024,software_update,2026-08-21T01:05:32.269186Z,2026-08-21T01:27:32.269186Z,,twin
22222222-2222-2222-2222-222222222222,,4f558f2c-7f46-4c12-8a13-351371d828b6,waymo_jaguar_ipace_2024,software_update,2026-08-21T01:05:32.269186Z,2026-08-21T01:33:32.269186Z,,twin
22222222-2222-2222-2222-222222222222,,8d4890b5-dd19-4bf9-b7be-3ef918ff1653,waymo_jaguar_ipace_2024,software_update,2026-08-21T01:05:32.269186Z,2026-08-21T01:33:32.269186Z,,twin
22222222-2222-2222-2222-222222222222,,a5af28d4-d135-4617-a379-d20cf703d54d,tesla_model_y_robotaxi_2024,software_update,2026-08-21T01:05:32.269186Z,2026-08-21T01:30:32.269186Z,,twin
22222222-2222-2222-2222-222222222222,,c3f78336-f475-4d29-bf59-0261114066ef,tesla_model_y_robotaxi_2024,software_update,2026-08-21T01:05:32.269186Z,2026-08-21T01:33:32.269186Z,,twin
22222222-2222-2222-2222-222222222222,,e7c0498e-4f61-474f-8934-8864c090cefd,waymo_jaguar_ipace_2024,interior_tidy,2026-08-21T01:05:32.269186Z,2026-08-21T01:09:32.269186Z,,twin
22222222-2222-2222-2222-222222222222,,e7c0498e-4f61-474f-8934-8864c090cefd,waymo_jaguar_ipace_2024,item_retrieval,2026-08-21T01:05:32.269186Z,2026-08-21T01:09:32.269186Z,,twin
22222222-2222-2222-2222-222222222222,,25061aa9-5a61-481b-acee-0aa08dd7066f,tesla_model_y_robotaxi_2024,detail,2026-08-21T01:05:32.269186Z,2026-08-21T01:31:17.392810Z,,twin
22222222-2222-2222-2222-222222222222,891e775f-7239-4a0d-aeba-077c2eab0181,964bd583-6d45-459b-8bca-4c415c0993d3,tesla_model_y_robotaxi_2024,charge_l2,2026-08-21T01:05:32.269186Z,2026-08-21T04:05:32.269186Z,,twin
22222222-2222-2222-2222-222222222222,,10b4f941-b257-4571-948d-cc7b72d0fb52,tesla_model_y_robotaxi_2024,software_update,2026-08-21T01:05:32.269186Z,2026-08-21T01:42:32.269186Z,,twin
22222222-2222-2222-2222-222222222222,,32b62034-d7c6-4dbd-b9a4-78e708ec4c1c,waymo_jaguar_ipace_2024,software_update,2026-08-21T01:05:32.269186Z,2026-08-21T01:47:32.269186Z,,twin
22222222-2222-2222-2222-222222222222,,53e3dc12-2d7e-4d7b-8dbf-79a5eeef13ce,tesla_model_y_robotaxi_2024,software_update,2026-08-21T01:05:32.269186Z,2026-08-21T01:43:32.269186Z,,twin
22222222-2222-2222-2222-222222222222,,99860ea8-ecf6-4bb7-8a59-52db6e90e8d9,waymo_jaguar_ipace_2024,software_update,2026-08-21T01:05:32.269186Z,2026-08-21T01:38:32.269186Z,,twin
22222222-2222-2222-2222-222222222222,29c5dffd-0572-44bd-af0b-a05a616ad8a1,36ff94e5-663b-408d-bebc-3d56508d4996,tesla_model_y_robotaxi_2024,charge_l2,2026-08-21T01:05:32.269186Z,2026-08-21T03:35:32.269186Z,,twin
22222222-2222-2222-2222-222222222222,,ddf31311-e84f-4ef4-915a-c5ed82ae29ff,waymo_jaguar_ipace_2024,software_update,2026-08-21T01:05:32.269186Z,2026-08-21T01:37:32.269186Z,,twin
22222222-2222-2222-2222-222222222222,,e7c0498e-4f61-474f-8934-8864c090cefd,waymo_jaguar_ipace_2024,software_update,2026-08-21T01:05:32.269186Z,2026-08-21T01:40:32.269186Z,,twin
22222222-2222-2222-2222-222222222222,,728d5880-36bc-4b47-b535-4544580ec303,tesla_model_y_robotaxi_2024,software_update,2026-08-21T01:05:39.028103Z,2026-08-21T01:26:39.028103Z,,twin
22222222-2222-2222-2222-222222222222,,b6e8b116-0650-4d3b-b4d7-d78bd454f7e0,tesla_model_y_robotaxi_2024,software_update,2026-08-21T01:05:39.028103Z,2026-08-21T01:43:39.028103Z,,twin
22222222-2222-2222-2222-222222222222,,8d4890b5-dd19-4bf9-b7be-3ef918ff1653,waymo_jaguar_ipace_2024,software_update,2026-08-21T01:05:39.028103Z,2026-08-21T01:48:39.028103Z,,twin
22222222-2222-2222-2222-222222222222,,464c07e3-3699-4238-90d6-ea1325d0b36c,tesla_model_y_robotaxi_2024,software_update,2026-08-21T01:05:39.028103Z,2026-08-21T01:43:39.028103Z,,twin
22222222-2222-2222-2222-222222222222,,acba173d-89ed-4221-a7f7-52ae57693c67,tesla_model_y_robotaxi_2024,software_update,2026-08-21T01:05:39.028103Z,2026-08-21T01:21:39.028103Z,,twin
22222222-2222-2222-2222-222222222222,,acba173d-89ed-4221-a7f7-52ae57693c67,tesla_model_y_robotaxi_2024,interior_tidy,2026-08-21T01:05:39.028103Z,2026-08-21T01:08:39.028103Z,,twin
22222222-2222-2222-2222-222222222222,,4ce2666e-66b5-4053-9b4c-c8ad06a46557,tesla_model_y_robotaxi_2024,software_update,2026-08-21T01:05:39.028103Z,2026-08-21T01:33:39.028103Z,,twin
22222222-2222-2222-2222-222222222222,,4cd2b777-e994-41b3-8542-fdf0f5d88189,waymo_jaguar_ipace_2024,software_update,2026-08-21T01:05:39.028103Z,2026-08-21T01:20:39.028103Z,,twin
22222222-2222-2222-2222-222222222222,,4cd2b777-e994-41b3-8542-fdf0f5d88189,waymo_jaguar_ipace_2024,remote_diagnostics,2026-08-21T01:05:39.028103Z,2026-08-21T01:10:39.028103Z,,twin
22222222-2222-2222-2222-222222222222,,4cd2b777-e994-41b3-8542-fdf0f5d88189,waymo_jaguar_ipace_2024,item_retrieval,2026-08-21T01:05:39.028103Z,2026-08-21T01:09:39.028103Z,,twin
22222222-2222-2222-2222-222222222222,,36ff94e5-663b-408d-bebc-3d56508d4996,tesla_model_y_robotaxi_2024,software_update,2026-08-21T01:05:39.028103Z,2026-08-21T01:32:39.028103Z,,twin
22222222-2222-2222-2222-222222222222,,14b02ad9-b6f6-4a74-867c-2a6ba9daf8e0,waymo_jaguar_ipace_2024,software_update,2026-08-21T01:05:39.028103Z,2026-08-21T01:21:39.028103Z,,twin
22222222-2222-2222-2222-222222222222,,dbade82d-51ef-40bf-b21b-8103ad487d91,tesla_model_y_robotaxi_2024,inspect,2026-08-21T01:22:37.378401Z,2026-08-21T01:25:37.378401Z,,twin
22222222-2222-2222-2222-222222222222,,6e5c4806-1191-4b8b-b750-d38231213a1b,tesla_model_y_robotaxi_2024,inspect,2026-08-21T01:22:37.378401Z,2026-08-21T01:25:37.378401Z,,twin
22222222-2222-2222-2222-222222222222,,c5a58859-4282-42de-b596-0a4f433e05f1,tesla_model_y_robotaxi_2024,inspect,2026-08-21T01:22:37.378401Z,2026-08-21T01:25:37.378401Z,,twin
22222222-2222-2222-2222-222222222222,,53e3dc12-2d7e-4d7b-8dbf-79a5eeef13ce,tesla_model_y_robotaxi_2024,software_update,2026-08-21T01:25:37.378401Z,2026-08-21T02:03:37.378401Z,,twin
22222222-2222-2222-2222-222222222222,fc5d1dab-13fb-4dab-8cc9-6ac0a335b8f2,2be09ec0-e78a-4cd8-9f80-fceeb1c33e71,tesla_model_y_robotaxi_2024,charge_dcfc,2026-08-21T01:25:37.378401Z,2026-08-21T01:55:37.378401Z,,twin
22222222-2222-2222-2222-222222222222,,cef7d122-6498-4555-8eba-8a6d51644d74,tesla_model_y_robotaxi_2024,software_update,2026-08-21T01:25:37.378401Z,2026-08-21T01:40:37.378401Z,,twin
22222222-2222-2222-2222-222222222222,,b41ab68e-d488-4102-ba08-502df168a1a1,waymo_jaguar_ipace_2024,software_update,2026-08-21T01:25:37.378401Z,2026-08-21T01:49:37.378401Z,,twin
22222222-2222-2222-2222-222222222222,,a5af28d4-d135-4617-a379-d20cf703d54d,tesla_model_y_robotaxi_2024,software_update,2026-08-21T01:25:37.378401Z,2026-08-21T01:50:37.378401Z,,twin
22222222-2222-2222-2222-222222222222,,983002e6-790f-4e92-9722-b034571c7f47,waymo_jaguar_ipace_2024,software_update,2026-08-21T01:25:37.378401Z,2026-08-21T01:50:37.378401Z,,twin
22222222-2222-2222-2222-222222222222,,7026f086-5ec4-485c-ae41-87bee8f181f1,waymo_jaguar_ipace_2024,software_update,2026-08-21T01:25:37.378401Z,2026-08-21T01:51:37.378401Z,,twin
22222222-2222-2222-2222-222222222222,,4a35c33f-b875-4cc6-a54d-85060633b711,waymo_jaguar_ipace_2024,software_update,2026-08-21T01:25:37.378401Z,2026-08-21T01:45:37.378401Z,,twin
22222222-2222-2222-2222-222222222222,,4732bf55-398f-4430-bc4c-0d14d4b89e2e,waymo_jaguar_ipace_2024,software_update,2026-08-21T01:25:37.378401Z,2026-08-21T01:48:37.378401Z,,twin
22222222-2222-2222-2222-222222222222,,14b02ad9-b6f6-4a74-867c-2a6ba9daf8e0,waymo_jaguar_ipace_2024,software_update,2026-08-21T01:25:37.378401Z,2026-08-21T01:52:37.378401Z,,twin
22222222-2222-2222-2222-222222222222,,14b02ad9-b6f6-4a74-867c-2a6ba9daf8e0,waymo_jaguar_ipace_2024,remote_diagnostics,2026-08-21T01:25:37.378401Z,2026-08-21T01:30:37.378401Z,,twin
22222222-2222-2222-2222-222222222222,,0b8d2e11-fac3-40f3-883e-1d37cb7e6da5,waymo_jaguar_ipace_2024,software_update,2026-08-21T01:25:37.378401Z,2026-08-21T01:42:37.378401Z,,twin
22222222-2222-2222-2222-222222222222,,00d5597b-d714-470c-b86c-95e8f4f600ce,waymo_jaguar_ipace_2024,software_update,2026-08-21T01:25:37.378401Z,2026-08-21T01:44:37.378401Z,,twin
22222222-2222-2222-2222-222222222222,,4992b1fa-fc81-445e-a203-657094d89f18,waymo_jaguar_ipace_2024,interior_tidy,2026-08-21T01:25:37.378401Z,2026-08-21T01:25:37.378401Z,,twin
22222222-2222-2222-2222-222222222222,,f1776816-85e4-4ed0-8890-fe115c1c9f73,waymo_jaguar_ipace_2024,software_update,2026-08-21T01:25:37.378401Z,2026-08-21T01:56:37.378401Z,,twin
22222222-2222-2222-2222-222222222222,,ddf31311-e84f-4ef4-915a-c5ed82ae29ff,waymo_jaguar_ipace_2024,software_update,2026-08-21T01:25:37.378401Z,2026-08-21T01:57:37.378401Z,,twin
22222222-2222-2222-2222-222222222222,,c1b40f85-c4e3-40c7-afba-d1aec9ed876b,waymo_jaguar_ipace_2024,software_update,2026-08-21T01:25:37.378401Z,2026-08-21T02:03:37.378401Z,,twin
22222222-2222-2222-2222-222222222222,,99860ea8-ecf6-4bb7-8a59-52db6e90e8d9,waymo_jaguar_ipace_2024,software_update,2026-08-21T01:25:37.378401Z,2026-08-21T01:58:37.378401Z,,twin
22222222-2222-2222-2222-222222222222,,5e4b54f6-ba19-4a30-9d26-2a4ed4810d6e,waymo_jaguar_ipace_2024,software_update,2026-08-21T01:25:37.378401Z,2026-08-21T01:58:37.378401Z,,twin
22222222-2222-2222-2222-222222222222,,3b6f1eb7-15f4-48e5-956c-9b261b9fcae1,waymo_jaguar_ipace_2024,software_update,2026-08-21T01:25:37.378401Z,2026-08-21T02:03:37.378401Z,,twin
22222222-2222-2222-2222-222222222222,,32b62034-d7c6-4dbd-b9a4-78e708ec4c1c,waymo_jaguar_ipace_2024,software_update,2026-08-21T01:25:37.378401Z,2026-08-21T02:07:37.378401Z,,twin
22222222-2222-2222-2222-222222222222,,2547bf99-05c5-4055-9daa-c9e2a99da11d,tesla_model_y_robotaxi_2024,software_update,2026-08-21T01:25:37.378401Z,2026-08-21T02:00:37.378401Z,,twin
22222222-2222-2222-2222-222222222222,,138f4a23-c5c8-4b89-96a0-c72ebb6aee0c,tesla_model_y_robotaxi_2024,software_update,2026-08-21T01:25:37.378401Z,2026-08-21T02:05:37.378401Z,,twin
22222222-2222-2222-2222-222222222222,736962b1-f58c-4165-9657-89dfea75616d,5dfd9db9-4262-4a7f-8f7e-055ce7a5e426,tesla_model_y_robotaxi_2024,charge_dcfc,2026-08-21T01:25:37.378401Z,2026-08-21T01:55:37.378401Z,,twin
22222222-2222-2222-2222-222222222222,73613486-152b-4229-bb10-8546a912c416,464c07e3-3699-4238-90d6-ea1325d0b36c,tesla_model_y_robotaxi_2024,charge_dcfc,2026-08-21T01:25:37.378401Z,2026-08-21T01:55:37.378401Z,,twin
22222222-2222-2222-2222-222222222222,4dae9406-659d-43c2-8214-235b33927887,36ff94e5-663b-408d-bebc-3d56508d4996,tesla_model_y_robotaxi_2024,charge_dcfc,2026-08-21T01:25:37.378401Z,2026-08-21T01:55:37.378401Z,,twin
22222222-2222-2222-2222-222222222222,,1c9aff71-a240-4bfe-b55a-d0eaa2ec6116,tesla_model_y_robotaxi_2024,inspect,2026-08-21T01:29:31.741782Z,2026-08-21T01:32:31.741782Z,,twin
22222222-2222-2222-2222-222222222222,,0bfd4d59-44f9-4a57-8c06-51bc00a2a6b9,tesla_model_y_robotaxi_2024,inspect,2026-08-21T01:29:31.741782Z,2026-08-21T01:32:31.741782Z,,twin
22222222-2222-2222-2222-222222222222,,dbade82d-51ef-40bf-b21b-8103ad487d91,tesla_model_y_robotaxi_2024,inspect,2026-08-21T01:30:45.566184Z,2026-08-21T01:33:45.566184Z,,twin
22222222-2222-2222-2222-222222222222,,c5a58859-4282-42de-b596-0a4f433e05f1,tesla_model_y_robotaxi_2024,inspect,2026-08-21T01:30:45.566184Z,2026-08-21T01:33:45.566184Z,,twin
22222222-2222-2222-2222-222222222222,,b41ab68e-d488-4102-ba08-502df168a1a1,waymo_jaguar_ipace_2024,software_update,2026-08-21T01:32:31.741782Z,2026-08-21T01:47:31.741782Z,,twin
22222222-2222-2222-2222-222222222222,,03812c6f-407b-4782-858f-c15cdbaf8de7,waymo_jaguar_ipace_2024,software_update,2026-08-21T01:32:31.741782Z,2026-08-21T01:49:31.741782Z,,twin
22222222-2222-2222-2222-222222222222,,4732bf55-398f-4430-bc4c-0d14d4b89e2e,waymo_jaguar_ipace_2024,software_update,2026-08-21T01:32:31.741782Z,2026-08-21T02:14:31.741782Z,,twin
22222222-2222-2222-2222-222222222222,,32a91a14-aac6-4c58-924e-e61a6766978b,waymo_jaguar_ipace_2024,software_update,2026-08-21T01:32:31.741782Z,2026-08-21T02:12:31.741782Z,,twin
22222222-2222-2222-2222-222222222222,,0bfd4d59-44f9-4a57-8c06-51bc00a2a6b9,tesla_model_y_robotaxi_2024,inspect,2026-08-21T01:32:32.269186Z,2026-08-21T01:35:32.269186Z,,twin
22222222-2222-2222-2222-222222222222,,1c9aff71-a240-4bfe-b55a-d0eaa2ec6116,tesla_model_y_robotaxi_2024,inspect,2026-08-21T01:32:32.269186Z,2026-08-21T01:35:32.269186Z,,twin
22222222-2222-2222-2222-222222222222,,dbade82d-51ef-40bf-b21b-8103ad487d91,tesla_model_y_robotaxi_2024,inspect,2026-08-21T01:32:39.028103Z,2026-08-21T01:35:39.028103Z,,twin
22222222-2222-2222-2222-222222222222,,1520dd3c-3658-4cd5-ad83-8c73c35e97c9,tesla_model_y_robotaxi_2024,inspect,2026-08-21T01:32:39.028103Z,2026-08-21T01:35:39.028103Z,,twin
22222222-2222-2222-2222-222222222222,,c5a58859-4282-42de-b596-0a4f433e05f1,tesla_model_y_robotaxi_2024,inspect,2026-08-21T01:32:39.028103Z,2026-08-21T01:35:39.028103Z,,twin
22222222-2222-2222-2222-222222222222,,2879307e-1fde-41ca-9309-d0aa11357436,waymo_jaguar_ipace_2024,software_update,2026-08-21T01:33:45.566184Z,2026-08-21T02:12:45.566184Z,,twin
22222222-2222-2222-2222-222222222222,c7bdcf59-9b04-496b-a15d-878b647a169e,4cd2b777-e994-41b3-8542-fdf0f5d88189,waymo_jaguar_ipace_2024,charge_dcfc,2026-08-21T01:33:45.566184Z,2026-08-21T02:33:45.566184Z,,twin
22222222-2222-2222-2222-222222222222,,e7c0498e-4f61-474f-8934-8864c090cefd,waymo_jaguar_ipace_2024,software_update,2026-08-21T01:33:45.566184Z,2026-08-21T02:08:45.566184Z,,twin
22222222-2222-2222-2222-222222222222,,99860ea8-ecf6-4bb7-8a59-52db6e90e8d9,waymo_jaguar_ipace_2024,software_update,2026-08-21T01:33:45.566184Z,2026-08-21T02:06:45.566184Z,,twin
22222222-2222-2222-2222-222222222222,,90c00fd5-03c2-4a5c-acdd-1fbcb709dfb2,tesla_model_y_robotaxi_2024,software_update,2026-08-21T01:33:45.566184Z,2026-08-21T02:12:45.566184Z,,twin
22222222-2222-2222-2222-222222222222,,6860a969-bb88-416f-a3bf-545884f04aa8,waymo_jaguar_ipace_2024,software_update,2026-08-21T01:33:45.566184Z,2026-08-21T02:13:45.566184Z,,twin
22222222-2222-2222-2222-222222222222,,5e4b54f6-ba19-4a30-9d26-2a4ed4810d6e,waymo_jaguar_ipace_2024,software_update,2026-08-21T01:33:45.566184Z,2026-08-21T02:06:45.566184Z,,twin
22222222-2222-2222-2222-222222222222,,53e3dc12-2d7e-4d7b-8dbf-79a5eeef13ce,tesla_model_y_robotaxi_2024,software_update,2026-08-21T01:33:45.566184Z,2026-08-21T02:11:45.566184Z,,twin
22222222-2222-2222-2222-222222222222,,32b62034-d7c6-4dbd-b9a4-78e708ec4c1c,waymo_jaguar_ipace_2024,software_update,2026-08-21T01:33:45.566184Z,2026-08-21T02:15:45.566184Z,,twin
22222222-2222-2222-2222-222222222222,,2be09ec0-e78a-4cd8-9f80-fceeb1c33e71,tesla_model_y_robotaxi_2024,software_update,2026-08-21T01:33:45.566184Z,2026-08-21T02:05:45.566184Z,,twin
22222222-2222-2222-2222-222222222222,,1ea6a5d7-862d-44cc-a387-86cea6bc4fe4,tesla_model_y_robotaxi_2024,software_update,2026-08-21T01:33:45.566184Z,2026-08-21T02:12:45.566184Z,,twin
22222222-2222-2222-2222-222222222222,,138f4a23-c5c8-4b89-96a0-c72ebb6aee0c,tesla_model_y_robotaxi_2024,software_update,2026-08-21T01:33:45.566184Z,2026-08-21T02:13:45.566184Z,,twin
22222222-2222-2222-2222-222222222222,73613486-152b-4229-bb10-8546a912c416,464c07e3-3699-4238-90d6-ea1325d0b36c,tesla_model_y_robotaxi_2024,charge_dcfc,2026-08-21T01:33:45.566184Z,2026-08-21T02:03:45.566184Z,,twin
22222222-2222-2222-2222-222222222222,,c433a36d-8782-46b2-b128-3e345bcbd186,waymo_jaguar_ipace_2024,software_update,2026-08-21T01:33:45.566184Z,2026-08-21T01:56:45.566184Z,,twin
22222222-2222-2222-2222-222222222222,,c433a36d-8782-46b2-b128-3e345bcbd186,waymo_jaguar_ipace_2024,sensor_clean,2026-08-21T01:33:45.566184Z,2026-08-21T01:38:45.566184Z,,twin
22222222-2222-2222-2222-222222222222,,c3f78336-f475-4d29-bf59-0261114066ef,tesla_model_y_robotaxi_2024,software_update,2026-08-21T01:33:45.566184Z,2026-08-21T02:01:45.566184Z,,twin
22222222-2222-2222-2222-222222222222,,b41ab68e-d488-4102-ba08-502df168a1a1,waymo_jaguar_ipace_2024,software_update,2026-08-21T01:33:45.566184Z,2026-08-21T01:57:45.566184Z,,twin
22222222-2222-2222-2222-222222222222,,a5af28d4-d135-4617-a379-d20cf703d54d,tesla_model_y_robotaxi_2024,software_update,2026-08-21T01:33:45.566184Z,2026-08-21T01:58:45.566184Z,,twin
22222222-2222-2222-2222-222222222222,,983002e6-790f-4e92-9722-b034571c7f47,waymo_jaguar_ipace_2024,software_update,2026-08-21T01:33:45.566184Z,2026-08-21T01:58:45.566184Z,,twin
22222222-2222-2222-2222-222222222222,,4f558f2c-7f46-4c12-8a13-351371d828b6,waymo_jaguar_ipace_2024,software_update,2026-08-21T01:33:45.566184Z,2026-08-21T02:01:45.566184Z,,twin
22222222-2222-2222-2222-222222222222,,4a35c33f-b875-4cc6-a54d-85060633b711,waymo_jaguar_ipace_2024,software_update,2026-08-21T01:33:45.566184Z,2026-08-21T01:53:45.566184Z,,twin
22222222-2222-2222-2222-222222222222,,48ad6e64-7e84-4de3-8c0c-9d3abfaadb8d,waymo_jaguar_ipace_2024,software_update,2026-08-21T01:33:45.566184Z,2026-08-21T01:59:45.566184Z,,twin
22222222-2222-2222-2222-222222222222,,3e88b963-abb9-415c-9637-fa8002b0074d,waymo_jaguar_ipace_2024,software_update,2026-08-21T01:33:45.566184Z,2026-08-21T01:49:45.566184Z,,twin
22222222-2222-2222-2222-222222222222,,1ea6a5d7-862d-44cc-a387-86cea6bc4fe4,tesla_model_y_robotaxi_2024,remote_diagnostics,2026-08-21T01:33:45.566184Z,2026-08-21T01:38:45.566184Z,,twin
22222222-2222-2222-2222-222222222222,,0b8d2e11-fac3-40f3-883e-1d37cb7e6da5,waymo_jaguar_ipace_2024,software_update,2026-08-21T01:33:45.566184Z,2026-08-21T01:50:45.566184Z,,twin
22222222-2222-2222-2222-222222222222,,00d5597b-d714-470c-b86c-95e8f4f600ce,waymo_jaguar_ipace_2024,software_update,2026-08-21T01:33:45.566184Z,2026-08-21T01:52:45.566184Z,,twin
22222222-2222-2222-2222-222222222222,,32a91a14-aac6-4c58-924e-e61a6766978b,waymo_jaguar_ipace_2024,software_update,2026-08-21T01:35:32.269186Z,2026-08-21T02:15:32.269186Z,,twin
22222222-2222-2222-2222-222222222222,,4732bf55-398f-4430-bc4c-0d14d4b89e2e,waymo_jaguar_ipace_2024,software_update,2026-08-21T01:35:32.269186Z,2026-08-21T02:17:32.269186Z,,twin
22222222-2222-2222-2222-222222222222,,b41ab68e-d488-4102-ba08-502df168a1a1,waymo_jaguar_ipace_2024,software_update,2026-08-21T01:35:32.269186Z,2026-08-21T01:50:32.269186Z,,twin
22222222-2222-2222-2222-222222222222,,03812c6f-407b-4782-858f-c15cdbaf8de7,waymo_jaguar_ipace_2024,software_update,2026-08-21T01:35:32.269186Z,2026-08-21T01:52:32.269186Z,,twin
22222222-2222-2222-2222-222222222222,,48ad6e64-7e84-4de3-8c0c-9d3abfaadb8d,waymo_jaguar_ipace_2024,software_update,2026-08-21T01:35:39.028103Z,2026-08-21T02:01:39.028103Z,,twin
22222222-2222-2222-2222-222222222222,,c433a36d-8782-46b2-b128-3e345bcbd186,waymo_jaguar_ipace_2024,software_update,2026-08-21T01:35:39.028103Z,2026-08-21T01:58:39.028103Z,,twin
22222222-2222-2222-2222-222222222222,,c3f78336-f475-4d29-bf59-0261114066ef,tesla_model_y_robotaxi_2024,software_update,2026-08-21T01:35:39.028103Z,2026-08-21T02:03:39.028103Z,,twin
22222222-2222-2222-2222-222222222222,,4a35c33f-b875-4cc6-a54d-85060633b711,waymo_jaguar_ipace_2024,software_update,2026-08-21T01:35:39.028103Z,2026-08-21T01:55:39.028103Z,,twin
22222222-2222-2222-2222-222222222222,,c433a36d-8782-46b2-b128-3e345bcbd186,waymo_jaguar_ipace_2024,sensor_clean,2026-08-21T01:35:39.028103Z,2026-08-21T01:40:39.028103Z,,twin
22222222-2222-2222-2222-222222222222,,138f4a23-c5c8-4b89-96a0-c72ebb6aee0c,tesla_model_y_robotaxi_2024,software_update,2026-08-21T01:35:39.028103Z,2026-08-21T02:15:39.028103Z,,twin
22222222-2222-2222-2222-222222222222,,4f558f2c-7f46-4c12-8a13-351371d828b6,waymo_jaguar_ipace_2024,software_update,2026-08-21T01:35:39.028103Z,2026-08-21T02:03:39.028103Z,,twin
22222222-2222-2222-2222-222222222222,,e7c0498e-4f61-474f-8934-8864c090cefd,waymo_jaguar_ipace_2024,software_update,2026-08-21T01:35:39.028103Z,2026-08-21T02:10:39.028103Z,,twin
22222222-2222-2222-2222-222222222222,,99860ea8-ecf6-4bb7-8a59-52db6e90e8d9,waymo_jaguar_ipace_2024,software_update,2026-08-21T01:35:39.028103Z,2026-08-21T02:08:39.028103Z,,twin
22222222-2222-2222-2222-222222222222,,cef7d122-6498-4555-8eba-8a6d51644d74,tesla_model_y_robotaxi_2024,software_update,2026-08-21T01:35:39.028103Z,2026-08-21T01:50:39.028103Z,,twin
22222222-2222-2222-2222-222222222222,,6860a969-bb88-416f-a3bf-545884f04aa8,waymo_jaguar_ipace_2024,software_update,2026-08-21T01:35:39.028103Z,2026-08-21T02:15:39.028103Z,,twin
22222222-2222-2222-2222-222222222222,,983002e6-790f-4e92-9722-b034571c7f47,waymo_jaguar_ipace_2024,software_update,2026-08-21T01:35:39.028103Z,2026-08-21T02:00:39.028103Z,,twin
22222222-2222-2222-2222-222222222222,,5e4b54f6-ba19-4a30-9d26-2a4ed4810d6e,waymo_jaguar_ipace_2024,software_update,2026-08-21T01:35:39.028103Z,2026-08-21T02:08:39.028103Z,,twin
22222222-2222-2222-2222-222222222222,,53e3dc12-2d7e-4d7b-8dbf-79a5eeef13ce,tesla_model_y_robotaxi_2024,software_update,2026-08-21T01:35:39.028103Z,2026-08-21T02:13:39.028103Z,,twin
22222222-2222-2222-2222-222222222222,,32b62034-d7c6-4dbd-b9a4-78e708ec4c1c,waymo_jaguar_ipace_2024,software_update,2026-08-21T01:35:39.028103Z,2026-08-21T02:17:39.028103Z,,twin
22222222-2222-2222-2222-222222222222,,2be09ec0-e78a-4cd8-9f80-fceeb1c33e71,tesla_model_y_robotaxi_2024,software_update,2026-08-21T01:35:39.028103Z,2026-08-21T02:07:39.028103Z,,twin
22222222-2222-2222-2222-222222222222,,2879307e-1fde-41ca-9309-d0aa11357436,waymo_jaguar_ipace_2024,software_update,2026-08-21T01:35:39.028103Z,2026-08-21T02:14:39.028103Z,,twin
22222222-2222-2222-2222-222222222222,,00d5597b-d714-470c-b86c-95e8f4f600ce,waymo_jaguar_ipace_2024,software_update,2026-08-21T01:35:39.028103Z,2026-08-21T01:54:39.028103Z,,twin
22222222-2222-2222-2222-222222222222,,0b8d2e11-fac3-40f3-883e-1d37cb7e6da5,waymo_jaguar_ipace_2024,software_update,2026-08-21T01:35:39.028103Z,2026-08-21T01:52:39.028103Z,,twin
22222222-2222-2222-2222-222222222222,,a5af28d4-d135-4617-a379-d20cf703d54d,tesla_model_y_robotaxi_2024,software_update,2026-08-21T01:35:39.028103Z,2026-08-21T02:00:39.028103Z,,twin
22222222-2222-2222-2222-222222222222,,1ea6a5d7-862d-44cc-a387-86cea6bc4fe4,tesla_model_y_robotaxi_2024,software_update,2026-08-21T01:35:39.028103Z,2026-08-21T02:14:39.028103Z,,twin
22222222-2222-2222-2222-222222222222,,1ea6a5d7-862d-44cc-a387-86cea6bc4fe4,tesla_model_y_robotaxi_2024,remote_diagnostics,2026-08-21T01:35:39.028103Z,2026-08-21T01:40:39.028103Z,,twin
22222222-2222-2222-2222-222222222222,,90c00fd5-03c2-4a5c-acdd-1fbcb709dfb2,tesla_model_y_robotaxi_2024,software_update,2026-08-21T01:35:39.028103Z,2026-08-21T02:14:39.028103Z,,twin
22222222-2222-2222-2222-222222222222,,b41ab68e-d488-4102-ba08-502df168a1a1,waymo_jaguar_ipace_2024,software_update,2026-08-21T01:35:39.028103Z,2026-08-21T01:59:39.028103Z,,twin
22222222-2222-2222-2222-222222222222,,3e88b963-abb9-415c-9637-fa8002b0074d,waymo_jaguar_ipace_2024,software_update,2026-08-21T01:35:39.028103Z,2026-08-21T01:51:39.028103Z,,twin
22222222-2222-2222-2222-222222222222,906cbfff-0c6f-47a6-a9da-7ec9af323221,14b02ad9-b6f6-4a74-867c-2a6ba9daf8e0,waymo_jaguar_ipace_2024,charge_dcfc,2026-08-21T01:35:39.028103Z,2026-08-21T02:35:39.028103Z,,twin
22222222-2222-2222-2222-222222222222,4ad671cb-0458-400a-83e9-cdc7b08dc3a1,138f4a23-c5c8-4b89-96a0-c72ebb6aee0c,tesla_model_y_robotaxi_2024,charge_dcfc,2026-08-21T01:55:37.378401Z,2026-08-21T02:25:37.378401Z,,twin
22222222-2222-2222-2222-222222222222,,7026f086-5ec4-485c-ae41-87bee8f181f1,waymo_jaguar_ipace_2024,sensor_clean,2026-08-21T01:55:37.378401Z,2026-08-21T01:55:37.378401Z,,twin
22222222-2222-2222-2222-222222222222,2e308e1f-ab85-4203-9684-5b96bdc38eec,acba173d-89ed-4221-a7f7-52ae57693c67,tesla_model_y_robotaxi_2024,inspect,,2026-08-21T01:55:37.378401Z,,twin
22222222-2222-2222-2222-222222222222,6d4318c0-3d29-456b-ad33-6e24ff620e49,b6e8b116-0650-4d3b-b4d7-d78bd454f7e0,tesla_model_y_robotaxi_2024,inspect,,2026-08-21T01:55:37.378401Z,,twin
22222222-2222-2222-2222-222222222222,,2879307e-1fde-41ca-9309-d0aa11357436,waymo_jaguar_ipace_2024,remote_diagnostics,2026-08-21T01:55:37.378401Z,2026-08-21T02:00:37.378401Z,,twin
22222222-2222-2222-2222-222222222222,,4732bf55-398f-4430-bc4c-0d14d4b89e2e,waymo_jaguar_ipace_2024,interior_tidy,2026-08-21T01:55:37.378401Z,2026-08-21T01:59:37.378401Z,,twin
22222222-2222-2222-2222-222222222222,,51766e8e-fe42-436d-b37a-10215bdb6798,waymo_jaguar_ipace_2024,software_update,2026-08-21T01:55:37.378401Z,2026-08-21T02:18:37.378401Z,,twin
22222222-2222-2222-2222-222222222222,,53e3dc12-2d7e-4d7b-8dbf-79a5eeef13ce,tesla_model_y_robotaxi_2024,interior_tidy,2026-08-21T01:55:37.378401Z,2026-08-21T02:00:37.378401Z,,twin
22222222-2222-2222-2222-222222222222,ed83a9d8-cac4-4730-968a-3e82d690e4b8,4992b1fa-fc81-445e-a203-657094d89f18,waymo_jaguar_ipace_2024,charge_dcfc,2026-08-21T01:55:37.378401Z,2026-08-21T04:25:37.378401Z,,twin
22222222-2222-2222-2222-222222222222,,5b8524d6-260b-448c-a9ae-9e18e9cada45,waymo_jaguar_ipace_2024,software_update,2026-08-21T01:55:37.378401Z,2026-08-21T02:12:37.378401Z,,twin
22222222-2222-2222-2222-222222222222,,9240c4c6-422b-4ac5-b65d-321faac569ce,waymo_jaguar_ipace_2024,remote_diagnostics,2026-08-21T01:55:37.378401Z,2026-08-21T02:00:37.378401Z,,twin
22222222-2222-2222-2222-222222222222,776aa6c7-455b-45f0-9e08-abfef1fb4664,0bfd4d59-44f9-4a57-8c06-51bc00a2a6b9,tesla_model_y_robotaxi_2024,charge_dcfc,2026-08-21T01:55:37.378401Z,2026-08-21T02:25:37.378401Z,,twin
22222222-2222-2222-2222-222222222222,,053b8abd-e2b6-4b19-9bfc-314430947773,waymo_jaguar_ipace_2024,software_update,2026-08-21T01:55:37.378401Z,2026-08-21T02:34:37.378401Z,,twin
22222222-2222-2222-2222-222222222222,45014fff-d85b-4949-aa6c-3026179489fb,0b8d2e11-fac3-40f3-883e-1d37cb7e6da5,waymo_jaguar_ipace_2024,charge_dcfc,2026-08-21T01:55:37.378401Z,2026-08-21T04:25:37.378401Z,,twin
22222222-2222-2222-2222-222222222222,,2879307e-1fde-41ca-9309-d0aa11357436,waymo_jaguar_ipace_2024,software_update,2026-08-21T01:55:37.378401Z,2026-08-21T02:32:37.378401Z,,twin
22222222-2222-2222-2222-222222222222,,32a91a14-aac6-4c58-924e-e61a6766978b,waymo_jaguar_ipace_2024,software_update,2026-08-21T01:55:37.378401Z,2026-08-21T02:35:37.378401Z,,twin
22222222-2222-2222-2222-222222222222,,618e0836-b6e1-459d-9955-38857bf1cbff,waymo_jaguar_ipace_2024,software_update,2026-08-21T01:55:37.378401Z,2026-08-21T02:39:37.378401Z,,twin
22222222-2222-2222-2222-222222222222,,8ed8211d-aaa2-4051-b116-8f9f2501fc51,waymo_jaguar_ipace_2024,software_update,2026-08-21T01:55:37.378401Z,2026-08-21T02:27:37.378401Z,,twin
22222222-2222-2222-2222-222222222222,,9240c4c6-422b-4ac5-b65d-321faac569ce,waymo_jaguar_ipace_2024,software_update,2026-08-21T01:55:37.378401Z,2026-08-21T02:36:37.378401Z,,twin
22222222-2222-2222-2222-222222222222,,524312ab-2416-46fd-aebb-34d785ef7da6,waymo_jaguar_ipace_2024,inspect,2026-08-21T01:59:31.741782Z,2026-08-21T02:02:31.741782Z,,twin
22222222-2222-2222-2222-222222222222,,138f4a23-c5c8-4b89-96a0-c72ebb6aee0c,tesla_model_y_robotaxi_2024,remote_diagnostics,2026-08-21T02:02:31.741782Z,2026-08-21T02:07:31.741782Z,,twin
22222222-2222-2222-2222-222222222222,,9240c4c6-422b-4ac5-b65d-321faac569ce,waymo_jaguar_ipace_2024,software_update,2026-08-21T02:02:31.741782Z,2026-08-21T02:43:31.741782Z,,twin
22222222-2222-2222-2222-222222222222,,8ed8211d-aaa2-4051-b116-8f9f2501fc51,waymo_jaguar_ipace_2024,software_update,2026-08-21T02:02:31.741782Z,2026-08-21T02:39:31.741782Z,,twin
22222222-2222-2222-2222-222222222222,,64710503-d52c-42ae-bddf-53aec572c4d9,waymo_jaguar_ipace_2024,software_update,2026-08-21T02:02:31.741782Z,2026-08-21T02:27:31.741782Z,,twin
22222222-2222-2222-2222-222222222222,,7026f086-5ec4-485c-ae41-87bee8f181f1,waymo_jaguar_ipace_2024,software_update,2026-08-21T02:02:31.741782Z,2026-08-21T02:40:31.741782Z,,twin
22222222-2222-2222-2222-222222222222,,618e0836-b6e1-459d-9955-38857bf1cbff,waymo_jaguar_ipace_2024,software_update,2026-08-21T02:02:31.741782Z,2026-08-21T02:46:31.741782Z,,twin
22222222-2222-2222-2222-222222222222,,138f4a23-c5c8-4b89-96a0-c72ebb6aee0c,tesla_model_y_robotaxi_2024,software_update,2026-08-21T02:02:31.741782Z,2026-08-21T02:22:31.741782Z,,twin
22222222-2222-2222-2222-222222222222,,8ed8211d-aaa2-4051-b116-8f9f2501fc51,waymo_jaguar_ipace_2024,interior_tidy,2026-08-21T02:02:31.741782Z,2026-08-21T02:07:31.741782Z,,twin
22222222-2222-2222-2222-222222222222,,9240c4c6-422b-4ac5-b65d-321faac569ce,waymo_jaguar_ipace_2024,remote_diagnostics,2026-08-21T02:02:31.741782Z,2026-08-21T02:07:31.741782Z,,twin
22222222-2222-2222-2222-222222222222,,464c07e3-3699-4238-90d6-ea1325d0b36c,tesla_model_y_robotaxi_2024,interior_tidy,2026-08-21T02:02:31.741782Z,2026-08-21T02:05:31.741782Z,,twin
22222222-2222-2222-2222-222222222222,,4732bf55-398f-4430-bc4c-0d14d4b89e2e,waymo_jaguar_ipace_2024,sensor_clean,2026-08-21T02:02:31.741782Z,2026-08-21T02:07:31.741782Z,,twin
22222222-2222-2222-2222-222222222222,,51766e8e-fe42-436d-b37a-10215bdb6798,waymo_jaguar_ipace_2024,software_update,2026-08-21T02:02:31.741782Z,2026-08-21T02:25:31.741782Z,,twin
22222222-2222-2222-2222-222222222222,,53e3dc12-2d7e-4d7b-8dbf-79a5eeef13ce,tesla_model_y_robotaxi_2024,interior_tidy,2026-08-21T02:02:31.741782Z,2026-08-21T02:07:31.741782Z,,twin
22222222-2222-2222-2222-222222222222,,5b8524d6-260b-448c-a9ae-9e18e9cada45,waymo_jaguar_ipace_2024,software_update,2026-08-21T02:02:31.741782Z,2026-08-21T02:28:31.741782Z,,twin
22222222-2222-2222-2222-222222222222,,bfc95659-513d-4d55-b665-525b9e9e14e5,waymo_jaguar_ipace_2024,software_update,2026-08-21T02:02:31.741782Z,2026-08-21T02:44:31.741782Z,,twin
22222222-2222-2222-2222-222222222222,,03812c6f-407b-4782-858f-c15cdbaf8de7,waymo_jaguar_ipace_2024,sensor_clean,2026-08-21T02:02:31.741782Z,2026-08-21T02:02:31.741782Z,,twin
22222222-2222-2222-2222-222222222222,,c433a36d-8782-46b2-b128-3e345bcbd186,waymo_jaguar_ipace_2024,software_update,2026-08-21T02:02:31.741782Z,2026-08-21T02:20:31.741782Z,,twin
22222222-2222-2222-2222-222222222222,21b60831-523f-4182-9223-072091eea2b2,e7c0498e-4f61-474f-8934-8864c090cefd,waymo_jaguar_ipace_2024,inspect,,2026-08-21T02:02:31.741782Z,,twin
22222222-2222-2222-2222-222222222222,,970832d1-8185-4eb5-8d10-c1cbe44c9283,waymo_jaguar_ipace_2024,software_update,2026-08-21T02:02:31.741782Z,2026-08-21T02:36:31.741782Z,,twin
22222222-2222-2222-2222-222222222222,,b41ab68e-d488-4102-ba08-502df168a1a1,waymo_jaguar_ipace_2024,interior_tidy,2026-08-21T02:02:31.741782Z,2026-08-21T02:02:31.741782Z,,twin
22222222-2222-2222-2222-222222222222,,f2cc320b-7543-47cf-a66d-37acee233f1b,tesla_model_y_robotaxi_2024,software_update,2026-08-21T02:02:31.741782Z,2026-08-21T02:18:31.741782Z,,twin
22222222-2222-2222-2222-222222222222,,053b8abd-e2b6-4b19-9bfc-314430947773,waymo_jaguar_ipace_2024,software_update,2026-08-21T02:02:31.741782Z,2026-08-21T02:28:31.741782Z,,twin
22222222-2222-2222-2222-222222222222,,524312ab-2416-46fd-aebb-34d785ef7da6,waymo_jaguar_ipace_2024,inspect,2026-08-21T02:02:32.269186Z,2026-08-21T02:05:32.269186Z,,twin
22222222-2222-2222-2222-222222222222,,51766e8e-fe42-436d-b37a-10215bdb6798,waymo_jaguar_ipace_2024,software_update,2026-08-21T02:03:45.566184Z,2026-08-21T02:26:45.566184Z,,twin
22222222-2222-2222-2222-222222222222,,a6e9c009-82e7-4c32-b9be-d3feaad294ca,waymo_jaguar_ipace_2024,software_update,2026-08-21T02:03:45.566184Z,2026-08-21T02:34:45.566184Z,,twin
22222222-2222-2222-2222-222222222222,,970832d1-8185-4eb5-8d10-c1cbe44c9283,waymo_jaguar_ipace_2024,software_update,2026-08-21T02:03:45.566184Z,2026-08-21T02:37:45.566184Z,,twin
22222222-2222-2222-2222-222222222222,,9240c4c6-422b-4ac5-b65d-321faac569ce,waymo_jaguar_ipace_2024,software_update,2026-08-21T02:03:45.566184Z,2026-08-21T02:44:45.566184Z,,twin
22222222-2222-2222-2222-222222222222,,7026f086-5ec4-485c-ae41-87bee8f181f1,waymo_jaguar_ipace_2024,software_update,2026-08-21T02:03:45.566184Z,2026-08-21T02:41:45.566184Z,,twin
22222222-2222-2222-2222-222222222222,,4732bf55-398f-4430-bc4c-0d14d4b89e2e,waymo_jaguar_ipace_2024,software_update,2026-08-21T02:03:45.566184Z,2026-08-21T02:45:45.566184Z,,twin
22222222-2222-2222-2222-222222222222,,32a91a14-aac6-4c58-924e-e61a6766978b,waymo_jaguar_ipace_2024,software_update,2026-08-21T02:03:45.566184Z,2026-08-21T02:43:45.566184Z,,twin
22222222-2222-2222-2222-222222222222,,0d13e7d4-4707-44be-a233-8a3e849a23c5,waymo_jaguar_ipace_2024,software_update,2026-08-21T02:03:45.566184Z,2026-08-21T02:44:45.566184Z,,twin
22222222-2222-2222-2222-222222222222,,cef7d122-6498-4555-8eba-8a6d51644d74,tesla_model_y_robotaxi_2024,software_update,2026-08-21T02:03:45.566184Z,2026-08-21T02:18:45.566184Z,,twin
22222222-2222-2222-2222-222222222222,,7026f086-5ec4-485c-ae41-87bee8f181f1,waymo_jaguar_ipace_2024,interior_tidy,2026-08-21T02:03:45.566184Z,2026-08-21T02:08:45.566184Z,,twin
22222222-2222-2222-2222-222222222222,,53e3dc12-2d7e-4d7b-8dbf-79a5eeef13ce,tesla_model_y_robotaxi_2024,interior_tidy,2026-08-21T02:03:45.566184Z,2026-08-21T02:08:45.566184Z,,twin
22222222-2222-2222-2222-222222222222,,03812c6f-407b-4782-858f-c15cdbaf8de7,waymo_jaguar_ipace_2024,software_update,2026-08-21T02:03:45.566184Z,2026-08-21T02:20:45.566184Z,,twin
22222222-2222-2222-2222-222222222222,2e308e1f-ab85-4203-9684-5b96bdc38eec,14b02ad9-b6f6-4a74-867c-2a6ba9daf8e0,waymo_jaguar_ipace_2024,inspect,,2026-08-21T02:03:45.566184Z,,twin
22222222-2222-2222-2222-222222222222,6d4318c0-3d29-456b-ad33-6e24ff620e49,36ff94e5-663b-408d-bebc-3d56508d4996,tesla_model_y_robotaxi_2024,inspect,,2026-08-21T02:03:45.566184Z,,twin
22222222-2222-2222-2222-222222222222,,9240c4c6-422b-4ac5-b65d-321faac569ce,waymo_jaguar_ipace_2024,remote_diagnostics,2026-08-21T02:03:45.566184Z,2026-08-21T02:08:45.566184Z,,twin
22222222-2222-2222-2222-222222222222,,5b8524d6-260b-448c-a9ae-9e18e9cada45,waymo_jaguar_ipace_2024,software_update,2026-08-21T02:05:32.269186Z,2026-08-21T02:31:32.269186Z,,twin
22222222-2222-2222-2222-222222222222,,53e3dc12-2d7e-4d7b-8dbf-79a5eeef13ce,tesla_model_y_robotaxi_2024,interior_tidy,2026-08-21T02:05:32.269186Z,2026-08-21T02:10:32.269186Z,,twin
22222222-2222-2222-2222-222222222222,,464c07e3-3699-4238-90d6-ea1325d0b36c,tesla_model_y_robotaxi_2024,interior_tidy,2026-08-21T02:05:32.269186Z,2026-08-21T02:08:32.269186Z,,twin
22222222-2222-2222-2222-222222222222,,4732bf55-398f-4430-bc4c-0d14d4b89e2e,waymo_jaguar_ipace_2024,sensor_clean,2026-08-21T02:05:32.269186Z,2026-08-21T02:10:32.269186Z,,twin
22222222-2222-2222-2222-222222222222,,51766e8e-fe42-436d-b37a-10215bdb6798,waymo_jaguar_ipace_2024,software_update,2026-08-21T02:05:32.269186Z,2026-08-21T02:28:32.269186Z,,twin
22222222-2222-2222-2222-222222222222,,bfc95659-513d-4d55-b665-525b9e9e14e5,waymo_jaguar_ipace_2024,software_update,2026-08-21T02:05:32.269186Z,2026-08-21T02:47:32.269186Z,,twin
22222222-2222-2222-2222-222222222222,,c433a36d-8782-46b2-b128-3e345bcbd186,waymo_jaguar_ipace_2024,software_update,2026-08-21T02:05:32.269186Z,2026-08-21T02:23:32.269186Z,,twin
22222222-2222-2222-2222-222222222222,,9240c4c6-422b-4ac5-b65d-321faac569ce,waymo_jaguar_ipace_2024,software_update,2026-08-21T02:05:32.269186Z,2026-08-21T02:46:32.269186Z,,twin
22222222-2222-2222-2222-222222222222,,8ed8211d-aaa2-4051-b116-8f9f2501fc51,waymo_jaguar_ipace_2024,interior_tidy,2026-08-21T02:05:32.269186Z,2026-08-21T02:10:32.269186Z,,twin
22222222-2222-2222-2222-222222222222,,8ed8211d-aaa2-4051-b116-8f9f2501fc51,waymo_jaguar_ipace_2024,software_update,2026-08-21T02:05:32.269186Z,2026-08-21T02:42:32.269186Z,,twin
22222222-2222-2222-2222-222222222222,,9240c4c6-422b-4ac5-b65d-321faac569ce,waymo_jaguar_ipace_2024,remote_diagnostics,2026-08-21T02:05:32.269186Z,2026-08-21T02:10:32.269186Z,,twin
22222222-2222-2222-2222-222222222222,,b41ab68e-d488-4102-ba08-502df168a1a1,waymo_jaguar_ipace_2024,interior_tidy,2026-08-21T02:05:32.269186Z,2026-08-21T02:05:32.269186Z,,twin
22222222-2222-2222-2222-222222222222,21b60831-523f-4182-9223-072091eea2b2,e7c0498e-4f61-474f-8934-8864c090cefd,waymo_jaguar_ipace_2024,inspect,,2026-08-21T02:05:32.269186Z,,twin
22222222-2222-2222-2222-222222222222,,970832d1-8185-4eb5-8d10-c1cbe44c9283,waymo_jaguar_ipace_2024,software_update,2026-08-21T02:05:32.269186Z,2026-08-21T02:39:32.269186Z,,twin
22222222-2222-2222-2222-222222222222,,7026f086-5ec4-485c-ae41-87bee8f181f1,waymo_jaguar_ipace_2024,software_update,2026-08-21T02:05:32.269186Z,2026-08-21T02:43:32.269186Z,,twin
22222222-2222-2222-2222-222222222222,,053b8abd-e2b6-4b19-9bfc-314430947773,waymo_jaguar_ipace_2024,software_update,2026-08-21T02:05:32.269186Z,2026-08-21T02:31:32.269186Z,,twin
22222222-2222-2222-2222-222222222222,,618e0836-b6e1-459d-9955-38857bf1cbff,waymo_jaguar_ipace_2024,software_update,2026-08-21T02:05:32.269186Z,2026-08-21T02:49:32.269186Z,,twin
22222222-2222-2222-2222-222222222222,,03812c6f-407b-4782-858f-c15cdbaf8de7,waymo_jaguar_ipace_2024,sensor_clean,2026-08-21T02:05:32.269186Z,2026-08-21T02:05:32.269186Z,,twin
22222222-2222-2222-2222-222222222222,,f2cc320b-7543-47cf-a66d-37acee233f1b,tesla_model_y_robotaxi_2024,software_update,2026-08-21T02:05:32.269186Z,2026-08-21T02:21:32.269186Z,,twin
22222222-2222-2222-2222-222222222222,,64710503-d52c-42ae-bddf-53aec572c4d9,waymo_jaguar_ipace_2024,software_update,2026-08-21T02:05:32.269186Z,2026-08-21T02:30:32.269186Z,,twin
22222222-2222-2222-2222-222222222222,,138f4a23-c5c8-4b89-96a0-c72ebb6aee0c,tesla_model_y_robotaxi_2024,remote_diagnostics,2026-08-21T02:05:32.269186Z,2026-08-21T02:10:32.269186Z,,twin
22222222-2222-2222-2222-222222222222,,138f4a23-c5c8-4b89-96a0-c72ebb6aee0c,tesla_model_y_robotaxi_2024,software_update,2026-08-21T02:05:32.269186Z,2026-08-21T02:25:32.269186Z,,twin
22222222-2222-2222-2222-222222222222,,51766e8e-fe42-436d-b37a-10215bdb6798,waymo_jaguar_ipace_2024,software_update,2026-08-21T02:05:39.028103Z,2026-08-21T02:28:39.028103Z,,twin
22222222-2222-2222-2222-222222222222,,7026f086-5ec4-485c-ae41-87bee8f181f1,waymo_jaguar_ipace_2024,software_update,2026-08-21T02:05:39.028103Z,2026-08-21T02:43:39.028103Z,,twin
22222222-2222-2222-2222-222222222222,,4732bf55-398f-4430-bc4c-0d14d4b89e2e,waymo_jaguar_ipace_2024,software_update,2026-08-21T02:05:39.028103Z,2026-08-21T02:47:39.028103Z,,twin
22222222-2222-2222-2222-222222222222,,0d13e7d4-4707-44be-a233-8a3e849a23c5,waymo_jaguar_ipace_2024,software_update,2026-08-21T02:05:39.028103Z,2026-08-21T02:46:39.028103Z,,twin
22222222-2222-2222-2222-222222222222,,32a91a14-aac6-4c58-924e-e61a6766978b,waymo_jaguar_ipace_2024,software_update,2026-08-21T02:05:39.028103Z,2026-08-21T02:45:39.028103Z,,twin
22222222-2222-2222-2222-222222222222,,03812c6f-407b-4782-858f-c15cdbaf8de7,waymo_jaguar_ipace_2024,software_update,2026-08-21T02:05:39.028103Z,2026-08-21T02:22:39.028103Z,,twin
22222222-2222-2222-2222-222222222222,2e308e1f-ab85-4203-9684-5b96bdc38eec,8d4890b5-dd19-4bf9-b7be-3ef918ff1653,waymo_jaguar_ipace_2024,inspect,,2026-08-21T02:05:39.028103Z,,twin
22222222-2222-2222-2222-222222222222,,53e3dc12-2d7e-4d7b-8dbf-79a5eeef13ce,tesla_model_y_robotaxi_2024,interior_tidy,2026-08-21T02:05:39.028103Z,2026-08-21T02:10:39.028103Z,,twin
22222222-2222-2222-2222-222222222222,,a6e9c009-82e7-4c32-b9be-d3feaad294ca,waymo_jaguar_ipace_2024,software_update,2026-08-21T02:05:39.028103Z,2026-08-21T02:36:39.028103Z,,twin
22222222-2222-2222-2222-222222222222,,970832d1-8185-4eb5-8d10-c1cbe44c9283,waymo_jaguar_ipace_2024,software_update,2026-08-21T02:05:39.028103Z,2026-08-21T02:39:39.028103Z,,twin
22222222-2222-2222-2222-222222222222,,7026f086-5ec4-485c-ae41-87bee8f181f1,waymo_jaguar_ipace_2024,interior_tidy,2026-08-21T02:05:39.028103Z,2026-08-21T02:10:39.028103Z,,twin
22222222-2222-2222-2222-222222222222,,9240c4c6-422b-4ac5-b65d-321faac569ce,waymo_jaguar_ipace_2024,software_update,2026-08-21T02:05:39.028103Z,2026-08-21T02:46:39.028103Z,,twin
22222222-2222-2222-2222-222222222222,,9240c4c6-422b-4ac5-b65d-321faac569ce,waymo_jaguar_ipace_2024,remote_diagnostics,2026-08-21T02:05:39.028103Z,2026-08-21T02:10:39.028103Z,,twin
22222222-2222-2222-2222-222222222222,,2be09ec0-e78a-4cd8-9f80-fceeb1c33e71,tesla_model_y_robotaxi_2024,inspect,2026-08-21T02:22:37.378401Z,2026-08-21T02:25:37.378401Z,,twin
22222222-2222-2222-2222-222222222222,,36ff94e5-663b-408d-bebc-3d56508d4996,tesla_model_y_robotaxi_2024,inspect,2026-08-21T02:22:37.378401Z,2026-08-21T02:25:37.378401Z,,twin
22222222-2222-2222-2222-222222222222,,5dfd9db9-4262-4a7f-8f7e-055ce7a5e426,tesla_model_y_robotaxi_2024,inspect,2026-08-21T02:22:37.378401Z,2026-08-21T02:25:37.378401Z,,twin
22222222-2222-2222-2222-222222222222,b9e37717-cafb-4e36-a124-a77f667101fc,2547bf99-05c5-4055-9daa-c9e2a99da11d,tesla_model_y_robotaxi_2024,inspect,,2026-08-21T02:25:37.378401Z,,twin
22222222-2222-2222-2222-222222222222,b228e63a-90a4-45a9-bc17-1171e72e3bea,b6e8b116-0650-4d3b-b4d7-d78bd454f7e0,tesla_model_y_robotaxi_2024,inspect,,2026-08-21T02:25:37.378401Z,,twin
22222222-2222-2222-2222-222222222222,,03812c6f-407b-4782-858f-c15cdbaf8de7,waymo_jaguar_ipace_2024,software_update,2026-08-21T02:25:37.378401Z,2026-08-21T02:50:37.378401Z,,twin
22222222-2222-2222-2222-222222222222,,64710503-d52c-42ae-bddf-53aec572c4d9,waymo_jaguar_ipace_2024,software_update,2026-08-21T02:25:37.378401Z,2026-08-21T02:50:37.378401Z,,twin
22222222-2222-2222-2222-222222222222,,bfc95659-513d-4d55-b665-525b9e9e14e5,waymo_jaguar_ipace_2024,software_update,2026-08-21T02:25:37.378401Z,2026-08-21T02:54:37.378401Z,,twin
22222222-2222-2222-2222-222222222222,,c433a36d-8782-46b2-b128-3e345bcbd186,waymo_jaguar_ipace_2024,software_update,2026-08-21T02:25:37.378401Z,2026-08-21T02:43:37.378401Z,,twin
22222222-2222-2222-2222-222222222222,01ac5105-b808-4863-8e01-e534717479f1,138f4a23-c5c8-4b89-96a0-c72ebb6aee0c,tesla_model_y_robotaxi_2024,detail,2026-08-21T02:25:37.378401Z,2026-08-21T02:46:38.778980Z,,twin
22222222-2222-2222-2222-222222222222,,a6e9c009-82e7-4c32-b9be-d3feaad294ca,waymo_jaguar_ipace_2024,software_update,2026-08-21T02:25:37.378401Z,2026-08-21T02:56:37.378401Z,,twin
22222222-2222-2222-2222-222222222222,,661b3e46-d875-466f-bedd-605fd87ac4d7,waymo_jaguar_ipace_2024,software_update,2026-08-21T02:25:37.378401Z,2026-08-21T03:08:37.378401Z,,twin
22222222-2222-2222-2222-222222222222,2e308e1f-ab85-4203-9684-5b96bdc38eec,10b4f941-b257-4571-948d-cc7b72d0fb52,tesla_model_y_robotaxi_2024,inspect,,2026-08-21T02:25:37.378401Z,,twin
22222222-2222-2222-2222-222222222222,6d4318c0-3d29-456b-ad33-6e24ff620e49,1520dd3c-3658-4cd5-ad83-8c73c35e97c9,tesla_model_y_robotaxi_2024,inspect,,2026-08-21T02:25:37.378401Z,,twin
22222222-2222-2222-2222-222222222222,,970832d1-8185-4eb5-8d10-c1cbe44c9283,waymo_jaguar_ipace_2024,software_update,2026-08-21T02:25:37.378401Z,2026-08-21T03:06:37.378401Z,,twin
22222222-2222-2222-2222-222222222222,4ad671cb-0458-400a-83e9-cdc7b08dc3a1,4732bf55-398f-4430-bc4c-0d14d4b89e2e,waymo_jaguar_ipace_2024,charge_dcfc,2026-08-21T02:32:31.741782Z,2026-08-21T03:02:31.741782Z,,twin
22222222-2222-2222-2222-222222222222,9e073bef-0b54-4868-931a-8d491e658f1f,138f4a23-c5c8-4b89-96a0-c72ebb6aee0c,tesla_model_y_robotaxi_2024,inspect,,2026-08-21T02:32:31.741782Z,,twin
22222222-2222-2222-2222-222222222222,,838200a0-b464-4eb0-9cab-faaee1f80b5a,zoox_robotaxi_2024,software_update,2026-08-21T02:32:31.741782Z,2026-08-21T02:48:31.741782Z,,twin
22222222-2222-2222-2222-222222222222,b9e37717-cafb-4e36-a124-a77f667101fc,9240c4c6-422b-4ac5-b65d-321faac569ce,waymo_jaguar_ipace_2024,inspect,,2026-08-21T02:32:31.741782Z,,twin
22222222-2222-2222-2222-222222222222,6d4318c0-3d29-456b-ad33-6e24ff620e49,618e0836-b6e1-459d-9955-38857bf1cbff,waymo_jaguar_ipace_2024,inspect,,2026-08-21T02:32:31.741782Z,,twin
22222222-2222-2222-2222-222222222222,906cbfff-0c6f-47a6-a9da-7ec9af323221,64710503-d52c-42ae-bddf-53aec572c4d9,waymo_jaguar_ipace_2024,charge_dcfc,2026-08-21T02:32:31.741782Z,2026-08-21T03:02:31.741782Z,,twin
22222222-2222-2222-2222-222222222222,21b60831-523f-4182-9223-072091eea2b2,4732bf55-398f-4430-bc4c-0d14d4b89e2e,waymo_jaguar_ipace_2024,inspect,,2026-08-21T02:32:31.741782Z,,twin
22222222-2222-2222-2222-222222222222,1cc14b7f-d2b3-477e-b069-079ca9f62571,7026f086-5ec4-485c-ae41-87bee8f181f1,waymo_jaguar_ipace_2024,inspect,,2026-08-21T02:32:31.741782Z,,twin
22222222-2222-2222-2222-222222222222,6865247b-0ca1-4f06-bee1-9a2a7e9df40e,970832d1-8185-4eb5-8d10-c1cbe44c9283,waymo_jaguar_ipace_2024,inspect,,2026-08-21T02:32:31.741782Z,,twin
22222222-2222-2222-2222-222222222222,2e308e1f-ab85-4203-9684-5b96bdc38eec,51766e8e-fe42-436d-b37a-10215bdb6798,waymo_jaguar_ipace_2024,inspect,,2026-08-21T02:32:31.741782Z,,twin
22222222-2222-2222-2222-222222222222,d146b0d3-034b-445f-8630-5e82d4e71fb0,c433a36d-8782-46b2-b128-3e345bcbd186,waymo_jaguar_ipace_2024,inspect,,2026-08-21T02:32:31.741782Z,,twin
22222222-2222-2222-2222-222222222222,736962b1-f58c-4165-9657-89dfea75616d,053b8abd-e2b6-4b19-9bfc-314430947773,waymo_jaguar_ipace_2024,charge_dcfc,2026-08-21T02:32:31.741782Z,2026-08-21T03:02:31.741782Z,,twin
22222222-2222-2222-2222-222222222222,,053b8abd-e2b6-4b19-9bfc-314430947773,waymo_jaguar_ipace_2024,interior_tidy,2026-08-21T02:32:31.741782Z,2026-08-21T02:32:31.741782Z,,twin
22222222-2222-2222-2222-222222222222,,02f1a60b-27e8-46a3-831b-d9232cc510a0,tesla_model_y_robotaxi_2024,software_update,2026-08-21T02:32:37.471399Z,2026-08-21T02:51:37.471399Z,,twin
22222222-2222-2222-2222-222222222222,,01b10692-0e0e-42c5-9889-f461f60471cf,zoox_robotaxi_2024,software_update,2026-08-21T02:32:37.471399Z,2026-08-21T02:58:37.471399Z,,twin
22222222-2222-2222-2222-222222222222,,0bfd4d59-44f9-4a57-8c06-51bc00a2a6b9,tesla_model_y_robotaxi_2024,remote_diagnostics,2026-08-21T02:32:37.471399Z,2026-08-21T02:37:37.471399Z,,twin
22222222-2222-2222-2222-222222222222,,0bfd4d59-44f9-4a57-8c06-51bc00a2a6b9,tesla_model_y_robotaxi_2024,software_update,2026-08-21T02:32:37.471399Z,2026-08-21T02:53:37.471399Z,,twin
22222222-2222-2222-2222-222222222222,,0d13e7d4-4707-44be-a233-8a3e849a23c5,waymo_jaguar_ipace_2024,remote_diagnostics,2026-08-21T02:32:37.471399Z,2026-08-21T02:37:37.471399Z,,twin
22222222-2222-2222-2222-222222222222,,0d13e7d4-4707-44be-a233-8a3e849a23c5,waymo_jaguar_ipace_2024,software_update,2026-08-21T02:32:37.471399Z,2026-08-21T03:00:37.471399Z,,twin
22222222-2222-2222-2222-222222222222,,10b4f941-b257-4571-948d-cc7b72d0fb52,tesla_model_y_robotaxi_2024,remote_diagnostics,2026-08-21T02:32:37.471399Z,2026-08-21T02:37:37.471399Z,,twin
22222222-2222-2222-2222-222222222222,,10b4f941-b257-4571-948d-cc7b72d0fb52,tesla_model_y_robotaxi_2024,software_update,2026-08-21T02:32:37.471399Z,2026-08-21T02:54:37.471399Z,,twin
22222222-2222-2222-2222-222222222222,,138f4a23-c5c8-4b89-96a0-c72ebb6aee0c,tesla_model_y_robotaxi_2024,interior_tidy,2026-08-21T02:32:37.471399Z,2026-08-21T02:36:37.471399Z,,twin
22222222-2222-2222-2222-222222222222,,14b02ad9-b6f6-4a74-867c-2a6ba9daf8e0,waymo_jaguar_ipace_2024,software_update,2026-08-21T02:32:37.471399Z,2026-08-21T03:01:37.471399Z,,twin
22222222-2222-2222-2222-222222222222,,1520dd3c-3658-4cd5-ad83-8c73c35e97c9,tesla_model_y_robotaxi_2024,software_update,2026-08-21T02:32:37.471399Z,2026-08-21T02:57:37.471399Z,,twin
22222222-2222-2222-2222-222222222222,,1973c5a4-5670-46fa-bbe2-5f6a3a1d0c6a,zoox_robotaxi_2024,software_update,2026-08-21T02:32:37.471399Z,2026-08-21T02:47:37.471399Z,,twin
22222222-2222-2222-2222-222222222222,,19b9bcf6-0586-4238-b70e-9ce1d490efe9,zoox_robotaxi_2024,software_update,2026-08-21T02:32:37.471399Z,2026-08-21T02:57:37.471399Z,,twin
22222222-2222-2222-2222-222222222222,,1c9aff71-a240-4bfe-b55a-d0eaa2ec6116,tesla_model_y_robotaxi_2024,software_update,2026-08-21T02:32:37.471399Z,2026-08-21T02:53:37.471399Z,,twin
22222222-2222-2222-2222-222222222222,,1ea6a5d7-862d-44cc-a387-86cea6bc4fe4,tesla_model_y_robotaxi_2024,software_update,2026-08-21T02:32:37.471399Z,2026-08-21T02:51:37.471399Z,,twin
22222222-2222-2222-2222-222222222222,,2be09ec0-e78a-4cd8-9f80-fceeb1c33e71,tesla_model_y_robotaxi_2024,remote_diagnostics,2026-08-21T02:32:37.471399Z,2026-08-21T02:37:37.471399Z,,twin
22222222-2222-2222-2222-222222222222,,2be09ec0-e78a-4cd8-9f80-fceeb1c33e71,tesla_model_y_robotaxi_2024,software_update,2026-08-21T02:32:37.471399Z,2026-08-21T02:59:37.471399Z,,twin
22222222-2222-2222-2222-222222222222,,32a91a14-aac6-4c58-924e-e61a6766978b,waymo_jaguar_ipace_2024,software_update,2026-08-21T02:32:37.471399Z,2026-08-21T02:57:37.471399Z,,twin
22222222-2222-2222-2222-222222222222,,32b62034-d7c6-4dbd-b9a4-78e708ec4c1c,waymo_jaguar_ipace_2024,software_update,2026-08-21T02:32:37.471399Z,2026-08-21T03:00:37.471399Z,,twin
22222222-2222-2222-2222-222222222222,,3e88b963-abb9-415c-9637-fa8002b0074d,waymo_jaguar_ipace_2024,software_update,2026-08-21T02:32:37.471399Z,2026-08-21T02:50:37.471399Z,,twin
22222222-2222-2222-2222-222222222222,,4374f6a6-aa2e-4298-8fa2-1b30da90280e,zoox_robotaxi_2024,software_update,2026-08-21T02:32:37.471399Z,2026-08-21T03:00:37.471399Z,,twin
22222222-2222-2222-2222-222222222222,,464c07e3-3699-4238-90d6-ea1325d0b36c,tesla_model_y_robotaxi_2024,interior_tidy,2026-08-21T02:32:37.471399Z,2026-08-21T02:36:37.471399Z,,twin
22222222-2222-2222-2222-222222222222,01ac5105-b808-4863-8e01-e534717479f1,03812c6f-407b-4782-858f-c15cdbaf8de7,waymo_jaguar_ipace_2024,wash,2026-08-21T02:32:37.471399Z,2026-08-21T02:40:37.471399Z,,twin
22222222-2222-2222-2222-222222222222,4f598f7a-899f-43a2-900e-06e8d7d94962,053b8abd-e2b6-4b19-9bfc-314430947773,waymo_jaguar_ipace_2024,wash,2026-08-21T02:32:37.471399Z,2026-08-21T02:40:37.471399Z,,twin
22222222-2222-2222-2222-222222222222,,00d5597b-d714-470c-b86c-95e8f4f600ce,waymo_jaguar_ipace_2024,software_update,2026-08-21T02:32:37.471399Z,2026-08-21T03:09:37.471399Z,,twin
22222222-2222-2222-2222-222222222222,,0b8d2e11-fac3-40f3-883e-1d37cb7e6da5,waymo_jaguar_ipace_2024,software_update,2026-08-21T02:32:37.471399Z,2026-08-21T03:12:37.471399Z,,twin
22222222-2222-2222-2222-222222222222,,138f4a23-c5c8-4b89-96a0-c72ebb6aee0c,tesla_model_y_robotaxi_2024,software_update,2026-08-21T02:32:37.471399Z,2026-08-21T03:09:37.471399Z,,twin
22222222-2222-2222-2222-222222222222,,19ec1471-8525-4d88-801f-4cfee46f5ded,zoox_robotaxi_2024,software_update,2026-08-21T02:32:37.471399Z,2026-08-21T03:10:37.471399Z,,twin
22222222-2222-2222-2222-222222222222,,1aacf90d-d4e1-415e-ba09-603c306dffef,zoox_robotaxi_2024,software_update,2026-08-21T02:32:37.471399Z,2026-08-21T03:12:37.471399Z,,twin
22222222-2222-2222-2222-222222222222,,25061aa9-5a61-481b-acee-0aa08dd7066f,tesla_model_y_robotaxi_2024,software_update,2026-08-21T02:32:37.471399Z,2026-08-21T03:12:37.471399Z,,twin
22222222-2222-2222-2222-222222222222,,2547bf99-05c5-4055-9daa-c9e2a99da11d,tesla_model_y_robotaxi_2024,software_update,2026-08-21T02:32:37.471399Z,2026-08-21T03:03:37.471399Z,,twin
22222222-2222-2222-2222-222222222222,,2879307e-1fde-41ca-9309-d0aa11357436,waymo_jaguar_ipace_2024,software_update,2026-08-21T02:32:37.471399Z,2026-08-21T03:11:37.471399Z,,twin
22222222-2222-2222-2222-222222222222,,36ff94e5-663b-408d-bebc-3d56508d4996,tesla_model_y_robotaxi_2024,software_update,2026-08-21T02:32:37.471399Z,2026-08-21T03:04:37.471399Z,,twin
22222222-2222-2222-2222-222222222222,,3b6f1eb7-15f4-48e5-956c-9b261b9fcae1,waymo_jaguar_ipace_2024,software_update,2026-08-21T02:32:37.471399Z,2026-08-21T03:10:37.471399Z,,twin
22222222-2222-2222-2222-222222222222,,3fc2148f-fe15-42b9-8e9a-619351c746e4,waymo_jaguar_ipace_2024,software_update,2026-08-21T02:32:37.471399Z,2026-08-21T03:15:37.471399Z,,twin
22222222-2222-2222-2222-222222222222,,464c07e3-3699-4238-90d6-ea1325d0b36c,tesla_model_y_robotaxi_2024,software_update,2026-08-21T02:32:37.471399Z,2026-08-21T03:09:37.471399Z,,twin
22222222-2222-2222-2222-222222222222,,4732bf55-398f-4430-bc4c-0d14d4b89e2e,waymo_jaguar_ipace_2024,software_update,2026-08-21T02:32:37.471399Z,2026-08-21T03:08:37.471399Z,,twin
22222222-2222-2222-2222-222222222222,2e308e1f-ab85-4203-9684-5b96bdc38eec,0b8d2e11-fac3-40f3-883e-1d37cb7e6da5,waymo_jaguar_ipace_2024,inspect,,2026-08-21T02:33:45.566184Z,,twin
22222222-2222-2222-2222-222222222222,,9ec6cbc8-535e-4984-8fe2-1ac46abb9e00,waymo_jaguar_ipace_2024,software_update,2026-08-21T02:33:45.566184Z,2026-08-21T03:10:45.566184Z,,twin
22222222-2222-2222-2222-222222222222,,661b3e46-d875-466f-bedd-605fd87ac4d7,waymo_jaguar_ipace_2024,software_update,2026-08-21T02:33:45.566184Z,2026-08-21T03:16:45.566184Z,,twin
22222222-2222-2222-2222-222222222222,,4374f6a6-aa2e-4298-8fa2-1b30da90280e,zoox_robotaxi_2024,software_update,2026-08-21T02:33:45.566184Z,2026-08-21T03:09:45.566184Z,,twin
22222222-2222-2222-2222-222222222222,,3fc2148f-fe15-42b9-8e9a-619351c746e4,waymo_jaguar_ipace_2024,software_update,2026-08-21T02:33:45.566184Z,2026-08-21T03:05:45.566184Z,,twin
22222222-2222-2222-2222-222222222222,,3b6f1eb7-15f4-48e5-956c-9b261b9fcae1,waymo_jaguar_ipace_2024,software_update,2026-08-21T02:33:45.566184Z,2026-08-21T03:08:45.566184Z,,twin
22222222-2222-2222-2222-222222222222,,2547bf99-05c5-4055-9daa-c9e2a99da11d,tesla_model_y_robotaxi_2024,software_update,2026-08-21T02:33:45.566184Z,2026-08-21T03:13:45.566184Z,,twin
22222222-2222-2222-2222-222222222222,,19ec1471-8525-4d88-801f-4cfee46f5ded,zoox_robotaxi_2024,software_update,2026-08-21T02:33:45.566184Z,2026-08-21T03:06:45.566184Z,,twin
22222222-2222-2222-2222-222222222222,,1973c5a4-5670-46fa-bbe2-5f6a3a1d0c6a,zoox_robotaxi_2024,software_update,2026-08-21T02:33:45.566184Z,2026-08-21T03:10:45.566184Z,,twin
22222222-2222-2222-2222-222222222222,,02734f04-7f30-40eb-beb2-36e5d401c697,zoox_robotaxi_2024,software_update,2026-08-21T02:33:45.566184Z,2026-08-21T03:11:45.566184Z,,twin
22222222-2222-2222-2222-222222222222,,01b10692-0e0e-42c5-9889-f461f60471cf,zoox_robotaxi_2024,software_update,2026-08-21T02:33:45.566184Z,2026-08-21T03:14:45.566184Z,,twin
22222222-2222-2222-2222-222222222222,4ad671cb-0458-400a-83e9-cdc7b08dc3a1,4732bf55-398f-4430-bc4c-0d14d4b89e2e,waymo_jaguar_ipace_2024,charge_dcfc,2026-08-21T02:33:45.566184Z,2026-08-21T03:03:45.566184Z,,twin
22222222-2222-2222-2222-222222222222,,bfc95659-513d-4d55-b665-525b9e9e14e5,waymo_jaguar_ipace_2024,software_update,2026-08-21T02:33:45.566184Z,2026-08-21T03:02:45.566184Z,,twin
22222222-2222-2222-2222-222222222222,,64710503-d52c-42ae-bddf-53aec572c4d9,waymo_jaguar_ipace_2024,software_update,2026-08-21T02:33:45.566184Z,2026-08-21T02:58:45.566184Z,,twin
22222222-2222-2222-2222-222222222222,,5b8524d6-260b-448c-a9ae-9e18e9cada45,waymo_jaguar_ipace_2024,software_update,2026-08-21T02:33:45.566184Z,2026-08-21T02:59:45.566184Z,,twin
22222222-2222-2222-2222-222222222222,,03812c6f-407b-4782-858f-c15cdbaf8de7,waymo_jaguar_ipace_2024,sensor_clean,2026-08-21T02:33:45.566184Z,2026-08-21T02:33:45.566184Z,,twin
22222222-2222-2222-2222-222222222222,,45c66200-75cd-4f06-a41f-6534e1c311aa,zoox_robotaxi_2024,software_update,2026-08-21T02:33:45.566184Z,2026-08-21T03:02:45.566184Z,,twin
22222222-2222-2222-2222-222222222222,,27be18c4-bd2e-44ac-9eb5-1d1edc2809b7,zoox_robotaxi_2024,software_update,2026-08-21T02:33:45.566184Z,2026-08-21T02:55:45.566184Z,,twin
22222222-2222-2222-2222-222222222222,,1aacf90d-d4e1-415e-ba09-603c306dffef,zoox_robotaxi_2024,software_update,2026-08-21T02:33:45.566184Z,2026-08-21T02:54:45.566184Z,,twin
22222222-2222-2222-2222-222222222222,,19ec1471-8525-4d88-801f-4cfee46f5ded,zoox_robotaxi_2024,remote_diagnostics,2026-08-21T02:33:45.566184Z,2026-08-21T02:38:45.566184Z,,twin
22222222-2222-2222-2222-222222222222,,19b9bcf6-0586-4238-b70e-9ce1d490efe9,zoox_robotaxi_2024,software_update,2026-08-21T02:33:45.566184Z,2026-08-21T02:56:45.566184Z,,twin
22222222-2222-2222-2222-222222222222,,053b8abd-e2b6-4b19-9bfc-314430947773,waymo_jaguar_ipace_2024,software_update,2026-08-21T02:33:45.566184Z,2026-08-21T02:59:45.566184Z,,twin
22222222-2222-2222-2222-222222222222,,03812c6f-407b-4782-858f-c15cdbaf8de7,waymo_jaguar_ipace_2024,interior_tidy,2026-08-21T02:33:45.566184Z,2026-08-21T02:37:45.566184Z,,twin
22222222-2222-2222-2222-222222222222,,02f1a60b-27e8-46a3-831b-d9232cc510a0,tesla_model_y_robotaxi_2024,software_update,2026-08-21T02:33:45.566184Z,2026-08-21T03:01:45.566184Z,,twin
22222222-2222-2222-2222-222222222222,b9e37717-cafb-4e36-a124-a77f667101fc,6e5c4806-1191-4b8b-b750-d38231213a1b,tesla_model_y_robotaxi_2024,inspect,,2026-08-21T02:33:45.566184Z,,twin
22222222-2222-2222-2222-222222222222,909457af-b93e-491e-a793-e2ed7f8936c6,cef7d122-6498-4555-8eba-8a6d51644d74,tesla_model_y_robotaxi_2024,inspect,,2026-08-21T02:33:45.566184Z,,twin
22222222-2222-2222-2222-222222222222,b228e63a-90a4-45a9-bc17-1171e72e3bea,964bd583-6d45-459b-8bca-4c415c0993d3,tesla_model_y_robotaxi_2024,inspect,,2026-08-21T02:33:45.566184Z,,twin
22222222-2222-2222-2222-222222222222,6d4318c0-3d29-456b-ad33-6e24ff620e49,138f4a23-c5c8-4b89-96a0-c72ebb6aee0c,tesla_model_y_robotaxi_2024,inspect,,2026-08-21T02:33:45.566184Z,,twin
22222222-2222-2222-2222-222222222222,01ac5105-b808-4863-8e01-e534717479f1,03812c6f-407b-4782-858f-c15cdbaf8de7,waymo_jaguar_ipace_2024,wash,2026-08-21T02:34:15.878702Z,2026-08-21T02:42:15.878702Z,,twin
22222222-2222-2222-2222-222222222222,,01b10692-0e0e-42c5-9889-f461f60471cf,zoox_robotaxi_2024,software_update,2026-08-21T02:34:15.878702Z,2026-08-21T03:00:15.878702Z,,twin
22222222-2222-2222-2222-222222222222,,02f1a60b-27e8-46a3-831b-d9232cc510a0,tesla_model_y_robotaxi_2024,software_update,2026-08-21T02:34:15.878702Z,2026-08-21T02:53:15.878702Z,,twin
22222222-2222-2222-2222-222222222222,,0bfd4d59-44f9-4a57-8c06-51bc00a2a6b9,tesla_model_y_robotaxi_2024,remote_diagnostics,2026-08-21T02:34:15.878702Z,2026-08-21T02:39:15.878702Z,,twin
22222222-2222-2222-2222-222222222222,,0bfd4d59-44f9-4a57-8c06-51bc00a2a6b9,tesla_model_y_robotaxi_2024,software_update,2026-08-21T02:34:15.878702Z,2026-08-21T02:55:15.878702Z,,twin
22222222-2222-2222-2222-222222222222,,0d13e7d4-4707-44be-a233-8a3e849a23c5,waymo_jaguar_ipace_2024,remote_diagnostics,2026-08-21T02:34:15.878702Z,2026-08-21T02:39:15.878702Z,,twin
22222222-2222-2222-2222-222222222222,,0d13e7d4-4707-44be-a233-8a3e849a23c5,waymo_jaguar_ipace_2024,software_update,2026-08-21T02:34:15.878702Z,2026-08-21T03:02:15.878702Z,,twin
22222222-2222-2222-2222-222222222222,,10b4f941-b257-4571-948d-cc7b72d0fb52,tesla_model_y_robotaxi_2024,remote_diagnostics,2026-08-21T02:34:15.878702Z,2026-08-21T02:39:15.878702Z,,twin
22222222-2222-2222-2222-222222222222,,10b4f941-b257-4571-948d-cc7b72d0fb52,tesla_model_y_robotaxi_2024,software_update,2026-08-21T02:34:15.878702Z,2026-08-21T02:56:15.878702Z,,twin
22222222-2222-2222-2222-222222222222,,138f4a23-c5c8-4b89-96a0-c72ebb6aee0c,tesla_model_y_robotaxi_2024,interior_tidy,2026-08-21T02:34:15.878702Z,2026-08-21T02:38:15.878702Z,,twin
22222222-2222-2222-2222-222222222222,,14b02ad9-b6f6-4a74-867c-2a6ba9daf8e0,waymo_jaguar_ipace_2024,software_update,2026-08-21T02:34:15.878702Z,2026-08-21T03:03:15.878702Z,,twin
22222222-2222-2222-2222-222222222222,,1520dd3c-3658-4cd5-ad83-8c73c35e97c9,tesla_model_y_robotaxi_2024,software_update,2026-08-21T02:34:15.878702Z,2026-08-21T02:59:15.878702Z,,twin
22222222-2222-2222-2222-222222222222,,1973c5a4-5670-46fa-bbe2-5f6a3a1d0c6a,zoox_robotaxi_2024,software_update,2026-08-21T02:34:15.878702Z,2026-08-21T02:49:15.878702Z,,twin
22222222-2222-2222-2222-222222222222,,19b9bcf6-0586-4238-b70e-9ce1d490efe9,zoox_robotaxi_2024,software_update,2026-08-21T02:34:15.878702Z,2026-08-21T02:59:15.878702Z,,twin
22222222-2222-2222-2222-222222222222,,1c9aff71-a240-4bfe-b55a-d0eaa2ec6116,tesla_model_y_robotaxi_2024,software_update,2026-08-21T02:34:15.878702Z,2026-08-21T02:55:15.878702Z,,twin
22222222-2222-2222-2222-222222222222,,1ea6a5d7-862d-44cc-a387-86cea6bc4fe4,tesla_model_y_robotaxi_2024,software_update,2026-08-21T02:34:15.878702Z,2026-08-21T02:53:15.878702Z,,twin
22222222-2222-2222-2222-222222222222,,2be09ec0-e78a-4cd8-9f80-fceeb1c33e71,tesla_model_y_robotaxi_2024,remote_diagnostics,2026-08-21T02:34:15.878702Z,2026-08-21T02:39:15.878702Z,,twin
22222222-2222-2222-2222-222222222222,,2be09ec0-e78a-4cd8-9f80-fceeb1c33e71,tesla_model_y_robotaxi_2024,software_update,2026-08-21T02:34:15.878702Z,2026-08-21T03:01:15.878702Z,,twin
22222222-2222-2222-2222-222222222222,,4732bf55-398f-4430-bc4c-0d14d4b89e2e,waymo_jaguar_ipace_2024,software_update,2026-08-21T02:34:15.878702Z,2026-08-21T03:10:15.878702Z,,twin
22222222-2222-2222-2222-222222222222,,464c07e3-3699-4238-90d6-ea1325d0b36c,tesla_model_y_robotaxi_2024,software_update,2026-08-21T02:34:15.878702Z,2026-08-21T03:11:15.878702Z,,twin
22222222-2222-2222-2222-222222222222,,32a91a14-aac6-4c58-924e-e61a6766978b,waymo_jaguar_ipace_2024,software_update,2026-08-21T02:34:15.878702Z,2026-08-21T02:59:15.878702Z,,twin
22222222-2222-2222-2222-222222222222,,3fc2148f-fe15-42b9-8e9a-619351c746e4,waymo_jaguar_ipace_2024,software_update,2026-08-21T02:34:15.878702Z,2026-08-21T03:17:15.878702Z,,twin
22222222-2222-2222-2222-222222222222,,3b6f1eb7-15f4-48e5-956c-9b261b9fcae1,waymo_jaguar_ipace_2024,software_update,2026-08-21T02:34:15.878702Z,2026-08-21T03:12:15.878702Z,,twin
22222222-2222-2222-2222-222222222222,,36ff94e5-663b-408d-bebc-3d56508d4996,tesla_model_y_robotaxi_2024,software_update,2026-08-21T02:34:15.878702Z,2026-08-21T03:06:15.878702Z,,twin
22222222-2222-2222-2222-222222222222,,32b62034-d7c6-4dbd-b9a4-78e708ec4c1c,waymo_jaguar_ipace_2024,software_update,2026-08-21T02:34:15.878702Z,2026-08-21T03:02:15.878702Z,,twin
22222222-2222-2222-2222-222222222222,,3e88b963-abb9-415c-9637-fa8002b0074d,waymo_jaguar_ipace_2024,software_update,2026-08-21T02:34:15.878702Z,2026-08-21T02:52:15.878702Z,,twin
22222222-2222-2222-2222-222222222222,,2879307e-1fde-41ca-9309-d0aa11357436,waymo_jaguar_ipace_2024,software_update,2026-08-21T02:34:15.878702Z,2026-08-21T03:13:15.878702Z,,twin
22222222-2222-2222-2222-222222222222,,2547bf99-05c5-4055-9daa-c9e2a99da11d,tesla_model_y_robotaxi_2024,software_update,2026-08-21T02:34:15.878702Z,2026-08-21T03:05:15.878702Z,,twin
22222222-2222-2222-2222-222222222222,,25061aa9-5a61-481b-acee-0aa08dd7066f,tesla_model_y_robotaxi_2024,software_update,2026-08-21T02:34:15.878702Z,2026-08-21T03:14:15.878702Z,,twin
22222222-2222-2222-2222-222222222222,,1aacf90d-d4e1-415e-ba09-603c306dffef,zoox_robotaxi_2024,software_update,2026-08-21T02:34:15.878702Z,2026-08-21T03:14:15.878702Z,,twin
22222222-2222-2222-2222-222222222222,,19ec1471-8525-4d88-801f-4cfee46f5ded,zoox_robotaxi_2024,software_update,2026-08-21T02:34:15.878702Z,2026-08-21T03:12:15.878702Z,,twin
22222222-2222-2222-2222-222222222222,,138f4a23-c5c8-4b89-96a0-c72ebb6aee0c,tesla_model_y_robotaxi_2024,software_update,2026-08-21T02:34:15.878702Z,2026-08-21T03:11:15.878702Z,,twin
22222222-2222-2222-2222-222222222222,,0b8d2e11-fac3-40f3-883e-1d37cb7e6da5,waymo_jaguar_ipace_2024,software_update,2026-08-21T02:34:15.878702Z,2026-08-21T03:14:15.878702Z,,twin
22222222-2222-2222-2222-222222222222,,4374f6a6-aa2e-4298-8fa2-1b30da90280e,zoox_robotaxi_2024,software_update,2026-08-21T02:34:15.878702Z,2026-08-21T03:02:15.878702Z,,twin
22222222-2222-2222-2222-222222222222,,00d5597b-d714-470c-b86c-95e8f4f600ce,waymo_jaguar_ipace_2024,software_update,2026-08-21T02:34:15.878702Z,2026-08-21T03:11:15.878702Z,,twin
22222222-2222-2222-2222-222222222222,4f598f7a-899f-43a2-900e-06e8d7d94962,053b8abd-e2b6-4b19-9bfc-314430947773,waymo_jaguar_ipace_2024,wash,2026-08-21T02:34:15.878702Z,2026-08-21T02:42:15.878702Z,,twin
22222222-2222-2222-2222-222222222222,,464c07e3-3699-4238-90d6-ea1325d0b36c,tesla_model_y_robotaxi_2024,interior_tidy,2026-08-21T02:34:15.878702Z,2026-08-21T02:38:15.878702Z,,twin
22222222-2222-2222-2222-222222222222,6d4318c0-3d29-456b-ad33-6e24ff620e49,618e0836-b6e1-459d-9955-38857bf1cbff,waymo_jaguar_ipace_2024,inspect,,2026-08-21T02:35:32.269186Z,,twin
22222222-2222-2222-2222-222222222222,1cc14b7f-d2b3-477e-b069-079ca9f62571,7026f086-5ec4-485c-ae41-87bee8f181f1,waymo_jaguar_ipace_2024,inspect,,2026-08-21T02:35:32.269186Z,,twin
22222222-2222-2222-2222-222222222222,,053b8abd-e2b6-4b19-9bfc-314430947773,waymo_jaguar_ipace_2024,interior_tidy,2026-08-21T02:35:32.269186Z,2026-08-21T02:35:32.269186Z,,twin
22222222-2222-2222-2222-222222222222,21b60831-523f-4182-9223-072091eea2b2,4732bf55-398f-4430-bc4c-0d14d4b89e2e,waymo_jaguar_ipace_2024,inspect,,2026-08-21T02:35:32.269186Z,,twin
22222222-2222-2222-2222-222222222222,b9e37717-cafb-4e36-a124-a77f667101fc,9240c4c6-422b-4ac5-b65d-321faac569ce,waymo_jaguar_ipace_2024,inspect,,2026-08-21T02:35:32.269186Z,,twin
22222222-2222-2222-2222-222222222222,6865247b-0ca1-4f06-bee1-9a2a7e9df40e,970832d1-8185-4eb5-8d10-c1cbe44c9283,waymo_jaguar_ipace_2024,inspect,,2026-08-21T02:35:32.269186Z,,twin
22222222-2222-2222-2222-222222222222,d146b0d3-034b-445f-8630-5e82d4e71fb0,c433a36d-8782-46b2-b128-3e345bcbd186,waymo_jaguar_ipace_2024,inspect,,2026-08-21T02:35:32.269186Z,,twin
22222222-2222-2222-2222-222222222222,,838200a0-b464-4eb0-9cab-faaee1f80b5a,zoox_robotaxi_2024,software_update,2026-08-21T02:35:32.269186Z,2026-08-21T02:51:32.269186Z,,twin
22222222-2222-2222-2222-222222222222,736962b1-f58c-4165-9657-89dfea75616d,053b8abd-e2b6-4b19-9bfc-314430947773,waymo_jaguar_ipace_2024,charge_dcfc,2026-08-21T02:35:32.269186Z,2026-08-21T03:05:32.269186Z,,twin
22222222-2222-2222-2222-222222222222,4ad671cb-0458-400a-83e9-cdc7b08dc3a1,4732bf55-398f-4430-bc4c-0d14d4b89e2e,waymo_jaguar_ipace_2024,charge_dcfc,2026-08-21T02:35:32.269186Z,2026-08-21T03:05:32.269186Z,,twin
22222222-2222-2222-2222-222222222222,906cbfff-0c6f-47a6-a9da-7ec9af323221,64710503-d52c-42ae-bddf-53aec572c4d9,waymo_jaguar_ipace_2024,charge_dcfc,2026-08-21T02:35:32.269186Z,2026-08-21T03:05:32.269186Z,,twin
22222222-2222-2222-2222-222222222222,9e073bef-0b54-4868-931a-8d491e658f1f,138f4a23-c5c8-4b89-96a0-c72ebb6aee0c,tesla_model_y_robotaxi_2024,inspect,,2026-08-21T02:35:32.269186Z,,twin
22222222-2222-2222-2222-222222222222,2e308e1f-ab85-4203-9684-5b96bdc38eec,51766e8e-fe42-436d-b37a-10215bdb6798,waymo_jaguar_ipace_2024,inspect,,2026-08-21T02:35:32.269186Z,,twin
22222222-2222-2222-2222-222222222222,909457af-b93e-491e-a793-e2ed7f8936c6,964bd583-6d45-459b-8bca-4c415c0993d3,tesla_model_y_robotaxi_2024,inspect,,2026-08-21T02:35:39.028103Z,,twin
22222222-2222-2222-2222-222222222222,9e073bef-0b54-4868-931a-8d491e658f1f,b6e8b116-0650-4d3b-b4d7-d78bd454f7e0,tesla_model_y_robotaxi_2024,inspect,,2026-08-21T02:35:39.028103Z,,twin
22222222-2222-2222-2222-222222222222,,02f1a60b-27e8-46a3-831b-d9232cc510a0,tesla_model_y_robotaxi_2024,software_update,2026-08-21T02:35:39.028103Z,2026-08-21T03:03:39.028103Z,,twin
22222222-2222-2222-2222-222222222222,,053b8abd-e2b6-4b19-9bfc-314430947773,waymo_jaguar_ipace_2024,software_update,2026-08-21T02:35:39.028103Z,2026-08-21T03:01:39.028103Z,,twin
22222222-2222-2222-2222-222222222222,,19b9bcf6-0586-4238-b70e-9ce1d490efe9,zoox_robotaxi_2024,software_update,2026-08-21T02:35:39.028103Z,2026-08-21T02:58:39.028103Z,,twin
22222222-2222-2222-2222-222222222222,,19ec1471-8525-4d88-801f-4cfee46f5ded,zoox_robotaxi_2024,remote_diagnostics,2026-08-21T02:35:39.028103Z,2026-08-21T02:40:39.028103Z,,twin
22222222-2222-2222-2222-222222222222,,1aacf90d-d4e1-415e-ba09-603c306dffef,zoox_robotaxi_2024,interior_tidy,2026-08-21T02:35:39.028103Z,2026-08-21T02:39:39.028103Z,,twin
22222222-2222-2222-2222-222222222222,,1aacf90d-d4e1-415e-ba09-603c306dffef,zoox_robotaxi_2024,software_update,2026-08-21T02:35:39.028103Z,2026-08-21T02:56:39.028103Z,,twin
22222222-2222-2222-2222-222222222222,,27be18c4-bd2e-44ac-9eb5-1d1edc2809b7,zoox_robotaxi_2024,software_update,2026-08-21T02:35:39.028103Z,2026-08-21T02:57:39.028103Z,,twin
22222222-2222-2222-2222-222222222222,,45c66200-75cd-4f06-a41f-6534e1c311aa,zoox_robotaxi_2024,software_update,2026-08-21T02:35:39.028103Z,2026-08-21T03:04:39.028103Z,,twin
22222222-2222-2222-2222-222222222222,,03812c6f-407b-4782-858f-c15cdbaf8de7,waymo_jaguar_ipace_2024,sensor_clean,2026-08-21T02:35:39.028103Z,2026-08-21T02:35:39.028103Z,,twin
22222222-2222-2222-2222-222222222222,,5b8524d6-260b-448c-a9ae-9e18e9cada45,waymo_jaguar_ipace_2024,software_update,2026-08-21T02:35:39.028103Z,2026-08-21T03:01:39.028103Z,,twin
22222222-2222-2222-2222-222222222222,,64710503-d52c-42ae-bddf-53aec572c4d9,waymo_jaguar_ipace_2024,software_update,2026-08-21T02:35:39.028103Z,2026-08-21T03:00:39.028103Z,,twin
22222222-2222-2222-2222-222222222222,,bfc95659-513d-4d55-b665-525b9e9e14e5,waymo_jaguar_ipace_2024,software_update,2026-08-21T02:35:39.028103Z,2026-08-21T03:04:39.028103Z,,twin
22222222-2222-2222-2222-222222222222,4ad671cb-0458-400a-83e9-cdc7b08dc3a1,4732bf55-398f-4430-bc4c-0d14d4b89e2e,waymo_jaguar_ipace_2024,charge_dcfc,2026-08-21T02:35:39.028103Z,2026-08-21T03:05:39.028103Z,,twin
22222222-2222-2222-2222-222222222222,a8c45abd-6f8c-42d4-8707-8023d501411a,1520dd3c-3658-4cd5-ad83-8c73c35e97c9,tesla_model_y_robotaxi_2024,wash,2026-08-21T02:35:39.028103Z,2026-08-21T02:45:39.028103Z,,twin
22222222-2222-2222-2222-222222222222,,3b6f1eb7-15f4-48e5-956c-9b261b9fcae1,waymo_jaguar_ipace_2024,software_update,2026-08-21T02:35:39.028103Z,2026-08-21T03:10:39.028103Z,,twin
22222222-2222-2222-2222-222222222222,,4374f6a6-aa2e-4298-8fa2-1b30da90280e,zoox_robotaxi_2024,software_update,2026-08-21T02:35:39.028103Z,2026-08-21T03:11:39.028103Z,,twin
22222222-2222-2222-2222-222222222222,,3fc2148f-fe15-42b9-8e9a-619351c746e4,waymo_jaguar_ipace_2024,software_update,2026-08-21T02:35:39.028103Z,2026-08-21T03:07:39.028103Z,,twin
22222222-2222-2222-2222-222222222222,,9ec6cbc8-535e-4984-8fe2-1ac46abb9e00,waymo_jaguar_ipace_2024,software_update,2026-08-21T02:35:39.028103Z,2026-08-21T03:12:39.028103Z,,twin
22222222-2222-2222-2222-222222222222,,661b3e46-d875-466f-bedd-605fd87ac4d7,waymo_jaguar_ipace_2024,software_update,2026-08-21T02:35:39.028103Z,2026-08-21T03:18:39.028103Z,,twin
22222222-2222-2222-2222-222222222222,,01b10692-0e0e-42c5-9889-f461f60471cf,zoox_robotaxi_2024,software_update,2026-08-21T02:35:39.028103Z,2026-08-21T03:16:39.028103Z,,twin
22222222-2222-2222-2222-222222222222,,02734f04-7f30-40eb-beb2-36e5d401c697,zoox_robotaxi_2024,software_update,2026-08-21T02:35:39.028103Z,2026-08-21T03:13:39.028103Z,,twin
22222222-2222-2222-2222-222222222222,,1973c5a4-5670-46fa-bbe2-5f6a3a1d0c6a,zoox_robotaxi_2024,software_update,2026-08-21T02:35:39.028103Z,2026-08-21T03:12:39.028103Z,,twin
22222222-2222-2222-2222-222222222222,,19ec1471-8525-4d88-801f-4cfee46f5ded,zoox_robotaxi_2024,software_update,2026-08-21T02:35:39.028103Z,2026-08-21T03:08:39.028103Z,,twin
22222222-2222-2222-2222-222222222222,,2547bf99-05c5-4055-9daa-c9e2a99da11d,tesla_model_y_robotaxi_2024,software_update,2026-08-21T02:35:39.028103Z,2026-08-21T03:15:39.028103Z,,twin
22222222-2222-2222-2222-222222222222,6d4318c0-3d29-456b-ad33-6e24ff620e49,138f4a23-c5c8-4b89-96a0-c72ebb6aee0c,tesla_model_y_robotaxi_2024,inspect,,2026-08-21T02:35:39.028103Z,,twin
22222222-2222-2222-2222-222222222222,2e308e1f-ab85-4203-9684-5b96bdc38eec,10b4f941-b257-4571-948d-cc7b72d0fb52,tesla_model_y_robotaxi_2024,inspect,,2026-08-21T02:35:39.028103Z,,twin
22222222-2222-2222-2222-222222222222,d146b0d3-034b-445f-8630-5e82d4e71fb0,8d4890b5-dd19-4bf9-b7be-3ef918ff1653,waymo_jaguar_ipace_2024,inspect,,2026-08-21T02:35:39.028103Z,,twin
22222222-2222-2222-2222-222222222222,b9e37717-cafb-4e36-a124-a77f667101fc,2be09ec0-e78a-4cd8-9f80-fceeb1c33e71,tesla_model_y_robotaxi_2024,inspect,,2026-08-21T02:35:39.028103Z,,twin
22222222-2222-2222-2222-222222222222,b228e63a-90a4-45a9-bc17-1171e72e3bea,6e5c4806-1191-4b8b-b750-d38231213a1b,tesla_model_y_robotaxi_2024,inspect,,2026-08-21T02:35:39.028103Z,,twin
22222222-2222-2222-2222-222222222222,,10b4f941-b257-4571-948d-cc7b72d0fb52,tesla_model_y_robotaxi_2024,software_update,2026-08-21T02:40:26.979248Z,2026-08-21T03:20:26.979248Z,,twin
22222222-2222-2222-2222-222222222222,,0d13e7d4-4707-44be-a233-8a3e849a23c5,waymo_jaguar_ipace_2024,software_update,2026-08-21T02:40:26.979248Z,2026-08-21T02:56:26.979248Z,,twin
22222222-2222-2222-2222-222222222222,,4732bf55-398f-4430-bc4c-0d14d4b89e2e,waymo_jaguar_ipace_2024,software_update,2026-08-21T02:40:26.979248Z,2026-08-21T03:22:26.979248Z,,twin
22222222-2222-2222-2222-222222222222,,464c07e3-3699-4238-90d6-ea1325d0b36c,tesla_model_y_robotaxi_2024,software_update,2026-08-21T02:40:26.979248Z,2026-08-21T03:14:26.979248Z,,twin
22222222-2222-2222-2222-222222222222,,45c66200-75cd-4f06-a41f-6534e1c311aa,zoox_robotaxi_2024,software_update,2026-08-21T02:40:26.979248Z,2026-08-21T03:11:26.979248Z,,twin
22222222-2222-2222-2222-222222222222,,4374f6a6-aa2e-4298-8fa2-1b30da90280e,zoox_robotaxi_2024,software_update,2026-08-21T02:40:26.979248Z,2026-08-21T03:18:26.979248Z,,twin
22222222-2222-2222-2222-222222222222,,3fc2148f-fe15-42b9-8e9a-619351c746e4,waymo_jaguar_ipace_2024,software_update,2026-08-21T02:40:26.979248Z,2026-08-21T03:11:26.979248Z,,twin
22222222-2222-2222-2222-222222222222,,3e88b963-abb9-415c-9637-fa8002b0074d,waymo_jaguar_ipace_2024,software_update,2026-08-21T02:40:26.979248Z,2026-08-21T03:12:26.979248Z,,twin
22222222-2222-2222-2222-222222222222,,36ff94e5-663b-408d-bebc-3d56508d4996,tesla_model_y_robotaxi_2024,software_update,2026-08-21T02:40:26.979248Z,2026-08-21T03:24:26.979248Z,,twin
22222222-2222-2222-2222-222222222222,,32b62034-d7c6-4dbd-b9a4-78e708ec4c1c,waymo_jaguar_ipace_2024,software_update,2026-08-21T02:40:26.979248Z,2026-08-21T03:11:26.979248Z,,twin
22222222-2222-2222-2222-222222222222,,27be18c4-bd2e-44ac-9eb5-1d1edc2809b7,zoox_robotaxi_2024,software_update,2026-08-21T02:40:26.979248Z,2026-08-21T03:15:26.979248Z,,twin
22222222-2222-2222-2222-222222222222,,25061aa9-5a61-481b-acee-0aa08dd7066f,tesla_model_y_robotaxi_2024,software_update,2026-08-21T02:40:26.979248Z,2026-08-21T03:12:26.979248Z,,twin
22222222-2222-2222-2222-222222222222,,19b9bcf6-0586-4238-b70e-9ce1d490efe9,zoox_robotaxi_2024,software_update,2026-08-21T02:40:26.979248Z,2026-08-21T03:14:26.979248Z,,twin
22222222-2222-2222-2222-222222222222,,1520dd3c-3658-4cd5-ad83-8c73c35e97c9,tesla_model_y_robotaxi_2024,software_update,2026-08-21T02:40:26.979248Z,2026-08-21T03:12:26.979248Z,,twin
22222222-2222-2222-2222-222222222222,,00d5597b-d714-470c-b86c-95e8f4f600ce,waymo_jaguar_ipace_2024,software_update,2026-08-21T02:40:26.979248Z,2026-08-21T02:56:26.979248Z,,twin
22222222-2222-2222-2222-222222222222,,02734f04-7f30-40eb-beb2-36e5d401c697,zoox_robotaxi_2024,software_update,2026-08-21T02:40:26.979248Z,2026-08-21T03:01:26.979248Z,,twin
22222222-2222-2222-2222-222222222222,,02f1a60b-27e8-46a3-831b-d9232cc510a0,tesla_model_y_robotaxi_2024,software_update,2026-08-21T02:40:26.979248Z,2026-08-21T03:08:26.979248Z,,twin
22222222-2222-2222-2222-222222222222,,03812c6f-407b-4782-858f-c15cdbaf8de7,waymo_jaguar_ipace_2024,software_update,2026-08-21T02:40:26.979248Z,2026-08-21T03:00:26.979248Z,,twin
22222222-2222-2222-2222-222222222222,,0b8d2e11-fac3-40f3-883e-1d37cb7e6da5,waymo_jaguar_ipace_2024,software_update,2026-08-21T02:40:26.979248Z,2026-08-21T02:59:26.979248Z,,twin
22222222-2222-2222-2222-222222222222,,0bfd4d59-44f9-4a57-8c06-51bc00a2a6b9,tesla_model_y_robotaxi_2024,software_update,2026-08-21T02:40:26.979248Z,2026-08-21T03:03:26.979248Z,,twin
22222222-2222-2222-2222-222222222222,,14b02ad9-b6f6-4a74-867c-2a6ba9daf8e0,waymo_jaguar_ipace_2024,software_update,2026-08-21T02:40:26.979248Z,2026-08-21T03:05:26.979248Z,,twin
22222222-2222-2222-2222-222222222222,,1973c5a4-5670-46fa-bbe2-5f6a3a1d0c6a,zoox_robotaxi_2024,software_update,2026-08-21T02:40:26.979248Z,2026-08-21T03:04:26.979248Z,,twin
22222222-2222-2222-2222-222222222222,,19ec1471-8525-4d88-801f-4cfee46f5ded,zoox_robotaxi_2024,software_update,2026-08-21T02:40:26.979248Z,2026-08-21T03:03:26.979248Z,,twin
22222222-2222-2222-2222-222222222222,,1aacf90d-d4e1-415e-ba09-603c306dffef,zoox_robotaxi_2024,software_update,2026-08-21T02:40:26.979248Z,2026-08-21T03:00:26.979248Z,,twin
22222222-2222-2222-2222-222222222222,,1c9aff71-a240-4bfe-b55a-d0eaa2ec6116,tesla_model_y_robotaxi_2024,software_update,2026-08-21T02:40:26.979248Z,2026-08-21T03:07:26.979248Z,,twin
22222222-2222-2222-2222-222222222222,,2547bf99-05c5-4055-9daa-c9e2a99da11d,tesla_model_y_robotaxi_2024,software_update,2026-08-21T02:40:26.979248Z,2026-08-21T03:02:26.979248Z,,twin
22222222-2222-2222-2222-222222222222,,32a91a14-aac6-4c58-924e-e61a6766978b,waymo_jaguar_ipace_2024,software_update,2026-08-21T02:40:26.979248Z,2026-08-21T02:55:26.979248Z,,twin
22222222-2222-2222-2222-222222222222,,3b6f1eb7-15f4-48e5-956c-9b261b9fcae1,waymo_jaguar_ipace_2024,software_update,2026-08-21T02:40:26.979248Z,2026-08-21T03:08:26.979248Z,,twin
22222222-2222-2222-2222-222222222222,,3e88b963-abb9-415c-9637-fa8002b0074d,waymo_jaguar_ipace_2024,remote_diagnostics,2026-08-21T02:40:26.979248Z,2026-08-21T02:45:26.979248Z,,twin
22222222-2222-2222-2222-222222222222,,3fc2148f-fe15-42b9-8e9a-619351c746e4,waymo_jaguar_ipace_2024,remote_diagnostics,2026-08-21T02:40:26.979248Z,2026-08-21T02:45:26.979248Z,,twin
22222222-2222-2222-2222-222222222222,,01b10692-0e0e-42c5-9889-f461f60471cf,zoox_robotaxi_2024,software_update,2026-08-21T02:40:26.979248Z,2026-08-21T03:22:26.979248Z,,twin
22222222-2222-2222-2222-222222222222,,053b8abd-e2b6-4b19-9bfc-314430947773,waymo_jaguar_ipace_2024,software_update,2026-08-21T02:40:26.979248Z,2026-08-21T03:16:26.979248Z,,twin
22222222-2222-2222-2222-222222222222,,138f4a23-c5c8-4b89-96a0-c72ebb6aee0c,tesla_model_y_robotaxi_2024,software_update,2026-08-21T02:40:26.979248Z,2026-08-21T03:12:26.979248Z,,twin
22222222-2222-2222-2222-222222222222,,00d5597b-d714-470c-b86c-95e8f4f600ce,waymo_jaguar_ipace_2024,software_update,2026-08-21T02:42:23.463724Z,2026-08-21T02:58:23.463724Z,,twin
22222222-2222-2222-2222-222222222222,,02734f04-7f30-40eb-beb2-36e5d401c697,zoox_robotaxi_2024,software_update,2026-08-21T02:42:23.463724Z,2026-08-21T03:03:23.463724Z,,twin
22222222-2222-2222-2222-222222222222,,02f1a60b-27e8-46a3-831b-d9232cc510a0,tesla_model_y_robotaxi_2024,software_update,2026-08-21T02:42:23.463724Z,2026-08-21T03:10:23.463724Z,,twin
22222222-2222-2222-2222-222222222222,,03812c6f-407b-4782-858f-c15cdbaf8de7,waymo_jaguar_ipace_2024,software_update,2026-08-21T02:42:23.463724Z,2026-08-21T03:02:23.463724Z,,twin
22222222-2222-2222-2222-222222222222,,0b8d2e11-fac3-40f3-883e-1d37cb7e6da5,waymo_jaguar_ipace_2024,software_update,2026-08-21T02:42:23.463724Z,2026-08-21T03:01:23.463724Z,,twin
22222222-2222-2222-2222-222222222222,,4732bf55-398f-4430-bc4c-0d14d4b89e2e,waymo_jaguar_ipace_2024,software_update,2026-08-21T02:42:23.463724Z,2026-08-21T03:24:23.463724Z,,twin
22222222-2222-2222-2222-222222222222,,464c07e3-3699-4238-90d6-ea1325d0b36c,tesla_model_y_robotaxi_2024,software_update,2026-08-21T02:42:23.463724Z,2026-08-21T03:16:23.463724Z,,twin
22222222-2222-2222-2222-222222222222,,0bfd4d59-44f9-4a57-8c06-51bc00a2a6b9,tesla_model_y_robotaxi_2024,software_update,2026-08-21T02:42:23.463724Z,2026-08-21T03:05:23.463724Z,,twin
22222222-2222-2222-2222-222222222222,,0d13e7d4-4707-44be-a233-8a3e849a23c5,waymo_jaguar_ipace_2024,software_update,2026-08-21T02:42:23.463724Z,2026-08-21T02:58:23.463724Z,,twin
22222222-2222-2222-2222-222222222222,,14b02ad9-b6f6-4a74-867c-2a6ba9daf8e0,waymo_jaguar_ipace_2024,software_update,2026-08-21T02:42:23.463724Z,2026-08-21T03:07:23.463724Z,,twin
22222222-2222-2222-2222-222222222222,,1973c5a4-5670-46fa-bbe2-5f6a3a1d0c6a,zoox_robotaxi_2024,software_update,2026-08-21T02:42:23.463724Z,2026-08-21T03:06:23.463724Z,,twin
22222222-2222-2222-2222-222222222222,,19ec1471-8525-4d88-801f-4cfee46f5ded,zoox_robotaxi_2024,software_update,2026-08-21T02:42:23.463724Z,2026-08-21T03:05:23.463724Z,,twin
22222222-2222-2222-2222-222222222222,,1aacf90d-d4e1-415e-ba09-603c306dffef,zoox_robotaxi_2024,software_update,2026-08-21T02:42:23.463724Z,2026-08-21T03:02:23.463724Z,,twin
22222222-2222-2222-2222-222222222222,,1c9aff71-a240-4bfe-b55a-d0eaa2ec6116,tesla_model_y_robotaxi_2024,software_update,2026-08-21T02:42:23.463724Z,2026-08-21T03:09:23.463724Z,,twin
22222222-2222-2222-2222-222222222222,,2547bf99-05c5-4055-9daa-c9e2a99da11d,tesla_model_y_robotaxi_2024,software_update,2026-08-21T02:42:23.463724Z,2026-08-21T03:04:23.463724Z,,twin
22222222-2222-2222-2222-222222222222,,32a91a14-aac6-4c58-924e-e61a6766978b,waymo_jaguar_ipace_2024,software_update,2026-08-21T02:42:23.463724Z,2026-08-21T02:57:23.463724Z,,twin
22222222-2222-2222-2222-222222222222,,3b6f1eb7-15f4-48e5-956c-9b261b9fcae1,waymo_jaguar_ipace_2024,software_update,2026-08-21T02:42:23.463724Z,2026-08-21T03:10:23.463724Z,,twin
22222222-2222-2222-2222-222222222222,,3e88b963-abb9-415c-9637-fa8002b0074d,waymo_jaguar_ipace_2024,remote_diagnostics,2026-08-21T02:42:23.463724Z,2026-08-21T02:47:23.463724Z,,twin
22222222-2222-2222-2222-222222222222,,3fc2148f-fe15-42b9-8e9a-619351c746e4,waymo_jaguar_ipace_2024,remote_diagnostics,2026-08-21T02:42:23.463724Z,2026-08-21T02:47:23.463724Z,,twin
22222222-2222-2222-2222-222222222222,,01b10692-0e0e-42c5-9889-f461f60471cf,zoox_robotaxi_2024,software_update,2026-08-21T02:42:23.463724Z,2026-08-21T03:24:23.463724Z,,twin
22222222-2222-2222-2222-222222222222,,053b8abd-e2b6-4b19-9bfc-314430947773,waymo_jaguar_ipace_2024,software_update,2026-08-21T02:42:23.463724Z,2026-08-21T03:18:23.463724Z,,twin
22222222-2222-2222-2222-222222222222,,10b4f941-b257-4571-948d-cc7b72d0fb52,tesla_model_y_robotaxi_2024,software_update,2026-08-21T02:42:23.463724Z,2026-08-21T03:22:23.463724Z,,twin
22222222-2222-2222-2222-222222222222,,138f4a23-c5c8-4b89-96a0-c72ebb6aee0c,tesla_model_y_robotaxi_2024,software_update,2026-08-21T02:42:23.463724Z,2026-08-21T03:14:23.463724Z,,twin
22222222-2222-2222-2222-222222222222,,1520dd3c-3658-4cd5-ad83-8c73c35e97c9,tesla_model_y_robotaxi_2024,software_update,2026-08-21T02:42:23.463724Z,2026-08-21T03:14:23.463724Z,,twin
22222222-2222-2222-2222-222222222222,,19b9bcf6-0586-4238-b70e-9ce1d490efe9,zoox_robotaxi_2024,software_update,2026-08-21T02:42:23.463724Z,2026-08-21T03:16:23.463724Z,,twin
22222222-2222-2222-2222-222222222222,,25061aa9-5a61-481b-acee-0aa08dd7066f,tesla_model_y_robotaxi_2024,software_update,2026-08-21T02:42:23.463724Z,2026-08-21T03:14:23.463724Z,,twin
22222222-2222-2222-2222-222222222222,,27be18c4-bd2e-44ac-9eb5-1d1edc2809b7,zoox_robotaxi_2024,software_update,2026-08-21T02:42:23.463724Z,2026-08-21T03:17:23.463724Z,,twin
22222222-2222-2222-2222-222222222222,,32b62034-d7c6-4dbd-b9a4-78e708ec4c1c,waymo_jaguar_ipace_2024,software_update,2026-08-21T02:42:23.463724Z,2026-08-21T03:13:23.463724Z,,twin
22222222-2222-2222-2222-222222222222,,36ff94e5-663b-408d-bebc-3d56508d4996,tesla_model_y_robotaxi_2024,software_update,2026-08-21T02:42:23.463724Z,2026-08-21T03:26:23.463724Z,,twin
22222222-2222-2222-2222-222222222222,,3e88b963-abb9-415c-9637-fa8002b0074d,waymo_jaguar_ipace_2024,software_update,2026-08-21T02:42:23.463724Z,2026-08-21T03:14:23.463724Z,,twin
22222222-2222-2222-2222-222222222222,,3fc2148f-fe15-42b9-8e9a-619351c746e4,waymo_jaguar_ipace_2024,software_update,2026-08-21T02:42:23.463724Z,2026-08-21T03:13:23.463724Z,,twin
22222222-2222-2222-2222-222222222222,,4374f6a6-aa2e-4298-8fa2-1b30da90280e,zoox_robotaxi_2024,software_update,2026-08-21T02:42:23.463724Z,2026-08-21T03:20:23.463724Z,,twin
22222222-2222-2222-2222-222222222222,,45c66200-75cd-4f06-a41f-6534e1c311aa,zoox_robotaxi_2024,software_update,2026-08-21T02:42:23.463724Z,2026-08-21T03:13:23.463724Z,,twin
22222222-2222-2222-2222-222222222222,,0bfd4d59-44f9-4a57-8c06-51bc00a2a6b9,tesla_model_y_robotaxi_2024,inspect,2026-08-21T02:52:37.378401Z,2026-08-21T02:55:37.378401Z,,twin
22222222-2222-2222-2222-222222222222,94358f10-7755-46ce-a351-eb4f7ba1aee9,cef7d122-6498-4555-8eba-8a6d51644d74,tesla_model_y_robotaxi_2024,inspect,,2026-08-21T02:55:37.378401Z,,twin
22222222-2222-2222-2222-222222222222,,02734f04-7f30-40eb-beb2-36e5d401c697,zoox_robotaxi_2024,software_update,2026-08-21T02:55:37.378401Z,2026-08-21T03:22:37.378401Z,,twin
22222222-2222-2222-2222-222222222222,,02f1a60b-27e8-46a3-831b-d9232cc510a0,tesla_model_y_robotaxi_2024,software_update,2026-08-21T02:55:37.378401Z,2026-08-21T03:10:37.378401Z,,twin
22222222-2222-2222-2222-222222222222,,19b9bcf6-0586-4238-b70e-9ce1d490efe9,zoox_robotaxi_2024,software_update,2026-08-21T02:55:37.378401Z,2026-08-21T03:18:37.378401Z,,twin
22222222-2222-2222-2222-222222222222,,19ec1471-8525-4d88-801f-4cfee46f5ded,zoox_robotaxi_2024,remote_diagnostics,2026-08-21T02:55:37.378401Z,2026-08-21T03:00:37.378401Z,,twin
22222222-2222-2222-2222-222222222222,,19ec1471-8525-4d88-801f-4cfee46f5ded,zoox_robotaxi_2024,software_update,2026-08-21T02:55:37.378401Z,2026-08-21T03:12:37.378401Z,,twin
22222222-2222-2222-2222-222222222222,,27be18c4-bd2e-44ac-9eb5-1d1edc2809b7,zoox_robotaxi_2024,interior_tidy,2026-08-21T02:55:37.378401Z,2026-08-21T03:00:37.378401Z,,twin
22222222-2222-2222-2222-222222222222,,27be18c4-bd2e-44ac-9eb5-1d1edc2809b7,zoox_robotaxi_2024,item_retrieval,2026-08-21T02:55:37.378401Z,2026-08-21T02:59:37.378401Z,,twin
22222222-2222-2222-2222-222222222222,,27be18c4-bd2e-44ac-9eb5-1d1edc2809b7,zoox_robotaxi_2024,software_update,2026-08-21T02:55:37.378401Z,2026-08-21T03:14:37.378401Z,,twin
22222222-2222-2222-2222-222222222222,,3e88b963-abb9-415c-9637-fa8002b0074d,waymo_jaguar_ipace_2024,software_update,2026-08-21T02:55:37.378401Z,2026-08-21T03:12:37.378401Z,,twin
22222222-2222-2222-2222-222222222222,,3fc2148f-fe15-42b9-8e9a-619351c746e4,waymo_jaguar_ipace_2024,software_update,2026-08-21T02:55:37.378401Z,2026-08-21T03:23:37.378401Z,,twin
22222222-2222-2222-2222-222222222222,,45c66200-75cd-4f06-a41f-6534e1c311aa,zoox_robotaxi_2024,software_update,2026-08-21T02:55:37.378401Z,2026-08-21T03:14:37.378401Z,,twin
22222222-2222-2222-2222-222222222222,,464c07e3-3699-4238-90d6-ea1325d0b36c,tesla_model_y_robotaxi_2024,interior_tidy,2026-08-21T02:55:37.378401Z,2026-08-21T02:58:37.378401Z,,twin
22222222-2222-2222-2222-222222222222,,9ec6cbc8-535e-4984-8fe2-1ac46abb9e00,waymo_jaguar_ipace_2024,software_update,2026-08-21T02:55:37.378401Z,2026-08-21T03:14:37.378401Z,,twin
22222222-2222-2222-2222-222222222222,,0d13e7d4-4707-44be-a233-8a3e849a23c5,waymo_jaguar_ipace_2024,software_update,2026-08-21T02:55:37.378401Z,2026-08-21T03:28:37.378401Z,,twin
22222222-2222-2222-2222-222222222222,,1973c5a4-5670-46fa-bbe2-5f6a3a1d0c6a,zoox_robotaxi_2024,software_update,2026-08-21T02:55:37.378401Z,2026-08-21T03:36:37.378401Z,,twin
22222222-2222-2222-2222-222222222222,,1aacf90d-d4e1-415e-ba09-603c306dffef,zoox_robotaxi_2024,software_update,2026-08-21T02:55:37.378401Z,2026-08-21T03:34:37.378401Z,,twin
22222222-2222-2222-2222-222222222222,,25061aa9-5a61-481b-acee-0aa08dd7066f,tesla_model_y_robotaxi_2024,software_update,2026-08-21T02:55:37.378401Z,2026-08-21T03:26:37.378401Z,,twin
22222222-2222-2222-2222-222222222222,,4374f6a6-aa2e-4298-8fa2-1b30da90280e,zoox_robotaxi_2024,software_update,2026-08-21T02:55:37.378401Z,2026-08-21T03:38:37.378401Z,,twin
22222222-2222-2222-2222-222222222222,,01b10692-0e0e-42c5-9889-f461f60471cf,zoox_robotaxi_2024,software_update,2026-08-21T02:55:37.378401Z,2026-08-21T03:10:37.378401Z,,twin
22222222-2222-2222-2222-222222222222,9e073bef-0b54-4868-931a-8d491e658f1f,c1b40f85-c4e3-40c7-afba-d1aec9ed876b,waymo_jaguar_ipace_2024,inspect,,2026-08-21T02:55:37.378401Z,,twin
22222222-2222-2222-2222-222222222222,2e308e1f-ab85-4203-9684-5b96bdc38eec,10b4f941-b257-4571-948d-cc7b72d0fb52,tesla_model_y_robotaxi_2024,inspect,,2026-08-21T02:55:37.378401Z,,twin
22222222-2222-2222-2222-222222222222,21b60831-523f-4182-9223-072091eea2b2,f1776816-85e4-4ed0-8890-fe115c1c9f73,waymo_jaguar_ipace_2024,inspect,,2026-08-21T02:55:37.378401Z,,twin
22222222-2222-2222-2222-222222222222,1475970b-9008-4929-825f-78e066ab6722,c3f78336-f475-4d29-bf59-0261114066ef,tesla_model_y_robotaxi_2024,inspect,,2026-08-21T02:55:37.378401Z,,twin
22222222-2222-2222-2222-222222222222,909457af-b93e-491e-a793-e2ed7f8936c6,acba173d-89ed-4221-a7f7-52ae57693c67,tesla_model_y_robotaxi_2024,inspect,,2026-08-21T02:55:37.378401Z,,twin
22222222-2222-2222-2222-222222222222,b228e63a-90a4-45a9-bc17-1171e72e3bea,5e4b54f6-ba19-4a30-9d26-2a4ed4810d6e,waymo_jaguar_ipace_2024,inspect,,2026-08-21T02:55:37.378401Z,,twin
22222222-2222-2222-2222-222222222222,6d4318c0-3d29-456b-ad33-6e24ff620e49,1520dd3c-3658-4cd5-ad83-8c73c35e97c9,tesla_model_y_robotaxi_2024,inspect,,2026-08-21T02:55:37.378401Z,,twin
22222222-2222-2222-2222-222222222222,b9e37717-cafb-4e36-a124-a77f667101fc,48ad6e64-7e84-4de3-8c0c-9d3abfaadb8d,waymo_jaguar_ipace_2024,inspect,,2026-08-21T02:55:37.378401Z,,twin
22222222-2222-2222-2222-222222222222,d146b0d3-034b-445f-8630-5e82d4e71fb0,a6e9c009-82e7-4c32-b9be-d3feaad294ca,waymo_jaguar_ipace_2024,inspect,,2026-08-21T02:55:37.378401Z,,twin
22222222-2222-2222-2222-222222222222,1475970b-9008-4929-825f-78e066ab6722,bfc95659-513d-4d55-b665-525b9e9e14e5,waymo_jaguar_ipace_2024,inspect,,2026-08-21T03:02:31.741782Z,,twin
22222222-2222-2222-2222-222222222222,2e308e1f-ab85-4203-9684-5b96bdc38eec,138f4a23-c5c8-4b89-96a0-c72ebb6aee0c,tesla_model_y_robotaxi_2024,inspect,,2026-08-21T03:02:31.741782Z,,twin
22222222-2222-2222-2222-222222222222,,03812c6f-407b-4782-858f-c15cdbaf8de7,waymo_jaguar_ipace_2024,interior_tidy,2026-08-21T03:02:31.741782Z,2026-08-21T03:06:31.741782Z,,twin
22222222-2222-2222-2222-222222222222,909457af-b93e-491e-a793-e2ed7f8936c6,9240c4c6-422b-4ac5-b65d-321faac569ce,waymo_jaguar_ipace_2024,inspect,,2026-08-21T03:02:31.741782Z,,twin
22222222-2222-2222-2222-222222222222,,14b02ad9-b6f6-4a74-867c-2a6ba9daf8e0,waymo_jaguar_ipace_2024,interior_tidy,2026-08-21T03:02:31.741782Z,2026-08-21T03:06:31.741782Z,,twin
22222222-2222-2222-2222-222222222222,01ac5105-b808-4863-8e01-e534717479f1,053b8abd-e2b6-4b19-9bfc-314430947773,waymo_jaguar_ipace_2024,wash,2026-08-21T03:02:31.741782Z,2026-08-21T03:13:00.331263Z,,twin
22222222-2222-2222-2222-222222222222,6d4318c0-3d29-456b-ad33-6e24ff620e49,51766e8e-fe42-436d-b37a-10215bdb6798,waymo_jaguar_ipace_2024,inspect,,2026-08-21T03:02:31.741782Z,,twin
22222222-2222-2222-2222-222222222222,4f598f7a-899f-43a2-900e-06e8d7d94962,4732bf55-398f-4430-bc4c-0d14d4b89e2e,waymo_jaguar_ipace_2024,wash,2026-08-21T03:02:31.741782Z,2026-08-21T03:14:01.056120Z,,twin
22222222-2222-2222-2222-222222222222,9e073bef-0b54-4868-931a-8d491e658f1f,970832d1-8185-4eb5-8d10-c1cbe44c9283,waymo_jaguar_ipace_2024,inspect,,2026-08-21T03:02:31.741782Z,,twin
22222222-2222-2222-2222-222222222222,1cc14b7f-d2b3-477e-b069-079ca9f62571,f2cc320b-7543-47cf-a66d-37acee233f1b,tesla_model_y_robotaxi_2024,inspect,,2026-08-21T03:02:31.741782Z,,twin
22222222-2222-2222-2222-222222222222,d146b0d3-034b-445f-8630-5e82d4e71fb0,7026f086-5ec4-485c-ae41-87bee8f181f1,waymo_jaguar_ipace_2024,inspect,,2026-08-21T03:02:31.741782Z,,twin
22222222-2222-2222-2222-222222222222,94358f10-7755-46ce-a351-eb4f7ba1aee9,c433a36d-8782-46b2-b128-3e345bcbd186,waymo_jaguar_ipace_2024,inspect,,2026-08-21T03:02:31.741782Z,,twin
22222222-2222-2222-2222-222222222222,21b60831-523f-4182-9223-072091eea2b2,e7c0498e-4f61-474f-8934-8864c090cefd,waymo_jaguar_ipace_2024,inspect,,2026-08-21T03:02:31.741782Z,,twin
22222222-2222-2222-2222-222222222222,,03812c6f-407b-4782-858f-c15cdbaf8de7,waymo_jaguar_ipace_2024,generic_service,2026-08-21T03:02:37.471399Z,2026-08-21T03:36:19.732392Z,,twin
22222222-2222-2222-2222-222222222222,a8c45abd-6f8c-42d4-8707-8023d501411a,27be18c4-bd2e-44ac-9eb5-1d1edc2809b7,zoox_robotaxi_2024,wash,2026-08-21T03:02:37.471399Z,2026-08-21T03:13:40.444231Z,,twin
22222222-2222-2222-2222-222222222222,,4374f6a6-aa2e-4298-8fa2-1b30da90280e,zoox_robotaxi_2024,sensor_clean,2026-08-21T03:02:37.471399Z,2026-08-21T03:07:37.471399Z,,twin
22222222-2222-2222-2222-222222222222,,27be18c4-bd2e-44ac-9eb5-1d1edc2809b7,zoox_robotaxi_2024,software_update,2026-08-21T03:02:37.471399Z,2026-08-21T03:23:37.471399Z,,twin
22222222-2222-2222-2222-222222222222,,053b8abd-e2b6-4b19-9bfc-314430947773,waymo_jaguar_ipace_2024,software_update,2026-08-21T03:02:37.471399Z,2026-08-21T03:31:37.471399Z,,twin
22222222-2222-2222-2222-222222222222,,02f1a60b-27e8-46a3-831b-d9232cc510a0,tesla_model_y_robotaxi_2024,sensor_clean,2026-08-21T03:02:37.471399Z,2026-08-21T03:07:37.471399Z,,twin
22222222-2222-2222-2222-222222222222,6d4318c0-3d29-456b-ad33-6e24ff620e49,1c9aff71-a240-4bfe-b55a-d0eaa2ec6116,tesla_model_y_robotaxi_2024,inspect,,2026-08-21T03:03:45.566184Z,,twin
22222222-2222-2222-2222-222222222222,909457af-b93e-491e-a793-e2ed7f8936c6,8d4890b5-dd19-4bf9-b7be-3ef918ff1653,waymo_jaguar_ipace_2024,inspect,,2026-08-21T03:03:45.566184Z,,twin
22222222-2222-2222-2222-222222222222,,4f558f2c-7f46-4c12-8a13-351371d828b6,waymo_jaguar_ipace_2024,item_retrieval,2026-08-21T03:03:45.566184Z,2026-08-21T03:07:45.566184Z,,twin
22222222-2222-2222-2222-222222222222,,983002e6-790f-4e92-9722-b034571c7f47,waymo_jaguar_ipace_2024,interior_tidy,2026-08-21T03:03:45.566184Z,2026-08-21T03:08:45.566184Z,,twin
22222222-2222-2222-2222-222222222222,,983002e6-790f-4e92-9722-b034571c7f47,waymo_jaguar_ipace_2024,item_retrieval,2026-08-21T03:03:45.566184Z,2026-08-21T03:07:45.566184Z,,twin
22222222-2222-2222-2222-222222222222,,e7c0498e-4f61-474f-8934-8864c090cefd,waymo_jaguar_ipace_2024,interior_tidy,2026-08-21T03:03:45.566184Z,2026-08-21T03:07:45.566184Z,,twin
22222222-2222-2222-2222-222222222222,,e7c0498e-4f61-474f-8934-8864c090cefd,waymo_jaguar_ipace_2024,item_retrieval,2026-08-21T03:03:45.566184Z,2026-08-21T03:07:45.566184Z,,twin
22222222-2222-2222-2222-222222222222,4f598f7a-899f-43a2-900e-06e8d7d94962,4732bf55-398f-4430-bc4c-0d14d4b89e2e,waymo_jaguar_ipace_2024,wash,2026-08-21T03:03:45.566184Z,2026-08-21T03:10:56.418623Z,,twin
22222222-2222-2222-2222-222222222222,9e073bef-0b54-4868-931a-8d491e658f1f,90c00fd5-03c2-4a5c-acdd-1fbcb709dfb2,tesla_model_y_robotaxi_2024,inspect,,2026-08-21T03:03:45.566184Z,,twin
22222222-2222-2222-2222-222222222222,94358f10-7755-46ce-a351-eb4f7ba1aee9,983002e6-790f-4e92-9722-b034571c7f47,waymo_jaguar_ipace_2024,inspect,,2026-08-21T03:03:45.566184Z,,twin
22222222-2222-2222-2222-222222222222,,ad5abf3e-30c0-461f-b268-471bbe24986b,zoox_robotaxi_2024,software_update,2026-08-21T03:03:45.566184Z,2026-08-21T03:36:45.566184Z,,twin
22222222-2222-2222-2222-222222222222,ad9fa370-97c3-413c-b8ce-2a9a2f3ae377,4cd2b777-e994-41b3-8542-fdf0f5d88189,waymo_jaguar_ipace_2024,generic_service,2026-08-21T03:03:45.566184Z,2026-08-21T03:47:02.572737Z,,twin
22222222-2222-2222-2222-222222222222,1cc14b7f-d2b3-477e-b069-079ca9f62571,a5af28d4-d135-4617-a379-d20cf703d54d,tesla_model_y_robotaxi_2024,inspect,,2026-08-21T03:03:45.566184Z,,twin
22222222-2222-2222-2222-222222222222,b9e37717-cafb-4e36-a124-a77f667101fc,25061aa9-5a61-481b-acee-0aa08dd7066f,tesla_model_y_robotaxi_2024,inspect,,2026-08-21T03:03:45.566184Z,,twin
22222222-2222-2222-2222-222222222222,d146b0d3-034b-445f-8630-5e82d4e71fb0,6e5c4806-1191-4b8b-b750-d38231213a1b,tesla_model_y_robotaxi_2024,inspect,,2026-08-21T03:03:45.566184Z,,twin
22222222-2222-2222-2222-222222222222,21b60831-523f-4182-9223-072091eea2b2,99860ea8-ecf6-4bb7-8a59-52db6e90e8d9,waymo_jaguar_ipace_2024,inspect,,2026-08-21T03:03:45.566184Z,,twin
22222222-2222-2222-2222-222222222222,2e308e1f-ab85-4203-9684-5b96bdc38eec,14b02ad9-b6f6-4a74-867c-2a6ba9daf8e0,waymo_jaguar_ipace_2024,inspect,,2026-08-21T03:03:45.566184Z,,twin
22222222-2222-2222-2222-222222222222,1475970b-9008-4929-825f-78e066ab6722,964bd583-6d45-459b-8bca-4c415c0993d3,tesla_model_y_robotaxi_2024,inspect,,2026-08-21T03:03:45.566184Z,,twin
22222222-2222-2222-2222-222222222222,6865247b-0ca1-4f06-bee1-9a2a7e9df40e,acba173d-89ed-4221-a7f7-52ae57693c67,tesla_model_y_robotaxi_2024,inspect,,2026-08-21T03:03:45.566184Z,,twin
22222222-2222-2222-2222-222222222222,b228e63a-90a4-45a9-bc17-1171e72e3bea,4ce2666e-66b5-4053-9b4c-c8ad06a46557,tesla_model_y_robotaxi_2024,inspect,,2026-08-21T03:03:45.566184Z,,twin
22222222-2222-2222-2222-222222222222,,4374f6a6-aa2e-4298-8fa2-1b30da90280e,zoox_robotaxi_2024,sensor_clean,2026-08-21T03:04:15.878702Z,2026-08-21T03:09:15.878702Z,,twin
22222222-2222-2222-2222-222222222222,,02f1a60b-27e8-46a3-831b-d9232cc510a0,tesla_model_y_robotaxi_2024,sensor_clean,2026-08-21T03:04:15.878702Z,2026-08-21T03:09:15.878702Z,,twin
22222222-2222-2222-2222-222222222222,a8c45abd-6f8c-42d4-8707-8023d501411a,27be18c4-bd2e-44ac-9eb5-1d1edc2809b7,zoox_robotaxi_2024,wash,2026-08-21T03:04:15.878702Z,2026-08-21T03:15:18.851534Z,,twin
22222222-2222-2222-2222-222222222222,,03812c6f-407b-4782-858f-c15cdbaf8de7,waymo_jaguar_ipace_2024,generic_service,2026-08-21T03:04:15.878702Z,2026-08-21T03:37:58.139695Z,,twin
22222222-2222-2222-2222-222222222222,,27be18c4-bd2e-44ac-9eb5-1d1edc2809b7,zoox_robotaxi_2024,software_update,2026-08-21T03:04:15.878702Z,2026-08-21T03:25:15.878702Z,,twin
22222222-2222-2222-2222-222222222222,,053b8abd-e2b6-4b19-9bfc-314430947773,waymo_jaguar_ipace_2024,generic_service,2026-08-21T03:04:15.878702Z,2026-08-21T03:54:03.489891Z,,twin
22222222-2222-2222-2222-222222222222,01ac5105-b808-4863-8e01-e534717479f1,053b8abd-e2b6-4b19-9bfc-314430947773,waymo_jaguar_ipace_2024,wash,2026-08-21T03:05:32.269186Z,2026-08-21T03:16:00.858667Z,,twin
22222222-2222-2222-2222-222222222222,6d4318c0-3d29-456b-ad33-6e24ff620e49,51766e8e-fe42-436d-b37a-10215bdb6798,waymo_jaguar_ipace_2024,inspect,,2026-08-21T03:05:32.269186Z,,twin
22222222-2222-2222-2222-222222222222,909457af-b93e-491e-a793-e2ed7f8936c6,9240c4c6-422b-4ac5-b65d-321faac569ce,waymo_jaguar_ipace_2024,inspect,,2026-08-21T03:05:32.269186Z,,twin
22222222-2222-2222-2222-222222222222,,964bd583-6d45-459b-8bca-4c415c0993d3,tesla_model_y_robotaxi_2024,sensor_clean,2026-08-21T03:05:32.269186Z,2026-08-21T03:10:32.269186Z,,twin
22222222-2222-2222-2222-222222222222,,14b02ad9-b6f6-4a74-867c-2a6ba9daf8e0,waymo_jaguar_ipace_2024,interior_tidy,2026-08-21T03:05:32.269186Z,2026-08-21T03:09:32.269186Z,,twin
22222222-2222-2222-2222-222222222222,,03812c6f-407b-4782-858f-c15cdbaf8de7,waymo_jaguar_ipace_2024,interior_tidy,2026-08-21T03:05:32.269186Z,2026-08-21T03:09:32.269186Z,,twin
22222222-2222-2222-2222-222222222222,1cc14b7f-d2b3-477e-b069-079ca9f62571,f2cc320b-7543-47cf-a66d-37acee233f1b,tesla_model_y_robotaxi_2024,inspect,,2026-08-21T03:05:32.269186Z,,twin
22222222-2222-2222-2222-222222222222,94358f10-7755-46ce-a351-eb4f7ba1aee9,c433a36d-8782-46b2-b128-3e345bcbd186,waymo_jaguar_ipace_2024,inspect,,2026-08-21T03:05:32.269186Z,,twin
22222222-2222-2222-2222-222222222222,4f598f7a-899f-43a2-900e-06e8d7d94962,4732bf55-398f-4430-bc4c-0d14d4b89e2e,waymo_jaguar_ipace_2024,wash,2026-08-21T03:05:32.269186Z,2026-08-21T03:17:01.583524Z,,twin
22222222-2222-2222-2222-222222222222,21b60831-523f-4182-9223-072091eea2b2,e7c0498e-4f61-474f-8934-8864c090cefd,waymo_jaguar_ipace_2024,inspect,,2026-08-21T03:05:32.269186Z,,twin
22222222-2222-2222-2222-222222222222,2e308e1f-ab85-4203-9684-5b96bdc38eec,138f4a23-c5c8-4b89-96a0-c72ebb6aee0c,tesla_model_y_robotaxi_2024,inspect,,2026-08-21T03:05:32.269186Z,,twin
22222222-2222-2222-2222-222222222222,1475970b-9008-4929-825f-78e066ab6722,bfc95659-513d-4d55-b665-525b9e9e14e5,waymo_jaguar_ipace_2024,inspect,,2026-08-21T03:05:32.269186Z,,twin
22222222-2222-2222-2222-222222222222,d146b0d3-034b-445f-8630-5e82d4e71fb0,7026f086-5ec4-485c-ae41-87bee8f181f1,waymo_jaguar_ipace_2024,inspect,,2026-08-21T03:05:32.269186Z,,twin
22222222-2222-2222-2222-222222222222,9e073bef-0b54-4868-931a-8d491e658f1f,970832d1-8185-4eb5-8d10-c1cbe44c9283,waymo_jaguar_ipace_2024,inspect,,2026-08-21T03:05:32.269186Z,,twin
22222222-2222-2222-2222-222222222222,,1520dd3c-3658-4cd5-ad83-8c73c35e97c9,tesla_model_y_robotaxi_2024,software_update,2026-08-21T03:05:39.028103Z,2026-08-21T03:26:39.028103Z,,twin
22222222-2222-2222-2222-222222222222,4f598f7a-899f-43a2-900e-06e8d7d94962,4732bf55-398f-4430-bc4c-0d14d4b89e2e,waymo_jaguar_ipace_2024,wash,2026-08-21T03:05:39.028103Z,2026-08-21T03:12:49.880542Z,,twin
22222222-2222-2222-2222-222222222222,,ad5abf3e-30c0-461f-b268-471bbe24986b,zoox_robotaxi_2024,software_update,2026-08-21T03:05:39.028103Z,2026-08-21T03:38:39.028103Z,,twin
22222222-2222-2222-2222-222222222222,d146b0d3-034b-445f-8630-5e82d4e71fb0,6e5c4806-1191-4b8b-b750-d38231213a1b,tesla_model_y_robotaxi_2024,inspect,,2026-08-21T03:05:39.028103Z,,twin
22222222-2222-2222-2222-222222222222,2e308e1f-ab85-4203-9684-5b96bdc38eec,10b4f941-b257-4571-948d-cc7b72d0fb52,tesla_model_y_robotaxi_2024,inspect,,2026-08-21T03:05:39.028103Z,,twin
22222222-2222-2222-2222-222222222222,6d4318c0-3d29-456b-ad33-6e24ff620e49,1c9aff71-a240-4bfe-b55a-d0eaa2ec6116,tesla_model_y_robotaxi_2024,inspect,,2026-08-21T03:05:39.028103Z,,twin
22222222-2222-2222-2222-222222222222,6865247b-0ca1-4f06-bee1-9a2a7e9df40e,b6e8b116-0650-4d3b-b4d7-d78bd454f7e0,tesla_model_y_robotaxi_2024,inspect,,2026-08-21T03:05:39.028103Z,,twin
22222222-2222-2222-2222-222222222222,b228e63a-90a4-45a9-bc17-1171e72e3bea,4ce2666e-66b5-4053-9b4c-c8ad06a46557,tesla_model_y_robotaxi_2024,inspect,,2026-08-21T03:05:39.028103Z,,twin
22222222-2222-2222-2222-222222222222,9e073bef-0b54-4868-931a-8d491e658f1f,983002e6-790f-4e92-9722-b034571c7f47,waymo_jaguar_ipace_2024,inspect,,2026-08-21T03:05:39.028103Z,,twin
22222222-2222-2222-2222-222222222222,1cc14b7f-d2b3-477e-b069-079ca9f62571,b41ab68e-d488-4102-ba08-502df168a1a1,waymo_jaguar_ipace_2024,inspect,,2026-08-21T03:05:39.028103Z,,twin
22222222-2222-2222-2222-222222222222,b9e37717-cafb-4e36-a124-a77f667101fc,25061aa9-5a61-481b-acee-0aa08dd7066f,tesla_model_y_robotaxi_2024,inspect,,2026-08-21T03:05:39.028103Z,,twin
22222222-2222-2222-2222-222222222222,1475970b-9008-4929-825f-78e066ab6722,99860ea8-ecf6-4bb7-8a59-52db6e90e8d9,waymo_jaguar_ipace_2024,inspect,,2026-08-21T03:05:39.028103Z,,twin
22222222-2222-2222-2222-222222222222,94358f10-7755-46ce-a351-eb4f7ba1aee9,a5af28d4-d135-4617-a379-d20cf703d54d,tesla_model_y_robotaxi_2024,inspect,,2026-08-21T03:05:39.028103Z,,twin
22222222-2222-2222-2222-222222222222,909457af-b93e-491e-a793-e2ed7f8936c6,964bd583-6d45-459b-8bca-4c415c0993d3,tesla_model_y_robotaxi_2024,inspect,,2026-08-21T03:05:39.028103Z,,twin
22222222-2222-2222-2222-222222222222,21b60831-523f-4182-9223-072091eea2b2,acba173d-89ed-4221-a7f7-52ae57693c67,tesla_model_y_robotaxi_2024,inspect,,2026-08-21T03:05:39.028103Z,,twin
22222222-2222-2222-2222-222222222222,,4f558f2c-7f46-4c12-8a13-351371d828b6,waymo_jaguar_ipace_2024,item_retrieval,2026-08-21T03:05:39.028103Z,2026-08-21T03:09:39.028103Z,,twin
22222222-2222-2222-2222-222222222222,,983002e6-790f-4e92-9722-b034571c7f47,waymo_jaguar_ipace_2024,item_retrieval,2026-08-21T03:05:39.028103Z,2026-08-21T03:09:39.028103Z,,twin
22222222-2222-2222-2222-222222222222,,e7c0498e-4f61-474f-8934-8864c090cefd,waymo_jaguar_ipace_2024,interior_tidy,2026-08-21T03:05:39.028103Z,2026-08-21T03:09:39.028103Z,,twin
22222222-2222-2222-2222-222222222222,,e7c0498e-4f61-474f-8934-8864c090cefd,waymo_jaguar_ipace_2024,item_retrieval,2026-08-21T03:05:39.028103Z,2026-08-21T03:09:39.028103Z,,twin
22222222-2222-2222-2222-222222222222,,3b6f1eb7-15f4-48e5-956c-9b261b9fcae1,waymo_jaguar_ipace_2024,sensor_clean,2026-08-21T03:10:26.979248Z,2026-08-21T03:15:26.979248Z,,twin
22222222-2222-2222-2222-222222222222,,14b02ad9-b6f6-4a74-867c-2a6ba9daf8e0,waymo_jaguar_ipace_2024,interior_tidy,2026-08-21T03:10:26.979248Z,2026-08-21T03:14:26.979248Z,,twin
22222222-2222-2222-2222-222222222222,,3b6f1eb7-15f4-48e5-956c-9b261b9fcae1,waymo_jaguar_ipace_2024,sensor_clean,2026-08-21T03:12:23.463724Z,2026-08-21T03:17:23.463724Z,,twin
22222222-2222-2222-2222-222222222222,,14b02ad9-b6f6-4a74-867c-2a6ba9daf8e0,waymo_jaguar_ipace_2024,interior_tidy,2026-08-21T03:12:23.463724Z,2026-08-21T03:16:23.463724Z,,twin
22222222-2222-2222-2222-222222222222,9e073bef-0b54-4868-931a-8d491e658f1f,a5af28d4-d135-4617-a379-d20cf703d54d,tesla_model_y_robotaxi_2024,inspect,,2026-08-21T03:25:37.378401Z,,twin
22222222-2222-2222-2222-222222222222,164ff30d-4523-484a-a864-a49d01676e20,14b02ad9-b6f6-4a74-867c-2a6ba9daf8e0,waymo_jaguar_ipace_2024,inspect,,2026-08-21T03:25:37.378401Z,,twin
22222222-2222-2222-2222-222222222222,2e308e1f-ab85-4203-9684-5b96bdc38eec,3b6f1eb7-15f4-48e5-956c-9b261b9fcae1,waymo_jaguar_ipace_2024,inspect,,2026-08-21T03:25:37.378401Z,,twin
22222222-2222-2222-2222-222222222222,6d4318c0-3d29-456b-ad33-6e24ff620e49,464c07e3-3699-4238-90d6-ea1325d0b36c,tesla_model_y_robotaxi_2024,inspect,,2026-08-21T03:25:37.378401Z,,twin
22222222-2222-2222-2222-222222222222,b9e37717-cafb-4e36-a124-a77f667101fc,48ad6e64-7e84-4de3-8c0c-9d3abfaadb8d,waymo_jaguar_ipace_2024,inspect,,2026-08-21T03:25:37.378401Z,,twin
22222222-2222-2222-2222-222222222222,,c97a907b-eb50-49d4-81d2-ed38c1ab2616,zoox_robotaxi_2024,software_update,2026-08-21T03:25:37.378401Z,2026-08-21T03:58:37.378401Z,,twin
22222222-2222-2222-2222-222222222222,,8e00a933-eb0f-4d8e-9a0a-1d5b47ae95ed,zoox_robotaxi_2024,software_update,2026-08-21T03:25:37.378401Z,2026-08-21T04:03:37.378401Z,,twin
22222222-2222-2222-2222-222222222222,,01b10692-0e0e-42c5-9889-f461f60471cf,zoox_robotaxi_2024,interior_tidy,2026-08-21T03:25:37.378401Z,2026-08-21T03:25:37.378401Z,,twin
22222222-2222-2222-2222-222222222222,21b60831-523f-4182-9223-072091eea2b2,c3f78336-f475-4d29-bf59-0261114066ef,tesla_model_y_robotaxi_2024,inspect,,2026-08-21T03:25:37.378401Z,,twin
22222222-2222-2222-2222-222222222222,1475970b-9008-4929-825f-78e066ab6722,a6e9c009-82e7-4c32-b9be-d3feaad294ca,waymo_jaguar_ipace_2024,inspect,,2026-08-21T03:25:37.378401Z,,twin
22222222-2222-2222-2222-222222222222,94358f10-7755-46ce-a351-eb4f7ba1aee9,c1b40f85-c4e3-40c7-afba-d1aec9ed876b,waymo_jaguar_ipace_2024,inspect,,2026-08-21T03:25:37.378401Z,,twin
22222222-2222-2222-2222-222222222222,776aa6c7-455b-45f0-9e08-abfef1fb4664,53e3dc12-2d7e-4d7b-8dbf-79a5eeef13ce,tesla_model_y_robotaxi_2024,charge_dcfc,2026-08-21T03:25:37.378401Z,2026-08-21T03:55:37.378401Z,,twin
22222222-2222-2222-2222-222222222222,909457af-b93e-491e-a793-e2ed7f8936c6,983002e6-790f-4e92-9722-b034571c7f47,waymo_jaguar_ipace_2024,inspect,,2026-08-21T03:25:37.378401Z,,twin
22222222-2222-2222-2222-222222222222,,8e00a933-eb0f-4d8e-9a0a-1d5b47ae95ed,zoox_robotaxi_2024,remote_diagnostics,2026-08-21T03:25:37.378401Z,2026-08-21T03:30:37.378401Z,,twin
22222222-2222-2222-2222-222222222222,,36ff94e5-663b-408d-bebc-3d56508d4996,tesla_model_y_robotaxi_2024,software_update,2026-08-21T03:25:37.378401Z,2026-08-21T03:52:37.378401Z,,twin
22222222-2222-2222-2222-222222222222,,4374f6a6-aa2e-4298-8fa2-1b30da90280e,zoox_robotaxi_2024,interior_tidy,2026-08-21T03:25:37.378401Z,2026-08-21T03:28:37.378401Z,,twin
22222222-2222-2222-2222-222222222222,6865247b-0ca1-4f06-bee1-9a2a7e9df40e,cef7d122-6498-4555-8eba-8a6d51644d74,tesla_model_y_robotaxi_2024,inspect,,2026-08-21T03:25:37.378401Z,,twin
22222222-2222-2222-2222-222222222222,1cc14b7f-d2b3-477e-b069-079ca9f62571,c433a36d-8782-46b2-b128-3e345bcbd186,waymo_jaguar_ipace_2024,inspect,,2026-08-21T03:25:37.378401Z,,twin
22222222-2222-2222-2222-222222222222,b228e63a-90a4-45a9-bc17-1171e72e3bea,4a35c33f-b875-4cc6-a54d-85060633b711,waymo_jaguar_ipace_2024,inspect,,2026-08-21T03:25:37.378401Z,,twin
22222222-2222-2222-2222-222222222222,,51766e8e-fe42-436d-b37a-10215bdb6798,waymo_jaguar_ipace_2024,interior_tidy,2026-08-21T03:25:37.378401Z,2026-08-21T03:30:37.378401Z,,twin
22222222-2222-2222-2222-222222222222,,2be09ec0-e78a-4cd8-9f80-fceeb1c33e71,tesla_model_y_robotaxi_2024,software_update,2026-08-21T03:25:37.378401Z,2026-08-21T03:42:37.378401Z,,twin
22222222-2222-2222-2222-222222222222,,36ff94e5-663b-408d-bebc-3d56508d4996,tesla_model_y_robotaxi_2024,interior_tidy,2026-08-21T03:25:37.378401Z,2026-08-21T03:29:37.378401Z,,twin
22222222-2222-2222-2222-222222222222,,36ff94e5-663b-408d-bebc-3d56508d4996,tesla_model_y_robotaxi_2024,remote_diagnostics,2026-08-21T03:25:37.378401Z,2026-08-21T03:30:37.378401Z,,twin
22222222-2222-2222-2222-222222222222,,4992b1fa-fc81-445e-a203-657094d89f18,waymo_jaguar_ipace_2024,inspect,2026-08-21T03:29:31.741782Z,2026-08-21T03:32:31.741782Z,,twin
22222222-2222-2222-2222-222222222222,,19ec1471-8525-4d88-801f-4cfee46f5ded,zoox_robotaxi_2024,software_update,2026-08-21T03:32:31.741782Z,2026-08-21T03:58:31.741782Z,,twin
22222222-2222-2222-2222-222222222222,2e308e1f-ab85-4203-9684-5b96bdc38eec,f2cc320b-7543-47cf-a66d-37acee233f1b,tesla_model_y_robotaxi_2024,inspect,,2026-08-21T03:32:31.741782Z,,twin
22222222-2222-2222-2222-222222222222,4f598f7a-899f-43a2-900e-06e8d7d94962,64710503-d52c-42ae-bddf-53aec572c4d9,waymo_jaguar_ipace_2024,detail,2026-08-21T03:32:31.741782Z,2026-08-21T04:02:02.776432Z,,twin
22222222-2222-2222-2222-222222222222,,1aacf90d-d4e1-415e-ba09-603c306dffef,zoox_robotaxi_2024,software_update,2026-08-21T03:32:31.741782Z,2026-08-21T03:48:31.741782Z,,twin
22222222-2222-2222-2222-222222222222,,1ea6a5d7-862d-44cc-a387-86cea6bc4fe4,tesla_model_y_robotaxi_2024,interior_tidy,2026-08-21T03:32:31.741782Z,2026-08-21T03:32:31.741782Z,,twin
22222222-2222-2222-2222-222222222222,,4992b1fa-fc81-445e-a203-657094d89f18,waymo_jaguar_ipace_2024,inspect,2026-08-21T03:32:32.269186Z,2026-08-21T03:35:32.269186Z,,twin
22222222-2222-2222-2222-222222222222,,4ce2666e-66b5-4053-9b4c-c8ad06a46557,tesla_model_y_robotaxi_2024,interior_tidy,2026-08-21T03:32:37.471399Z,2026-08-21T03:37:37.471399Z,,twin
22222222-2222-2222-2222-222222222222,,0b8d2e11-fac3-40f3-883e-1d37cb7e6da5,waymo_jaguar_ipace_2024,sensor_clean,2026-08-21T03:32:37.471399Z,2026-08-21T03:37:37.471399Z,,twin
22222222-2222-2222-2222-222222222222,,48ad6e64-7e84-4de3-8c0c-9d3abfaadb8d,waymo_jaguar_ipace_2024,software_update,2026-08-21T03:32:37.471399Z,2026-08-21T03:53:37.471399Z,,twin
22222222-2222-2222-2222-222222222222,,4ce2666e-66b5-4053-9b4c-c8ad06a46557,tesla_model_y_robotaxi_2024,software_update,2026-08-21T03:32:37.471399Z,2026-08-21T03:48:37.471399Z,,twin
22222222-2222-2222-2222-222222222222,,4f558f2c-7f46-4c12-8a13-351371d828b6,waymo_jaguar_ipace_2024,software_update,2026-08-21T03:32:37.471399Z,2026-08-21T03:54:37.471399Z,,twin
22222222-2222-2222-2222-222222222222,,5b8524d6-260b-448c-a9ae-9e18e9cada45,waymo_jaguar_ipace_2024,software_update,2026-08-21T03:32:37.471399Z,2026-08-21T04:02:37.471399Z,,twin
22222222-2222-2222-2222-222222222222,,6e5c4806-1191-4b8b-b750-d38231213a1b,tesla_model_y_robotaxi_2024,sensor_clean,2026-08-21T03:32:37.471399Z,2026-08-21T03:37:37.471399Z,,twin
22222222-2222-2222-2222-222222222222,,6e5c4806-1191-4b8b-b750-d38231213a1b,tesla_model_y_robotaxi_2024,software_update,2026-08-21T03:32:37.471399Z,2026-08-21T04:02:37.471399Z,,twin
22222222-2222-2222-2222-222222222222,,99860ea8-ecf6-4bb7-8a59-52db6e90e8d9,waymo_jaguar_ipace_2024,software_update,2026-08-21T03:32:37.471399Z,2026-08-21T03:58:37.471399Z,,twin
22222222-2222-2222-2222-222222222222,,b6e8b116-0650-4d3b-b4d7-d78bd454f7e0,tesla_model_y_robotaxi_2024,software_update,2026-08-21T03:32:37.471399Z,2026-08-21T04:02:37.471399Z,,twin
22222222-2222-2222-2222-222222222222,,c1b40f85-c4e3-40c7-afba-d1aec9ed876b,waymo_jaguar_ipace_2024,remote_diagnostics,2026-08-21T03:32:37.471399Z,2026-08-21T03:37:37.471399Z,,twin
22222222-2222-2222-2222-222222222222,,c433a36d-8782-46b2-b128-3e345bcbd186,waymo_jaguar_ipace_2024,software_update,2026-08-21T03:32:37.471399Z,2026-08-21T04:02:37.471399Z,,twin
22222222-2222-2222-2222-222222222222,,f1776816-85e4-4ed0-8890-fe115c1c9f73,waymo_jaguar_ipace_2024,software_update,2026-08-21T03:32:37.471399Z,2026-08-21T03:58:37.471399Z,,twin
22222222-2222-2222-2222-222222222222,,f2cc320b-7543-47cf-a66d-37acee233f1b,tesla_model_y_robotaxi_2024,software_update,2026-08-21T03:32:37.471399Z,2026-08-21T04:02:37.471399Z,,twin
22222222-2222-2222-2222-222222222222,c7bdcf59-9b04-496b-a15d-878b647a169e,138f4a23-c5c8-4b89-96a0-c72ebb6aee0c,tesla_model_y_robotaxi_2024,charge_dcfc,2026-08-21T03:32:37.471399Z,2026-08-21T04:02:37.471399Z,,twin
22222222-2222-2222-2222-222222222222,,4a35c33f-b875-4cc6-a54d-85060633b711,waymo_jaguar_ipace_2024,software_update,2026-08-21T03:32:37.471399Z,2026-08-21T04:14:37.471399Z,,twin
22222222-2222-2222-2222-222222222222,,53e3dc12-2d7e-4d7b-8dbf-79a5eeef13ce,tesla_model_y_robotaxi_2024,software_update,2026-08-21T03:32:37.471399Z,2026-08-21T04:08:37.471399Z,,twin
22222222-2222-2222-2222-222222222222,,5dfd9db9-4262-4a7f-8f7e-055ce7a5e426,tesla_model_y_robotaxi_2024,software_update,2026-08-21T03:32:37.471399Z,2026-08-21T04:12:37.471399Z,,twin
22222222-2222-2222-2222-222222222222,,728d5880-36bc-4b47-b535-4544580ec303,tesla_model_y_robotaxi_2024,software_update,2026-08-21T03:32:37.471399Z,2026-08-21T04:05:37.471399Z,,twin
22222222-2222-2222-2222-222222222222,,9240c4c6-422b-4ac5-b65d-321faac569ce,waymo_jaguar_ipace_2024,software_update,2026-08-21T03:32:37.471399Z,2026-08-21T04:04:37.471399Z,,twin
22222222-2222-2222-2222-222222222222,,964bd583-6d45-459b-8bca-4c415c0993d3,tesla_model_y_robotaxi_2024,software_update,2026-08-21T03:32:37.471399Z,2026-08-21T04:07:37.471399Z,,twin
22222222-2222-2222-2222-222222222222,,970832d1-8185-4eb5-8d10-c1cbe44c9283,waymo_jaguar_ipace_2024,software_update,2026-08-21T03:32:37.471399Z,2026-08-21T04:11:37.471399Z,,twin
22222222-2222-2222-2222-222222222222,,acba173d-89ed-4221-a7f7-52ae57693c67,tesla_model_y_robotaxi_2024,software_update,2026-08-21T03:32:37.471399Z,2026-08-21T04:15:37.471399Z,,twin
22222222-2222-2222-2222-222222222222,,ba70312c-6d2b-4c96-92a9-86c31ca2ca63,tesla_model_y_robotaxi_2024,software_update,2026-08-21T03:32:37.471399Z,2026-08-21T04:05:37.471399Z,,twin
22222222-2222-2222-2222-222222222222,,c1b40f85-c4e3-40c7-afba-d1aec9ed876b,waymo_jaguar_ipace_2024,software_update,2026-08-21T03:32:37.471399Z,2026-08-21T04:06:37.471399Z,,twin
22222222-2222-2222-2222-222222222222,,c5a58859-4282-42de-b596-0a4f433e05f1,tesla_model_y_robotaxi_2024,software_update,2026-08-21T03:32:37.471399Z,2026-08-21T04:10:37.471399Z,,twin
22222222-2222-2222-2222-222222222222,,c8663fd7-b423-4398-9a18-a2ba5310feb7,tesla_model_y_robotaxi_2024,software_update,2026-08-21T03:32:37.471399Z,2026-08-21T04:15:37.471399Z,,twin
22222222-2222-2222-2222-222222222222,,dbade82d-51ef-40bf-b21b-8103ad487d91,tesla_model_y_robotaxi_2024,software_update,2026-08-21T03:32:37.471399Z,2026-08-21T04:16:37.471399Z,,twin
22222222-2222-2222-2222-222222222222,1475970b-9008-4929-825f-78e066ab6722,32b62034-d7c6-4dbd-b9a4-78e708ec4c1c,waymo_jaguar_ipace_2024,inspect,,2026-08-21T03:33:45.566184Z,,twin
22222222-2222-2222-2222-222222222222,909457af-b93e-491e-a793-e2ed7f8936c6,2547bf99-05c5-4055-9daa-c9e2a99da11d,tesla_model_y_robotaxi_2024,inspect,,2026-08-21T03:33:45.566184Z,,twin
22222222-2222-2222-2222-222222222222,6865247b-0ca1-4f06-bee1-9a2a7e9df40e,4a35c33f-b875-4cc6-a54d-85060633b711,waymo_jaguar_ipace_2024,inspect,,2026-08-21T03:33:45.566184Z,,twin
22222222-2222-2222-2222-222222222222,1cc14b7f-d2b3-477e-b069-079ca9f62571,48ad6e64-7e84-4de3-8c0c-9d3abfaadb8d,waymo_jaguar_ipace_2024,inspect,,2026-08-21T03:33:45.566184Z,,twin
22222222-2222-2222-2222-222222222222,21b60831-523f-4182-9223-072091eea2b2,464c07e3-3699-4238-90d6-ea1325d0b36c,tesla_model_y_robotaxi_2024,inspect,,2026-08-21T03:33:45.566184Z,,twin
22222222-2222-2222-2222-222222222222,d146b0d3-034b-445f-8630-5e82d4e71fb0,25061aa9-5a61-481b-acee-0aa08dd7066f,tesla_model_y_robotaxi_2024,inspect,,2026-08-21T03:33:45.566184Z,,twin
22222222-2222-2222-2222-222222222222,9e073bef-0b54-4868-931a-8d491e658f1f,2be09ec0-e78a-4cd8-9f80-fceeb1c33e71,tesla_model_y_robotaxi_2024,inspect,,2026-08-21T03:33:45.566184Z,,twin
22222222-2222-2222-2222-222222222222,b228e63a-90a4-45a9-bc17-1171e72e3bea,1c9aff71-a240-4bfe-b55a-d0eaa2ec6116,tesla_model_y_robotaxi_2024,inspect,,2026-08-21T03:33:45.566184Z,,twin
22222222-2222-2222-2222-222222222222,94358f10-7755-46ce-a351-eb4f7ba1aee9,4374f6a6-aa2e-4298-8fa2-1b30da90280e,zoox_robotaxi_2024,inspect,,2026-08-21T03:33:45.566184Z,,twin
22222222-2222-2222-2222-222222222222,,4732bf55-398f-4430-bc4c-0d14d4b89e2e,waymo_jaguar_ipace_2024,generic_service,2026-08-21T03:33:45.566184Z,2026-08-21T04:18:51.374820Z,,twin
22222222-2222-2222-2222-222222222222,6d4318c0-3d29-456b-ad33-6e24ff620e49,10b4f941-b257-4571-948d-cc7b72d0fb52,tesla_model_y_robotaxi_2024,inspect,,2026-08-21T03:33:45.566184Z,,twin
22222222-2222-2222-2222-222222222222,b9e37717-cafb-4e36-a124-a77f667101fc,19b9bcf6-0586-4238-b70e-9ce1d490efe9,zoox_robotaxi_2024,inspect,,2026-08-21T03:33:45.566184Z,,twin
22222222-2222-2222-2222-222222222222,2e308e1f-ab85-4203-9684-5b96bdc38eec,0d13e7d4-4707-44be-a233-8a3e849a23c5,waymo_jaguar_ipace_2024,inspect,,2026-08-21T03:33:45.566184Z,,twin
22222222-2222-2222-2222-222222222222,,4a35c33f-b875-4cc6-a54d-85060633b711,waymo_jaguar_ipace_2024,software_update,2026-08-21T03:34:15.878702Z,2026-08-21T04:16:15.878702Z,,twin
22222222-2222-2222-2222-222222222222,c7bdcf59-9b04-496b-a15d-878b647a169e,138f4a23-c5c8-4b89-96a0-c72ebb6aee0c,tesla_model_y_robotaxi_2024,charge_dcfc,2026-08-21T03:34:15.878702Z,2026-08-21T04:04:15.878702Z,,twin
22222222-2222-2222-2222-222222222222,,f2cc320b-7543-47cf-a66d-37acee233f1b,tesla_model_y_robotaxi_2024,software_update,2026-08-21T03:34:15.878702Z,2026-08-21T04:04:15.878702Z,,twin
22222222-2222-2222-2222-222222222222,,5b8524d6-260b-448c-a9ae-9e18e9cada45,waymo_jaguar_ipace_2024,software_update,2026-08-21T03:34:15.878702Z,2026-08-21T04:04:15.878702Z,,twin
22222222-2222-2222-2222-222222222222,,dbade82d-51ef-40bf-b21b-8103ad487d91,tesla_model_y_robotaxi_2024,software_update,2026-08-21T03:34:15.878702Z,2026-08-21T04:18:15.878702Z,,twin
22222222-2222-2222-2222-222222222222,,c8663fd7-b423-4398-9a18-a2ba5310feb7,tesla_model_y_robotaxi_2024,software_update,2026-08-21T03:34:15.878702Z,2026-08-21T04:17:15.878702Z,,twin
22222222-2222-2222-2222-222222222222,,c5a58859-4282-42de-b596-0a4f433e05f1,tesla_model_y_robotaxi_2024,software_update,2026-08-21T03:34:15.878702Z,2026-08-21T04:12:15.878702Z,,twin
22222222-2222-2222-2222-222222222222,,c1b40f85-c4e3-40c7-afba-d1aec9ed876b,waymo_jaguar_ipace_2024,software_update,2026-08-21T03:34:15.878702Z,2026-08-21T04:08:15.878702Z,,twin
22222222-2222-2222-2222-222222222222,,ba70312c-6d2b-4c96-92a9-86c31ca2ca63,tesla_model_y_robotaxi_2024,software_update,2026-08-21T03:34:15.878702Z,2026-08-21T04:07:15.878702Z,,twin
22222222-2222-2222-2222-222222222222,,acba173d-89ed-4221-a7f7-52ae57693c67,tesla_model_y_robotaxi_2024,software_update,2026-08-21T03:34:15.878702Z,2026-08-21T04:17:15.878702Z,,twin
22222222-2222-2222-2222-222222222222,,970832d1-8185-4eb5-8d10-c1cbe44c9283,waymo_jaguar_ipace_2024,software_update,2026-08-21T03:34:15.878702Z,2026-08-21T04:13:15.878702Z,,twin
22222222-2222-2222-2222-222222222222,,964bd583-6d45-459b-8bca-4c415c0993d3,tesla_model_y_robotaxi_2024,software_update,2026-08-21T03:34:15.878702Z,2026-08-21T04:09:15.878702Z,,twin
22222222-2222-2222-2222-222222222222,,9240c4c6-422b-4ac5-b65d-321faac569ce,waymo_jaguar_ipace_2024,software_update,2026-08-21T03:34:15.878702Z,2026-08-21T04:06:15.878702Z,,twin
22222222-2222-2222-2222-222222222222,,728d5880-36bc-4b47-b535-4544580ec303,tesla_model_y_robotaxi_2024,software_update,2026-08-21T03:34:15.878702Z,2026-08-21T04:07:15.878702Z,,twin
22222222-2222-2222-2222-222222222222,,5dfd9db9-4262-4a7f-8f7e-055ce7a5e426,tesla_model_y_robotaxi_2024,software_update,2026-08-21T03:34:15.878702Z,2026-08-21T04:14:15.878702Z,,twin
22222222-2222-2222-2222-222222222222,,53e3dc12-2d7e-4d7b-8dbf-79a5eeef13ce,tesla_model_y_robotaxi_2024,software_update,2026-08-21T03:34:15.878702Z,2026-08-21T04:10:15.878702Z,,twin
22222222-2222-2222-2222-222222222222,,b6e8b116-0650-4d3b-b4d7-d78bd454f7e0,tesla_model_y_robotaxi_2024,software_update,2026-08-21T03:34:15.878702Z,2026-08-21T04:04:15.878702Z,,twin
22222222-2222-2222-2222-222222222222,,99860ea8-ecf6-4bb7-8a59-52db6e90e8d9,waymo_jaguar_ipace_2024,software_update,2026-08-21T03:34:15.878702Z,2026-08-21T04:00:15.878702Z,,twin
22222222-2222-2222-2222-222222222222,,6e5c4806-1191-4b8b-b750-d38231213a1b,tesla_model_y_robotaxi_2024,software_update,2026-08-21T03:34:15.878702Z,2026-08-21T04:04:15.878702Z,,twin
22222222-2222-2222-2222-222222222222,,6e5c4806-1191-4b8b-b750-d38231213a1b,tesla_model_y_robotaxi_2024,sensor_clean,2026-08-21T03:34:15.878702Z,2026-08-21T03:39:15.878702Z,,twin
22222222-2222-2222-2222-222222222222,,4f558f2c-7f46-4c12-8a13-351371d828b6,waymo_jaguar_ipace_2024,software_update,2026-08-21T03:34:15.878702Z,2026-08-21T03:56:15.878702Z,,twin
22222222-2222-2222-2222-222222222222,,0b8d2e11-fac3-40f3-883e-1d37cb7e6da5,waymo_jaguar_ipace_2024,sensor_clean,2026-08-21T03:34:15.878702Z,2026-08-21T03:39:15.878702Z,,twin
22222222-2222-2222-2222-222222222222,,f1776816-85e4-4ed0-8890-fe115c1c9f73,waymo_jaguar_ipace_2024,software_update,2026-08-21T03:34:15.878702Z,2026-08-21T04:00:15.878702Z,,twin
22222222-2222-2222-2222-222222222222,,48ad6e64-7e84-4de3-8c0c-9d3abfaadb8d,waymo_jaguar_ipace_2024,software_update,2026-08-21T03:34:15.878702Z,2026-08-21T03:55:15.878702Z,,twin
22222222-2222-2222-2222-222222222222,,c433a36d-8782-46b2-b128-3e345bcbd186,waymo_jaguar_ipace_2024,software_update,2026-08-21T03:34:15.878702Z,2026-08-21T04:04:15.878702Z,,twin
22222222-2222-2222-2222-222222222222,,4ce2666e-66b5-4053-9b4c-c8ad06a46557,tesla_model_y_robotaxi_2024,interior_tidy,2026-08-21T03:34:15.878702Z,2026-08-21T03:39:15.878702Z,,twin
22222222-2222-2222-2222-222222222222,,c1b40f85-c4e3-40c7-afba-d1aec9ed876b,waymo_jaguar_ipace_2024,remote_diagnostics,2026-08-21T03:34:15.878702Z,2026-08-21T03:39:15.878702Z,,twin
22222222-2222-2222-2222-222222222222,,4ce2666e-66b5-4053-9b4c-c8ad06a46557,tesla_model_y_robotaxi_2024,software_update,2026-08-21T03:34:15.878702Z,2026-08-21T03:50:15.878702Z,,twin
22222222-2222-2222-2222-222222222222,,1ea6a5d7-862d-44cc-a387-86cea6bc4fe4,tesla_model_y_robotaxi_2024,interior_tidy,2026-08-21T03:35:32.269186Z,2026-08-21T03:35:32.269186Z,,twin
22222222-2222-2222-2222-222222222222,2e308e1f-ab85-4203-9684-5b96bdc38eec,f2cc320b-7543-47cf-a66d-37acee233f1b,tesla_model_y_robotaxi_2024,inspect,,2026-08-21T03:35:32.269186Z,,twin
22222222-2222-2222-2222-222222222222,,19ec1471-8525-4d88-801f-4cfee46f5ded,zoox_robotaxi_2024,software_update,2026-08-21T03:35:32.269186Z,2026-08-21T04:01:32.269186Z,,twin
22222222-2222-2222-2222-222222222222,,1aacf90d-d4e1-415e-ba09-603c306dffef,zoox_robotaxi_2024,software_update,2026-08-21T03:35:32.269186Z,2026-08-21T03:51:32.269186Z,,twin
22222222-2222-2222-2222-222222222222,4f598f7a-899f-43a2-900e-06e8d7d94962,64710503-d52c-42ae-bddf-53aec572c4d9,waymo_jaguar_ipace_2024,detail,2026-08-21T03:35:32.269186Z,2026-08-21T04:05:03.303836Z,,twin
22222222-2222-2222-2222-222222222222,1cc14b7f-d2b3-477e-b069-079ca9f62571,4a35c33f-b875-4cc6-a54d-85060633b711,waymo_jaguar_ipace_2024,inspect,,2026-08-21T03:35:39.028103Z,,twin
22222222-2222-2222-2222-222222222222,c7bdcf59-9b04-496b-a15d-878b647a169e,ad5abf3e-30c0-461f-b268-471bbe24986b,zoox_robotaxi_2024,charge_dcfc,2026-08-21T03:35:39.028103Z,2026-08-21T04:35:39.028103Z,,twin
22222222-2222-2222-2222-222222222222,,4732bf55-398f-4430-bc4c-0d14d4b89e2e,waymo_jaguar_ipace_2024,generic_service,2026-08-21T03:35:39.028103Z,2026-08-21T04:20:44.836739Z,,twin
22222222-2222-2222-2222-222222222222,21b60831-523f-4182-9223-072091eea2b2,48ad6e64-7e84-4de3-8c0c-9d3abfaadb8d,waymo_jaguar_ipace_2024,inspect,,2026-08-21T03:35:39.028103Z,,twin
22222222-2222-2222-2222-222222222222,6d4318c0-3d29-456b-ad33-6e24ff620e49,1c9aff71-a240-4bfe-b55a-d0eaa2ec6116,tesla_model_y_robotaxi_2024,inspect,,2026-08-21T03:35:39.028103Z,,twin
22222222-2222-2222-2222-222222222222,b9e37717-cafb-4e36-a124-a77f667101fc,25061aa9-5a61-481b-acee-0aa08dd7066f,tesla_model_y_robotaxi_2024,inspect,,2026-08-21T03:35:39.028103Z,,twin
22222222-2222-2222-2222-222222222222,b228e63a-90a4-45a9-bc17-1171e72e3bea,2547bf99-05c5-4055-9daa-c9e2a99da11d,tesla_model_y_robotaxi_2024,inspect,,2026-08-21T03:35:39.028103Z,,twin
22222222-2222-2222-2222-222222222222,2e308e1f-ab85-4203-9684-5b96bdc38eec,19b9bcf6-0586-4238-b70e-9ce1d490efe9,zoox_robotaxi_2024,inspect,,2026-08-21T03:35:39.028103Z,,twin
22222222-2222-2222-2222-222222222222,909457af-b93e-491e-a793-e2ed7f8936c6,3b6f1eb7-15f4-48e5-956c-9b261b9fcae1,waymo_jaguar_ipace_2024,inspect,,2026-08-21T03:35:39.028103Z,,twin
22222222-2222-2222-2222-222222222222,d146b0d3-034b-445f-8630-5e82d4e71fb0,32b62034-d7c6-4dbd-b9a4-78e708ec4c1c,waymo_jaguar_ipace_2024,inspect,,2026-08-21T03:35:39.028103Z,,twin
22222222-2222-2222-2222-222222222222,94358f10-7755-46ce-a351-eb4f7ba1aee9,464c07e3-3699-4238-90d6-ea1325d0b36c,tesla_model_y_robotaxi_2024,inspect,,2026-08-21T03:35:39.028103Z,,twin
22222222-2222-2222-2222-222222222222,1475970b-9008-4929-825f-78e066ab6722,4374f6a6-aa2e-4298-8fa2-1b30da90280e,zoox_robotaxi_2024,inspect,,2026-08-21T03:35:39.028103Z,,twin
22222222-2222-2222-2222-222222222222,6865247b-0ca1-4f06-bee1-9a2a7e9df40e,4ce2666e-66b5-4053-9b4c-c8ad06a46557,tesla_model_y_robotaxi_2024,inspect,,2026-08-21T03:35:39.028103Z,,twin
22222222-2222-2222-2222-222222222222,9e073bef-0b54-4868-931a-8d491e658f1f,3fc2148f-fe15-42b9-8e9a-619351c746e4,waymo_jaguar_ipace_2024,inspect,,2026-08-21T03:35:39.028103Z,,twin
22222222-2222-2222-2222-222222222222,,b6e8b116-0650-4d3b-b4d7-d78bd454f7e0,tesla_model_y_robotaxi_2024,software_update,2026-08-21T03:40:26.979248Z,2026-08-21T04:06:26.979248Z,,twin
22222222-2222-2222-2222-222222222222,,1c9aff71-a240-4bfe-b55a-d0eaa2ec6116,tesla_model_y_robotaxi_2024,interior_tidy,2026-08-21T03:40:26.979248Z,2026-08-21T03:40:26.979248Z,,twin
22222222-2222-2222-2222-222222222222,,ddf31311-e84f-4ef4-915a-c5ed82ae29ff,waymo_jaguar_ipace_2024,software_update,2026-08-21T03:40:26.979248Z,2026-08-21T04:22:26.979248Z,,twin
22222222-2222-2222-2222-222222222222,,cef7d122-6498-4555-8eba-8a6d51644d74,tesla_model_y_robotaxi_2024,software_update,2026-08-21T03:40:26.979248Z,2026-08-21T04:16:26.979248Z,,twin
22222222-2222-2222-2222-222222222222,,c8663fd7-b423-4398-9a18-a2ba5310feb7,tesla_model_y_robotaxi_2024,software_update,2026-08-21T03:40:26.979248Z,2026-08-21T04:12:26.979248Z,,twin
22222222-2222-2222-2222-222222222222,,c433a36d-8782-46b2-b128-3e345bcbd186,waymo_jaguar_ipace_2024,software_update,2026-08-21T03:40:26.979248Z,2026-08-21T04:17:26.979248Z,,twin
22222222-2222-2222-2222-222222222222,,acba173d-89ed-4221-a7f7-52ae57693c67,tesla_model_y_robotaxi_2024,software_update,2026-08-21T03:40:26.979248Z,2026-08-21T04:15:26.979248Z,,twin
22222222-2222-2222-2222-222222222222,,983002e6-790f-4e92-9722-b034571c7f47,waymo_jaguar_ipace_2024,software_update,2026-08-21T03:40:26.979248Z,2026-08-21T04:21:26.979248Z,,twin
22222222-2222-2222-2222-222222222222,,90c00fd5-03c2-4a5c-acdd-1fbcb709dfb2,tesla_model_y_robotaxi_2024,software_update,2026-08-21T03:40:26.979248Z,2026-08-21T04:12:26.979248Z,,twin
22222222-2222-2222-2222-222222222222,,8d4890b5-dd19-4bf9-b7be-3ef918ff1653,waymo_jaguar_ipace_2024,software_update,2026-08-21T03:40:26.979248Z,2026-08-21T04:18:26.979248Z,,twin
22222222-2222-2222-2222-222222222222,,c1b40f85-c4e3-40c7-afba-d1aec9ed876b,waymo_jaguar_ipace_2024,software_update,2026-08-21T03:40:26.979248Z,2026-08-21T04:08:26.979248Z,,twin
22222222-2222-2222-2222-222222222222,,c8663fd7-b423-4398-9a18-a2ba5310feb7,tesla_model_y_robotaxi_2024,interior_tidy,2026-08-21T03:40:26.979248Z,2026-08-21T03:44:26.979248Z,,twin
22222222-2222-2222-2222-222222222222,,ba70312c-6d2b-4c96-92a9-86c31ca2ca63,tesla_model_y_robotaxi_2024,software_update,2026-08-21T03:40:26.979248Z,2026-08-21T04:01:26.979248Z,,twin
22222222-2222-2222-2222-222222222222,,53e3dc12-2d7e-4d7b-8dbf-79a5eeef13ce,tesla_model_y_robotaxi_2024,software_update,2026-08-21T03:40:26.979248Z,2026-08-21T04:13:26.979248Z,,twin
22222222-2222-2222-2222-222222222222,,dbade82d-51ef-40bf-b21b-8103ad487d91,tesla_model_y_robotaxi_2024,software_update,2026-08-21T03:40:26.979248Z,2026-08-21T04:04:26.979248Z,,twin
22222222-2222-2222-2222-222222222222,,4ce2666e-66b5-4053-9b4c-c8ad06a46557,tesla_model_y_robotaxi_2024,software_update,2026-08-21T03:40:26.979248Z,2026-08-21T04:15:26.979248Z,,twin
22222222-2222-2222-2222-222222222222,,4992b1fa-fc81-445e-a203-657094d89f18,waymo_jaguar_ipace_2024,software_update,2026-08-21T03:40:26.979248Z,2026-08-21T04:21:26.979248Z,,twin
22222222-2222-2222-2222-222222222222,,e7c0498e-4f61-474f-8934-8864c090cefd,waymo_jaguar_ipace_2024,software_update,2026-08-21T03:40:26.979248Z,2026-08-21T04:07:26.979248Z,,twin
22222222-2222-2222-2222-222222222222,,4992b1fa-fc81-445e-a203-657094d89f18,waymo_jaguar_ipace_2024,interior_tidy,2026-08-21T03:40:26.979248Z,2026-08-21T03:45:26.979248Z,,twin
22222222-2222-2222-2222-222222222222,,1aacf90d-d4e1-415e-ba09-603c306dffef,zoox_robotaxi_2024,interior_tidy,2026-08-21T03:40:26.979248Z,2026-08-21T03:44:26.979248Z,,twin
22222222-2222-2222-2222-222222222222,164ff30d-4523-484a-a864-a49d01676e20,4732bf55-398f-4430-bc4c-0d14d4b89e2e,waymo_jaguar_ipace_2024,inspect,,2026-08-21T03:40:26.979248Z,,twin
22222222-2222-2222-2222-222222222222,,f2cc320b-7543-47cf-a66d-37acee233f1b,tesla_model_y_robotaxi_2024,software_update,2026-08-21T03:40:26.979248Z,2026-08-21T04:06:26.979248Z,,twin
22222222-2222-2222-2222-222222222222,,f1776816-85e4-4ed0-8890-fe115c1c9f73,waymo_jaguar_ipace_2024,software_update,2026-08-21T03:40:26.979248Z,2026-08-21T04:07:26.979248Z,,twin
22222222-2222-2222-2222-222222222222,,4a35c33f-b875-4cc6-a54d-85060633b711,waymo_jaguar_ipace_2024,software_update,2026-08-21T03:40:26.979248Z,2026-08-21T04:10:26.979248Z,,twin
22222222-2222-2222-2222-222222222222,,4f558f2c-7f46-4c12-8a13-351371d828b6,waymo_jaguar_ipace_2024,software_update,2026-08-21T03:40:26.979248Z,2026-08-21T03:58:26.979248Z,,twin
22222222-2222-2222-2222-222222222222,,524312ab-2416-46fd-aebb-34d785ef7da6,waymo_jaguar_ipace_2024,software_update,2026-08-21T03:40:26.979248Z,2026-08-21T03:55:26.979248Z,,twin
22222222-2222-2222-2222-222222222222,,5dfd9db9-4262-4a7f-8f7e-055ce7a5e426,tesla_model_y_robotaxi_2024,software_update,2026-08-21T03:40:26.979248Z,2026-08-21T04:10:26.979248Z,,twin
22222222-2222-2222-2222-222222222222,,8d4890b5-dd19-4bf9-b7be-3ef918ff1653,waymo_jaguar_ipace_2024,remote_diagnostics,2026-08-21T03:40:26.979248Z,2026-08-21T03:45:26.979248Z,,twin
22222222-2222-2222-2222-222222222222,,8ed8211d-aaa2-4051-b116-8f9f2501fc51,waymo_jaguar_ipace_2024,software_update,2026-08-21T03:40:26.979248Z,2026-08-21T04:00:26.979248Z,,twin
22222222-2222-2222-2222-222222222222,,964bd583-6d45-459b-8bca-4c415c0993d3,tesla_model_y_robotaxi_2024,software_update,2026-08-21T03:40:26.979248Z,2026-08-21T03:57:26.979248Z,,twin
22222222-2222-2222-2222-222222222222,,b6e8b116-0650-4d3b-b4d7-d78bd454f7e0,tesla_model_y_robotaxi_2024,remote_diagnostics,2026-08-21T03:40:26.979248Z,2026-08-21T03:45:26.979248Z,,twin
22222222-2222-2222-2222-222222222222,164ff30d-4523-484a-a864-a49d01676e20,4732bf55-398f-4430-bc4c-0d14d4b89e2e,waymo_jaguar_ipace_2024,inspect,,2026-08-21T03:42:23.463724Z,,twin
22222222-2222-2222-2222-222222222222,,1c9aff71-a240-4bfe-b55a-d0eaa2ec6116,tesla_model_y_robotaxi_2024,interior_tidy,2026-08-21T03:42:23.463724Z,2026-08-21T03:42:23.463724Z,,twin
22222222-2222-2222-2222-222222222222,,1aacf90d-d4e1-415e-ba09-603c306dffef,zoox_robotaxi_2024,interior_tidy,2026-08-21T03:42:23.463724Z,2026-08-21T03:46:23.463724Z,,twin
22222222-2222-2222-2222-222222222222,,4992b1fa-fc81-445e-a203-657094d89f18,waymo_jaguar_ipace_2024,interior_tidy,2026-08-21T03:42:23.463724Z,2026-08-21T03:47:23.463724Z,,twin
22222222-2222-2222-2222-222222222222,,4a35c33f-b875-4cc6-a54d-85060633b711,waymo_jaguar_ipace_2024,software_update,2026-08-21T03:42:23.463724Z,2026-08-21T04:12:23.463724Z,,twin
22222222-2222-2222-2222-222222222222,,4f558f2c-7f46-4c12-8a13-351371d828b6,waymo_jaguar_ipace_2024,software_update,2026-08-21T03:42:23.463724Z,2026-08-21T04:00:23.463724Z,,twin
22222222-2222-2222-2222-222222222222,,524312ab-2416-46fd-aebb-34d785ef7da6,waymo_jaguar_ipace_2024,software_update,2026-08-21T03:42:23.463724Z,2026-08-21T03:57:23.463724Z,,twin
22222222-2222-2222-2222-222222222222,,5dfd9db9-4262-4a7f-8f7e-055ce7a5e426,tesla_model_y_robotaxi_2024,software_update,2026-08-21T03:42:23.463724Z,2026-08-21T04:12:23.463724Z,,twin
22222222-2222-2222-2222-222222222222,,8d4890b5-dd19-4bf9-b7be-3ef918ff1653,waymo_jaguar_ipace_2024,remote_diagnostics,2026-08-21T03:42:23.463724Z,2026-08-21T03:47:23.463724Z,,twin
22222222-2222-2222-2222-222222222222,,8ed8211d-aaa2-4051-b116-8f9f2501fc51,waymo_jaguar_ipace_2024,software_update,2026-08-21T03:42:23.463724Z,2026-08-21T04:02:23.463724Z,,twin
22222222-2222-2222-2222-222222222222,,964bd583-6d45-459b-8bca-4c415c0993d3,tesla_model_y_robotaxi_2024,software_update,2026-08-21T03:42:23.463724Z,2026-08-21T03:59:23.463724Z,,twin
22222222-2222-2222-2222-222222222222,,b6e8b116-0650-4d3b-b4d7-d78bd454f7e0,tesla_model_y_robotaxi_2024,remote_diagnostics,2026-08-21T03:42:23.463724Z,2026-08-21T03:47:23.463724Z,,twin
22222222-2222-2222-2222-222222222222,,b6e8b116-0650-4d3b-b4d7-d78bd454f7e0,tesla_model_y_robotaxi_2024,software_update,2026-08-21T03:42:23.463724Z,2026-08-21T04:08:23.463724Z,,twin
22222222-2222-2222-2222-222222222222,,ba70312c-6d2b-4c96-92a9-86c31ca2ca63,tesla_model_y_robotaxi_2024,software_update,2026-08-21T03:42:23.463724Z,2026-08-21T04:03:23.463724Z,,twin
22222222-2222-2222-2222-222222222222,,c1b40f85-c4e3-40c7-afba-d1aec9ed876b,waymo_jaguar_ipace_2024,software_update,2026-08-21T03:42:23.463724Z,2026-08-21T04:10:23.463724Z,,twin
22222222-2222-2222-2222-222222222222,,c8663fd7-b423-4398-9a18-a2ba5310feb7,tesla_model_y_robotaxi_2024,interior_tidy,2026-08-21T03:42:23.463724Z,2026-08-21T03:46:23.463724Z,,twin
22222222-2222-2222-2222-222222222222,,dbade82d-51ef-40bf-b21b-8103ad487d91,tesla_model_y_robotaxi_2024,software_update,2026-08-21T03:42:23.463724Z,2026-08-21T04:06:23.463724Z,,twin
22222222-2222-2222-2222-222222222222,,e7c0498e-4f61-474f-8934-8864c090cefd,waymo_jaguar_ipace_2024,software_update,2026-08-21T03:42:23.463724Z,2026-08-21T04:09:23.463724Z,,twin
22222222-2222-2222-2222-222222222222,,f1776816-85e4-4ed0-8890-fe115c1c9f73,waymo_jaguar_ipace_2024,software_update,2026-08-21T03:42:23.463724Z,2026-08-21T04:09:23.463724Z,,twin
22222222-2222-2222-2222-222222222222,,f2cc320b-7543-47cf-a66d-37acee233f1b,tesla_model_y_robotaxi_2024,software_update,2026-08-21T03:42:23.463724Z,2026-08-21T04:08:23.463724Z,,twin
22222222-2222-2222-2222-222222222222,,4992b1fa-fc81-445e-a203-657094d89f18,waymo_jaguar_ipace_2024,software_update,2026-08-21T03:42:23.463724Z,2026-08-21T04:23:23.463724Z,,twin
22222222-2222-2222-2222-222222222222,,4ce2666e-66b5-4053-9b4c-c8ad06a46557,tesla_model_y_robotaxi_2024,software_update,2026-08-21T03:42:23.463724Z,2026-08-21T04:17:23.463724Z,,twin
22222222-2222-2222-2222-222222222222,,53e3dc12-2d7e-4d7b-8dbf-79a5eeef13ce,tesla_model_y_robotaxi_2024,software_update,2026-08-21T03:42:23.463724Z,2026-08-21T04:15:23.463724Z,,twin
22222222-2222-2222-2222-222222222222,,8d4890b5-dd19-4bf9-b7be-3ef918ff1653,waymo_jaguar_ipace_2024,software_update,2026-08-21T03:42:23.463724Z,2026-08-21T04:20:23.463724Z,,twin
22222222-2222-2222-2222-222222222222,,90c00fd5-03c2-4a5c-acdd-1fbcb709dfb2,tesla_model_y_robotaxi_2024,software_update,2026-08-21T03:42:23.463724Z,2026-08-21T04:14:23.463724Z,,twin
22222222-2222-2222-2222-222222222222,,983002e6-790f-4e92-9722-b034571c7f47,waymo_jaguar_ipace_2024,software_update,2026-08-21T03:42:23.463724Z,2026-08-21T04:23:23.463724Z,,twin
22222222-2222-2222-2222-222222222222,,acba173d-89ed-4221-a7f7-52ae57693c67,tesla_model_y_robotaxi_2024,software_update,2026-08-21T03:42:23.463724Z,2026-08-21T04:17:23.463724Z,,twin
22222222-2222-2222-2222-222222222222,,c433a36d-8782-46b2-b128-3e345bcbd186,waymo_jaguar_ipace_2024,software_update,2026-08-21T03:42:23.463724Z,2026-08-21T04:19:23.463724Z,,twin
22222222-2222-2222-2222-222222222222,,c8663fd7-b423-4398-9a18-a2ba5310feb7,tesla_model_y_robotaxi_2024,software_update,2026-08-21T03:42:23.463724Z,2026-08-21T04:14:23.463724Z,,twin
22222222-2222-2222-2222-222222222222,,cef7d122-6498-4555-8eba-8a6d51644d74,tesla_model_y_robotaxi_2024,software_update,2026-08-21T03:42:23.463724Z,2026-08-21T04:18:23.463724Z,,twin
22222222-2222-2222-2222-222222222222,,ddf31311-e84f-4ef4-915a-c5ed82ae29ff,waymo_jaguar_ipace_2024,software_update,2026-08-21T03:42:23.463724Z,2026-08-21T04:24:23.463724Z,,twin
22222222-2222-2222-2222-222222222222,906cbfff-0c6f-47a6-a9da-7ec9af323221,02734f04-7f30-40eb-beb2-36e5d401c697,zoox_robotaxi_2024,charge_dcfc,2026-08-21T03:42:23.463724Z,2026-08-21T04:42:23.463724Z,,twin
22222222-2222-2222-2222-222222222222,d146b0d3-034b-445f-8630-5e82d4e71fb0,464c07e3-3699-4238-90d6-ea1325d0b36c,tesla_model_y_robotaxi_2024,inspect,2026-08-21T03:52:37.378401Z,2026-08-21T03:55:37.378401Z,,twin
22222222-2222-2222-2222-222222222222,b9e37717-cafb-4e36-a124-a77f667101fc,32b62034-d7c6-4dbd-b9a4-78e708ec4c1c,waymo_jaguar_ipace_2024,inspect,,2026-08-21T03:55:37.378401Z,,twin
22222222-2222-2222-2222-222222222222,b228e63a-90a4-45a9-bc17-1171e72e3bea,3e88b963-abb9-415c-9637-fa8002b0074d,waymo_jaguar_ipace_2024,inspect,,2026-08-21T03:55:37.378401Z,,twin
22222222-2222-2222-2222-222222222222,6865247b-0ca1-4f06-bee1-9a2a7e9df40e,970832d1-8185-4eb5-8d10-c1cbe44c9283,waymo_jaguar_ipace_2024,inspect,,2026-08-21T03:55:37.378401Z,,twin
22222222-2222-2222-2222-222222222222,2e308e1f-ab85-4203-9684-5b96bdc38eec,14b02ad9-b6f6-4a74-867c-2a6ba9daf8e0,waymo_jaguar_ipace_2024,inspect,,2026-08-21T03:55:37.378401Z,,twin
22222222-2222-2222-2222-222222222222,1475970b-9008-4929-825f-78e066ab6722,5b8524d6-260b-448c-a9ae-9e18e9cada45,waymo_jaguar_ipace_2024,inspect,,2026-08-21T03:55:37.378401Z,,twin
22222222-2222-2222-2222-222222222222,736962b1-f58c-4165-9657-89dfea75616d,2be09ec0-e78a-4cd8-9f80-fceeb1c33e71,tesla_model_y_robotaxi_2024,charge_dcfc,2026-08-21T03:55:37.378401Z,2026-08-21T04:25:37.378401Z,,twin
22222222-2222-2222-2222-222222222222,94358f10-7755-46ce-a351-eb4f7ba1aee9,8ed8211d-aaa2-4051-b116-8f9f2501fc51,waymo_jaguar_ipace_2024,inspect,,2026-08-21T03:55:37.378401Z,,twin
22222222-2222-2222-2222-222222222222,,838200a0-b464-4eb0-9cab-faaee1f80b5a,zoox_robotaxi_2024,software_update,2026-08-21T03:55:37.378401Z,2026-08-21T04:25:37.378401Z,,twin
22222222-2222-2222-2222-222222222222,,838200a0-b464-4eb0-9cab-faaee1f80b5a,zoox_robotaxi_2024,interior_tidy,2026-08-21T03:55:37.378401Z,2026-08-21T03:58:37.378401Z,,twin
22222222-2222-2222-2222-222222222222,,4ce2666e-66b5-4053-9b4c-c8ad06a46557,tesla_model_y_robotaxi_2024,software_update,2026-08-21T03:55:37.378401Z,2026-08-21T04:25:37.378401Z,,twin
22222222-2222-2222-2222-222222222222,,25061aa9-5a61-481b-acee-0aa08dd7066f,tesla_model_y_robotaxi_2024,interior_tidy,2026-08-21T03:55:37.378401Z,2026-08-21T04:00:37.378401Z,,twin
22222222-2222-2222-2222-222222222222,,138f4a23-c5c8-4b89-96a0-c72ebb6aee0c,tesla_model_y_robotaxi_2024,interior_tidy,2026-08-21T03:55:37.378401Z,2026-08-21T03:59:37.378401Z,,twin
22222222-2222-2222-2222-222222222222,,0bfd4d59-44f9-4a57-8c06-51bc00a2a6b9,tesla_model_y_robotaxi_2024,software_update,2026-08-21T03:55:37.378401Z,2026-08-21T04:14:37.378401Z,,twin
22222222-2222-2222-2222-222222222222,,0bfd4d59-44f9-4a57-8c06-51bc00a2a6b9,tesla_model_y_robotaxi_2024,item_retrieval,2026-08-21T03:55:37.378401Z,2026-08-21T03:59:37.378401Z,,twin
22222222-2222-2222-2222-222222222222,909457af-b93e-491e-a793-e2ed7f8936c6,4a35c33f-b875-4cc6-a54d-85060633b711,waymo_jaguar_ipace_2024,inspect,,2026-08-21T03:55:37.378401Z,,twin
22222222-2222-2222-2222-222222222222,9e073bef-0b54-4868-931a-8d491e658f1f,51766e8e-fe42-436d-b37a-10215bdb6798,waymo_jaguar_ipace_2024,inspect,,2026-08-21T03:55:37.378401Z,,twin
22222222-2222-2222-2222-222222222222,1cc14b7f-d2b3-477e-b069-079ca9f62571,964bd583-6d45-459b-8bca-4c415c0993d3,tesla_model_y_robotaxi_2024,inspect,,2026-08-21T03:55:37.378401Z,,twin
22222222-2222-2222-2222-222222222222,21b60831-523f-4182-9223-072091eea2b2,9240c4c6-422b-4ac5-b65d-321faac569ce,waymo_jaguar_ipace_2024,inspect,,2026-08-21T03:55:37.378401Z,,twin
22222222-2222-2222-2222-222222222222,9e073bef-0b54-4868-931a-8d491e658f1f,c97a907b-eb50-49d4-81d2-ed38c1ab2616,zoox_robotaxi_2024,inspect,,2026-08-21T04:02:31.741782Z,,twin
22222222-2222-2222-2222-222222222222,2e308e1f-ab85-4203-9684-5b96bdc38eec,02f1a60b-27e8-46a3-831b-d9232cc510a0,tesla_model_y_robotaxi_2024,inspect,,2026-08-21T04:02:31.741782Z,,twin
22222222-2222-2222-2222-222222222222,b228e63a-90a4-45a9-bc17-1171e72e3bea,19ec1471-8525-4d88-801f-4cfee46f5ded,zoox_robotaxi_2024,inspect,,2026-08-21T04:02:31.741782Z,,twin
22222222-2222-2222-2222-222222222222,909457af-b93e-491e-a793-e2ed7f8936c6,ad5abf3e-30c0-461f-b268-471bbe24986b,zoox_robotaxi_2024,inspect,,2026-08-21T04:02:31.741782Z,,twin
22222222-2222-2222-2222-222222222222,67daf51e-8956-460c-abf2-ed756e3d4dfb,964bd583-6d45-459b-8bca-4c415c0993d3,tesla_model_y_robotaxi_2024,charge_l2,2026-08-21T04:02:37.471399Z,2026-08-21T05:02:37.471399Z,,twin
22222222-2222-2222-2222-222222222222,,27be18c4-bd2e-44ac-9eb5-1d1edc2809b7,zoox_robotaxi_2024,generic_service,2026-08-21T04:02:37.471399Z,2026-08-21T04:54:11.484137Z,,twin
22222222-2222-2222-2222-222222222222,,90c00fd5-03c2-4a5c-acdd-1fbcb709dfb2,tesla_model_y_robotaxi_2024,software_update,2026-08-21T04:02:37.471399Z,2026-08-21T04:24:37.471399Z,,twin
22222222-2222-2222-2222-222222222222,a8c45abd-6f8c-42d4-8707-8023d501411a,138f4a23-c5c8-4b89-96a0-c72ebb6aee0c,tesla_model_y_robotaxi_2024,wash,2026-08-21T04:02:37.471399Z,2026-08-21T04:12:54.397090Z,,twin
22222222-2222-2222-2222-222222222222,,03812c6f-407b-4782-858f-c15cdbaf8de7,waymo_jaguar_ipace_2024,software_update,2026-08-21T04:02:37.471399Z,2026-08-21T04:38:37.471399Z,,twin
22222222-2222-2222-2222-222222222222,,64710503-d52c-42ae-bddf-53aec572c4d9,waymo_jaguar_ipace_2024,software_update,2026-08-21T04:02:37.471399Z,2026-08-21T04:42:37.471399Z,,twin
22222222-2222-2222-2222-222222222222,,6860a969-bb88-416f-a3bf-545884f04aa8,waymo_jaguar_ipace_2024,software_update,2026-08-21T04:02:37.471399Z,2026-08-21T04:34:37.471399Z,,twin
22222222-2222-2222-2222-222222222222,a21eb17c-d3e0-48b5-a239-d3686a90ed6d,6e5c4806-1191-4b8b-b750-d38231213a1b,tesla_model_y_robotaxi_2024,charge_l2,2026-08-21T04:02:37.471399Z,2026-08-21T07:32:37.471399Z,,twin
22222222-2222-2222-2222-222222222222,,661b3e46-d875-466f-bedd-605fd87ac4d7,waymo_jaguar_ipace_2024,software_update,2026-08-21T04:02:37.471399Z,2026-08-21T04:26:37.471399Z,,twin
22222222-2222-2222-2222-222222222222,d4fe1117-a8b9-4e00-85c4-f7ae2cac1dab,c5a58859-4282-42de-b596-0a4f433e05f1,tesla_model_y_robotaxi_2024,charge_l2,2026-08-21T04:02:37.471399Z,2026-08-21T06:02:37.471399Z,,twin
22222222-2222-2222-2222-222222222222,,4cd2b777-e994-41b3-8542-fdf0f5d88189,waymo_jaguar_ipace_2024,software_update,2026-08-21T04:02:37.471399Z,2026-08-21T04:23:37.471399Z,,twin
22222222-2222-2222-2222-222222222222,,02734f04-7f30-40eb-beb2-36e5d401c697,zoox_robotaxi_2024,software_update,2026-08-21T04:02:37.471399Z,2026-08-21T04:19:37.471399Z,,twin
22222222-2222-2222-2222-222222222222,,ba70312c-6d2b-4c96-92a9-86c31ca2ca63,tesla_model_y_robotaxi_2024,interior_tidy,2026-08-21T04:02:37.471399Z,2026-08-21T04:07:37.471399Z,,twin
22222222-2222-2222-2222-222222222222,,ddf31311-e84f-4ef4-915a-c5ed82ae29ff,waymo_jaguar_ipace_2024,software_update,2026-08-21T04:02:37.471399Z,2026-08-21T04:40:37.471399Z,,twin
22222222-2222-2222-2222-222222222222,1cc14b7f-d2b3-477e-b069-079ca9f62571,2be09ec0-e78a-4cd8-9f80-fceeb1c33e71,tesla_model_y_robotaxi_2024,inspect,,2026-08-21T04:03:45.566184Z,,twin
22222222-2222-2222-2222-222222222222,9e073bef-0b54-4868-931a-8d491e658f1f,19ec1471-8525-4d88-801f-4cfee46f5ded,zoox_robotaxi_2024,inspect,,2026-08-21T04:03:45.566184Z,,twin
22222222-2222-2222-2222-222222222222,2e308e1f-ab85-4203-9684-5b96bdc38eec,01b10692-0e0e-42c5-9889-f461f60471cf,zoox_robotaxi_2024,inspect,,2026-08-21T04:03:45.566184Z,,twin
22222222-2222-2222-2222-222222222222,,f2cc320b-7543-47cf-a66d-37acee233f1b,tesla_model_y_robotaxi_2024,software_update,2026-08-21T04:03:45.566184Z,2026-08-21T04:32:45.566184Z,,twin
22222222-2222-2222-2222-222222222222,,98899633-be7c-42cb-9046-56321fb60f9d,zoox_robotaxi_2024,software_update,2026-08-21T04:03:45.566184Z,2026-08-21T04:28:45.566184Z,,twin
22222222-2222-2222-2222-222222222222,,8ed8211d-aaa2-4051-b116-8f9f2501fc51,waymo_jaguar_ipace_2024,interior_tidy,2026-08-21T04:03:45.566184Z,2026-08-21T04:07:45.566184Z,,twin
22222222-2222-2222-2222-222222222222,,838200a0-b464-4eb0-9cab-faaee1f80b5a,zoox_robotaxi_2024,software_update,2026-08-21T04:03:45.566184Z,2026-08-21T04:33:45.566184Z,,twin
22222222-2222-2222-2222-222222222222,,838200a0-b464-4eb0-9cab-faaee1f80b5a,zoox_robotaxi_2024,interior_tidy,2026-08-21T04:03:45.566184Z,2026-08-21T04:06:45.566184Z,,twin
22222222-2222-2222-2222-222222222222,,55a6bddc-f019-4989-a335-81cbde15b44e,zoox_robotaxi_2024,software_update,2026-08-21T04:03:45.566184Z,2026-08-21T04:21:45.566184Z,,twin
22222222-2222-2222-2222-222222222222,,464c07e3-3699-4238-90d6-ea1325d0b36c,tesla_model_y_robotaxi_2024,interior_tidy,2026-08-21T04:03:45.566184Z,2026-08-21T04:06:45.566184Z,,twin
22222222-2222-2222-2222-222222222222,6d4318c0-3d29-456b-ad33-6e24ff620e49,02734f04-7f30-40eb-beb2-36e5d401c697,zoox_robotaxi_2024,inspect,,2026-08-21T04:03:45.566184Z,,twin
22222222-2222-2222-2222-222222222222,b9e37717-cafb-4e36-a124-a77f667101fc,053b8abd-e2b6-4b19-9bfc-314430947773,waymo_jaguar_ipace_2024,inspect,,2026-08-21T04:03:45.566184Z,,twin
22222222-2222-2222-2222-222222222222,21b60831-523f-4182-9223-072091eea2b2,27be18c4-bd2e-44ac-9eb5-1d1edc2809b7,zoox_robotaxi_2024,inspect,,2026-08-21T04:03:45.566184Z,,twin
22222222-2222-2222-2222-222222222222,6865247b-0ca1-4f06-bee1-9a2a7e9df40e,3b6f1eb7-15f4-48e5-956c-9b261b9fcae1,waymo_jaguar_ipace_2024,inspect,,2026-08-21T04:03:45.566184Z,,twin
22222222-2222-2222-2222-222222222222,94358f10-7755-46ce-a351-eb4f7ba1aee9,2547bf99-05c5-4055-9daa-c9e2a99da11d,tesla_model_y_robotaxi_2024,inspect,,2026-08-21T04:03:45.566184Z,,twin
22222222-2222-2222-2222-222222222222,909457af-b93e-491e-a793-e2ed7f8936c6,19b9bcf6-0586-4238-b70e-9ce1d490efe9,zoox_robotaxi_2024,inspect,,2026-08-21T04:03:45.566184Z,,twin
22222222-2222-2222-2222-222222222222,1475970b-9008-4929-825f-78e066ab6722,1aacf90d-d4e1-415e-ba09-603c306dffef,zoox_robotaxi_2024,inspect,,2026-08-21T04:03:45.566184Z,,twin
22222222-2222-2222-2222-222222222222,d146b0d3-034b-445f-8630-5e82d4e71fb0,10b4f941-b257-4571-948d-cc7b72d0fb52,tesla_model_y_robotaxi_2024,inspect,,2026-08-21T04:03:45.566184Z,,twin
22222222-2222-2222-2222-222222222222,b228e63a-90a4-45a9-bc17-1171e72e3bea,0d13e7d4-4707-44be-a233-8a3e849a23c5,waymo_jaguar_ipace_2024,inspect,,2026-08-21T04:03:45.566184Z,,twin
22222222-2222-2222-2222-222222222222,,02734f04-7f30-40eb-beb2-36e5d401c697,zoox_robotaxi_2024,generic_service,2026-08-21T04:04:15.878702Z,2026-08-21T04:51:19.166771Z,,twin
22222222-2222-2222-2222-222222222222,,90c00fd5-03c2-4a5c-acdd-1fbcb709dfb2,tesla_model_y_robotaxi_2024,software_update,2026-08-21T04:04:15.878702Z,2026-08-21T04:26:15.878702Z,,twin
22222222-2222-2222-2222-222222222222,a8c45abd-6f8c-42d4-8707-8023d501411a,138f4a23-c5c8-4b89-96a0-c72ebb6aee0c,tesla_model_y_robotaxi_2024,wash,2026-08-21T04:04:15.878702Z,2026-08-21T04:14:32.804393Z,,twin
22222222-2222-2222-2222-222222222222,,661b3e46-d875-466f-bedd-605fd87ac4d7,waymo_jaguar_ipace_2024,software_update,2026-08-21T04:04:15.878702Z,2026-08-21T04:28:15.878702Z,,twin
22222222-2222-2222-2222-222222222222,,27be18c4-bd2e-44ac-9eb5-1d1edc2809b7,zoox_robotaxi_2024,generic_service,2026-08-21T04:04:15.878702Z,2026-08-21T04:55:49.891440Z,,twin
22222222-2222-2222-2222-222222222222,,6860a969-bb88-416f-a3bf-545884f04aa8,waymo_jaguar_ipace_2024,software_update,2026-08-21T04:04:15.878702Z,2026-08-21T04:36:15.878702Z,,twin
22222222-2222-2222-2222-222222222222,,4cd2b777-e994-41b3-8542-fdf0f5d88189,waymo_jaguar_ipace_2024,software_update,2026-08-21T04:04:15.878702Z,2026-08-21T04:25:15.878702Z,,twin
22222222-2222-2222-2222-222222222222,,053b8abd-e2b6-4b19-9bfc-314430947773,waymo_jaguar_ipace_2024,software_update,2026-08-21T04:04:15.878702Z,2026-08-21T04:33:15.878702Z,,twin
22222222-2222-2222-2222-222222222222,,02734f04-7f30-40eb-beb2-36e5d401c697,zoox_robotaxi_2024,software_update,2026-08-21T04:04:15.878702Z,2026-08-21T04:21:15.878702Z,,twin
22222222-2222-2222-2222-222222222222,,ba70312c-6d2b-4c96-92a9-86c31ca2ca63,tesla_model_y_robotaxi_2024,interior_tidy,2026-08-21T04:04:15.878702Z,2026-08-21T04:09:15.878702Z,,twin
22222222-2222-2222-2222-222222222222,,ddf31311-e84f-4ef4-915a-c5ed82ae29ff,waymo_jaguar_ipace_2024,software_update,2026-08-21T04:04:15.878702Z,2026-08-21T04:42:15.878702Z,,twin
22222222-2222-2222-2222-222222222222,,03812c6f-407b-4782-858f-c15cdbaf8de7,waymo_jaguar_ipace_2024,software_update,2026-08-21T04:04:15.878702Z,2026-08-21T04:40:15.878702Z,,twin
22222222-2222-2222-2222-222222222222,,64710503-d52c-42ae-bddf-53aec572c4d9,waymo_jaguar_ipace_2024,software_update,2026-08-21T04:04:15.878702Z,2026-08-21T04:44:15.878702Z,,twin
22222222-2222-2222-2222-222222222222,909457af-b93e-491e-a793-e2ed7f8936c6,ad5abf3e-30c0-461f-b268-471bbe24986b,zoox_robotaxi_2024,inspect,,2026-08-21T04:05:32.269186Z,,twin
22222222-2222-2222-2222-222222222222,b228e63a-90a4-45a9-bc17-1171e72e3bea,19ec1471-8525-4d88-801f-4cfee46f5ded,zoox_robotaxi_2024,inspect,,2026-08-21T04:05:32.269186Z,,twin
22222222-2222-2222-2222-222222222222,2e308e1f-ab85-4203-9684-5b96bdc38eec,02f1a60b-27e8-46a3-831b-d9232cc510a0,tesla_model_y_robotaxi_2024,inspect,,2026-08-21T04:05:32.269186Z,,twin
22222222-2222-2222-2222-222222222222,9e073bef-0b54-4868-931a-8d491e658f1f,c97a907b-eb50-49d4-81d2-ed38c1ab2616,zoox_robotaxi_2024,inspect,,2026-08-21T04:05:32.269186Z,,twin
22222222-2222-2222-2222-222222222222,,f2cc320b-7543-47cf-a66d-37acee233f1b,tesla_model_y_robotaxi_2024,software_update,2026-08-21T04:05:39.028103Z,2026-08-21T04:34:39.028103Z,,twin
22222222-2222-2222-2222-222222222222,,98899633-be7c-42cb-9046-56321fb60f9d,zoox_robotaxi_2024,software_update,2026-08-21T04:05:39.028103Z,2026-08-21T04:30:39.028103Z,,twin
22222222-2222-2222-2222-222222222222,,8ed8211d-aaa2-4051-b116-8f9f2501fc51,waymo_jaguar_ipace_2024,interior_tidy,2026-08-21T04:05:39.028103Z,2026-08-21T04:09:39.028103Z,,twin
22222222-2222-2222-2222-222222222222,d146b0d3-034b-445f-8630-5e82d4e71fb0,14b02ad9-b6f6-4a74-867c-2a6ba9daf8e0,waymo_jaguar_ipace_2024,inspect,,2026-08-21T04:05:39.028103Z,,twin
22222222-2222-2222-2222-222222222222,,03812c6f-407b-4782-858f-c15cdbaf8de7,waymo_jaguar_ipace_2024,interior_tidy,2026-08-21T04:05:39.028103Z,2026-08-21T04:09:39.028103Z,,twin
22222222-2222-2222-2222-222222222222,,14b02ad9-b6f6-4a74-867c-2a6ba9daf8e0,waymo_jaguar_ipace_2024,interior_tidy,2026-08-21T04:05:39.028103Z,2026-08-21T04:09:39.028103Z,,twin
22222222-2222-2222-2222-222222222222,1475970b-9008-4929-825f-78e066ab6722,1aacf90d-d4e1-415e-ba09-603c306dffef,zoox_robotaxi_2024,inspect,,2026-08-21T04:05:39.028103Z,,twin
22222222-2222-2222-2222-222222222222,2e308e1f-ab85-4203-9684-5b96bdc38eec,01b10692-0e0e-42c5-9889-f461f60471cf,zoox_robotaxi_2024,inspect,,2026-08-21T04:05:39.028103Z,,twin
22222222-2222-2222-2222-222222222222,909457af-b93e-491e-a793-e2ed7f8936c6,19b9bcf6-0586-4238-b70e-9ce1d490efe9,zoox_robotaxi_2024,inspect,,2026-08-21T04:05:39.028103Z,,twin
22222222-2222-2222-2222-222222222222,6865247b-0ca1-4f06-bee1-9a2a7e9df40e,3b6f1eb7-15f4-48e5-956c-9b261b9fcae1,waymo_jaguar_ipace_2024,inspect,,2026-08-21T04:05:39.028103Z,,twin
22222222-2222-2222-2222-222222222222,b228e63a-90a4-45a9-bc17-1171e72e3bea,0d13e7d4-4707-44be-a233-8a3e849a23c5,waymo_jaguar_ipace_2024,inspect,,2026-08-21T04:05:39.028103Z,,twin
22222222-2222-2222-2222-222222222222,9e073bef-0b54-4868-931a-8d491e658f1f,19ec1471-8525-4d88-801f-4cfee46f5ded,zoox_robotaxi_2024,inspect,,2026-08-21T04:05:39.028103Z,,twin
22222222-2222-2222-2222-222222222222,b9e37717-cafb-4e36-a124-a77f667101fc,02f1a60b-27e8-46a3-831b-d9232cc510a0,tesla_model_y_robotaxi_2024,inspect,,2026-08-21T04:05:39.028103Z,,twin
22222222-2222-2222-2222-222222222222,,838200a0-b464-4eb0-9cab-faaee1f80b5a,zoox_robotaxi_2024,software_update,2026-08-21T04:05:39.028103Z,2026-08-21T04:35:39.028103Z,,twin
22222222-2222-2222-2222-222222222222,1cc14b7f-d2b3-477e-b069-079ca9f62571,2be09ec0-e78a-4cd8-9f80-fceeb1c33e71,tesla_model_y_robotaxi_2024,inspect,,2026-08-21T04:05:39.028103Z,,twin
22222222-2222-2222-2222-222222222222,6d4318c0-3d29-456b-ad33-6e24ff620e49,02734f04-7f30-40eb-beb2-36e5d401c697,zoox_robotaxi_2024,inspect,,2026-08-21T04:05:39.028103Z,,twin
22222222-2222-2222-2222-222222222222,,55a6bddc-f019-4989-a335-81cbde15b44e,zoox_robotaxi_2024,software_update,2026-08-21T04:05:39.028103Z,2026-08-21T04:23:39.028103Z,,twin
22222222-2222-2222-2222-222222222222,21b60831-523f-4182-9223-072091eea2b2,27be18c4-bd2e-44ac-9eb5-1d1edc2809b7,zoox_robotaxi_2024,inspect,,2026-08-21T04:05:39.028103Z,,twin
22222222-2222-2222-2222-222222222222,94358f10-7755-46ce-a351-eb4f7ba1aee9,2547bf99-05c5-4055-9daa-c9e2a99da11d,tesla_model_y_robotaxi_2024,inspect,,2026-08-21T04:05:39.028103Z,,twin
22222222-2222-2222-2222-222222222222,d919a33c-e940-45f0-8d22-ed71859c0fc9,4f558f2c-7f46-4c12-8a13-351371d828b6,waymo_jaguar_ipace_2024,charge_l2,2026-08-21T04:10:26.979248Z,2026-08-21T08:10:26.979248Z,,twin
22222222-2222-2222-2222-222222222222,,64710503-d52c-42ae-bddf-53aec572c4d9,waymo_jaguar_ipace_2024,software_update,2026-08-21T04:10:26.979248Z,2026-08-21T04:38:26.979248Z,,twin
22222222-2222-2222-2222-222222222222,,48ad6e64-7e84-4de3-8c0c-9d3abfaadb8d,waymo_jaguar_ipace_2024,software_update,2026-08-21T04:10:26.979248Z,2026-08-21T04:36:26.979248Z,,twin
22222222-2222-2222-2222-222222222222,,a5af28d4-d135-4617-a379-d20cf703d54d,tesla_model_y_robotaxi_2024,software_update,2026-08-21T04:10:26.979248Z,2026-08-21T04:44:26.979248Z,,twin
22222222-2222-2222-2222-222222222222,,9240c4c6-422b-4ac5-b65d-321faac569ce,waymo_jaguar_ipace_2024,software_update,2026-08-21T04:10:26.979248Z,2026-08-21T04:50:26.979248Z,,twin
22222222-2222-2222-2222-222222222222,ed83a9d8-cac4-4730-968a-3e82d690e4b8,c8663fd7-b423-4398-9a18-a2ba5310feb7,tesla_model_y_robotaxi_2024,charge_dcfc,2026-08-21T04:10:26.979248Z,2026-08-21T04:40:26.979248Z,,twin
22222222-2222-2222-2222-222222222222,,c3f78336-f475-4d29-bf59-0261114066ef,tesla_model_y_robotaxi_2024,software_update,2026-08-21T04:10:26.979248Z,2026-08-21T04:30:26.979248Z,,twin
22222222-2222-2222-2222-222222222222,,ba70312c-6d2b-4c96-92a9-86c31ca2ca63,tesla_model_y_robotaxi_2024,interior_tidy,2026-08-21T04:10:26.979248Z,2026-08-21T04:14:26.979248Z,,twin
22222222-2222-2222-2222-222222222222,,b6e8b116-0650-4d3b-b4d7-d78bd454f7e0,tesla_model_y_robotaxi_2024,interior_tidy,2026-08-21T04:10:26.979248Z,2026-08-21T04:13:26.979248Z,,twin
22222222-2222-2222-2222-222222222222,,6860a969-bb88-416f-a3bf-545884f04aa8,waymo_jaguar_ipace_2024,software_update,2026-08-21T04:10:26.979248Z,2026-08-21T04:28:26.979248Z,,twin
22222222-2222-2222-2222-222222222222,,6860a969-bb88-416f-a3bf-545884f04aa8,waymo_jaguar_ipace_2024,interior_tidy,2026-08-21T04:10:26.979248Z,2026-08-21T04:14:26.979248Z,,twin
22222222-2222-2222-2222-222222222222,4dae9406-659d-43c2-8214-235b33927887,03812c6f-407b-4782-858f-c15cdbaf8de7,waymo_jaguar_ipace_2024,charge_dcfc,2026-08-21T04:12:23.463724Z,2026-08-21T06:42:23.463724Z,,twin
22222222-2222-2222-2222-222222222222,,48ad6e64-7e84-4de3-8c0c-9d3abfaadb8d,waymo_jaguar_ipace_2024,software_update,2026-08-21T04:12:23.463724Z,2026-08-21T04:38:23.463724Z,,twin
22222222-2222-2222-2222-222222222222,,64710503-d52c-42ae-bddf-53aec572c4d9,waymo_jaguar_ipace_2024,software_update,2026-08-21T04:12:23.463724Z,2026-08-21T04:40:23.463724Z,,twin
22222222-2222-2222-2222-222222222222,f28cb8d2-ed25-48c6-b1ee-3c27935c3b38,cef7d122-6498-4555-8eba-8a6d51644d74,tesla_model_y_robotaxi_2024,charge_l2,2026-08-21T04:12:23.463724Z,2026-08-21T07:42:23.463724Z,,twin
22222222-2222-2222-2222-222222222222,,6860a969-bb88-416f-a3bf-545884f04aa8,waymo_jaguar_ipace_2024,interior_tidy,2026-08-21T04:12:23.463724Z,2026-08-21T04:16:23.463724Z,,twin
22222222-2222-2222-2222-222222222222,,6860a969-bb88-416f-a3bf-545884f04aa8,waymo_jaguar_ipace_2024,software_update,2026-08-21T04:12:23.463724Z,2026-08-21T04:30:23.463724Z,,twin
22222222-2222-2222-2222-222222222222,,b6e8b116-0650-4d3b-b4d7-d78bd454f7e0,tesla_model_y_robotaxi_2024,interior_tidy,2026-08-21T04:12:23.463724Z,2026-08-21T04:15:23.463724Z,,twin
22222222-2222-2222-2222-222222222222,,ba70312c-6d2b-4c96-92a9-86c31ca2ca63,tesla_model_y_robotaxi_2024,interior_tidy,2026-08-21T04:12:23.463724Z,2026-08-21T04:16:23.463724Z,,twin
22222222-2222-2222-2222-222222222222,,c3f78336-f475-4d29-bf59-0261114066ef,tesla_model_y_robotaxi_2024,software_update,2026-08-21T04:12:23.463724Z,2026-08-21T04:32:23.463724Z,,twin
22222222-2222-2222-2222-222222222222,ed83a9d8-cac4-4730-968a-3e82d690e4b8,c8663fd7-b423-4398-9a18-a2ba5310feb7,tesla_model_y_robotaxi_2024,charge_dcfc,2026-08-21T04:12:23.463724Z,2026-08-21T04:42:23.463724Z,,twin
22222222-2222-2222-2222-222222222222,,9240c4c6-422b-4ac5-b65d-321faac569ce,waymo_jaguar_ipace_2024,software_update,2026-08-21T04:12:23.463724Z,2026-08-21T04:52:23.463724Z,,twin
22222222-2222-2222-2222-222222222222,,a5af28d4-d135-4617-a379-d20cf703d54d,tesla_model_y_robotaxi_2024,software_update,2026-08-21T04:12:23.463724Z,2026-08-21T04:46:23.463724Z,,twin
22222222-2222-2222-2222-222222222222,,53e3dc12-2d7e-4d7b-8dbf-79a5eeef13ce,tesla_model_y_robotaxi_2024,inspect,2026-08-21T04:22:37.378401Z,2026-08-21T04:25:37.378401Z,,twin
22222222-2222-2222-2222-222222222222,6865247b-0ca1-4f06-bee1-9a2a7e9df40e,a5af28d4-d135-4617-a379-d20cf703d54d,tesla_model_y_robotaxi_2024,inspect,,2026-08-21T04:25:37.378401Z,,twin
22222222-2222-2222-2222-222222222222,94358f10-7755-46ce-a351-eb4f7ba1aee9,9240c4c6-422b-4ac5-b65d-321faac569ce,waymo_jaguar_ipace_2024,inspect,,2026-08-21T04:25:37.378401Z,,twin
22222222-2222-2222-2222-222222222222,1cc14b7f-d2b3-477e-b069-079ca9f62571,983002e6-790f-4e92-9722-b034571c7f47,waymo_jaguar_ipace_2024,inspect,,2026-08-21T04:25:37.378401Z,,twin
22222222-2222-2222-2222-222222222222,909457af-b93e-491e-a793-e2ed7f8936c6,3fc2148f-fe15-42b9-8e9a-619351c746e4,waymo_jaguar_ipace_2024,inspect,,2026-08-21T04:25:37.378401Z,,twin
22222222-2222-2222-2222-222222222222,1475970b-9008-4929-825f-78e066ab6722,8ed8211d-aaa2-4051-b116-8f9f2501fc51,waymo_jaguar_ipace_2024,inspect,,2026-08-21T04:25:37.378401Z,,twin
22222222-2222-2222-2222-222222222222,b228e63a-90a4-45a9-bc17-1171e72e3bea,1aacf90d-d4e1-415e-ba09-603c306dffef,zoox_robotaxi_2024,inspect,,2026-08-21T04:25:37.378401Z,,twin
22222222-2222-2222-2222-222222222222,164ff30d-4523-484a-a864-a49d01676e20,0d13e7d4-4707-44be-a233-8a3e849a23c5,waymo_jaguar_ipace_2024,inspect,,2026-08-21T04:25:37.378401Z,,twin
22222222-2222-2222-2222-222222222222,2e308e1f-ab85-4203-9684-5b96bdc38eec,1973c5a4-5670-46fa-bbe2-5f6a3a1d0c6a,zoox_robotaxi_2024,inspect,,2026-08-21T04:25:37.378401Z,,twin
22222222-2222-2222-2222-222222222222,9e073bef-0b54-4868-931a-8d491e658f1f,45c66200-75cd-4f06-a41f-6534e1c311aa,zoox_robotaxi_2024,inspect,,2026-08-21T04:25:37.378401Z,,twin
22222222-2222-2222-2222-222222222222,b9e37717-cafb-4e36-a124-a77f667101fc,19ec1471-8525-4d88-801f-4cfee46f5ded,zoox_robotaxi_2024,inspect,,2026-08-21T04:25:37.378401Z,,twin
22222222-2222-2222-2222-222222222222,6d4318c0-3d29-456b-ad33-6e24ff620e49,19b9bcf6-0586-4238-b70e-9ce1d490efe9,zoox_robotaxi_2024,inspect,,2026-08-21T04:25:37.378401Z,,twin
22222222-2222-2222-2222-222222222222,21b60831-523f-4182-9223-072091eea2b2,964bd583-6d45-459b-8bca-4c415c0993d3,tesla_model_y_robotaxi_2024,inspect,,2026-08-21T04:25:37.378401Z,,twin
22222222-2222-2222-2222-222222222222,d146b0d3-034b-445f-8630-5e82d4e71fb0,32b62034-d7c6-4dbd-b9a4-78e708ec4c1c,waymo_jaguar_ipace_2024,inspect,,2026-08-21T04:25:37.378401Z,,twin
22222222-2222-2222-2222-222222222222,b9e37717-cafb-4e36-a124-a77f667101fc,4cd2b777-e994-41b3-8542-fdf0f5d88189,waymo_jaguar_ipace_2024,inspect,2026-08-21T04:30:45.566184Z,2026-08-21T04:33:45.566184Z,,twin
22222222-2222-2222-2222-222222222222,,a5af28d4-d135-4617-a379-d20cf703d54d,tesla_model_y_robotaxi_2024,software_update,2026-08-21T04:32:37.471399Z,2026-08-21T05:03:37.471399Z,,twin
22222222-2222-2222-2222-222222222222,,7026f086-5ec4-485c-ae41-87bee8f181f1,waymo_jaguar_ipace_2024,software_update,2026-08-21T04:32:37.471399Z,2026-08-21T04:50:37.471399Z,,twin
22222222-2222-2222-2222-222222222222,,7026f086-5ec4-485c-ae41-87bee8f181f1,waymo_jaguar_ipace_2024,remote_diagnostics,2026-08-21T04:32:37.471399Z,2026-08-21T04:37:37.471399Z,,twin
22222222-2222-2222-2222-222222222222,1cc14b7f-d2b3-477e-b069-079ca9f62571,c433a36d-8782-46b2-b128-3e345bcbd186,waymo_jaguar_ipace_2024,inspect,,2026-08-21T04:32:37.471399Z,,twin
22222222-2222-2222-2222-222222222222,2e308e1f-ab85-4203-9684-5b96bdc38eec,19b9bcf6-0586-4238-b70e-9ce1d490efe9,zoox_robotaxi_2024,inspect,,2026-08-21T04:32:37.471399Z,,twin
22222222-2222-2222-2222-222222222222,dd614698-d546-4fbd-883c-5f600d1dbf37,48ad6e64-7e84-4de3-8c0c-9d3abfaadb8d,waymo_jaguar_ipace_2024,charge_l2,2026-08-21T04:32:37.471399Z,2026-08-21T08:02:37.471399Z,,twin
22222222-2222-2222-2222-222222222222,4fc1e9ee-b803-4dad-8dae-36e4c338c5ed,ba70312c-6d2b-4c96-92a9-86c31ca2ca63,tesla_model_y_robotaxi_2024,charge_l2,2026-08-21T04:32:37.471399Z,2026-08-21T07:02:37.471399Z,,twin
22222222-2222-2222-2222-222222222222,164ff30d-4523-484a-a864-a49d01676e20,00d5597b-d714-470c-b86c-95e8f4f600ce,waymo_jaguar_ipace_2024,inspect,,2026-08-21T04:32:37.471399Z,,twin
22222222-2222-2222-2222-222222222222,6c785405-8134-4e36-b532-58ba45d73c3d,acba173d-89ed-4221-a7f7-52ae57693c67,tesla_model_y_robotaxi_2024,charge_l2,2026-08-21T04:32:37.471399Z,2026-08-21T07:02:37.471399Z,,twin
22222222-2222-2222-2222-222222222222,bbd31a19-01e9-4d5c-8e14-73cd72f06209,f2cc320b-7543-47cf-a66d-37acee233f1b,tesla_model_y_robotaxi_2024,charge_l2,2026-08-21T04:32:37.471399Z,2026-08-21T06:32:37.471399Z,,twin
22222222-2222-2222-2222-222222222222,12ab85c2-715f-47ef-a680-b0fdd443b215,19ec1471-8525-4d88-801f-4cfee46f5ded,zoox_robotaxi_2024,charge_l2,2026-08-21T04:32:37.471399Z,2026-08-21T06:32:37.471399Z,,twin
22222222-2222-2222-2222-222222222222,,51766e8e-fe42-436d-b37a-10215bdb6798,waymo_jaguar_ipace_2024,software_update,2026-08-21T04:32:37.471399Z,2026-08-21T05:12:37.471399Z,,twin
22222222-2222-2222-2222-222222222222,,03812c6f-407b-4782-858f-c15cdbaf8de7,waymo_jaguar_ipace_2024,generic_service,2026-08-21T04:32:37.471399Z,2026-08-21T05:12:40.959560Z,,twin
22222222-2222-2222-2222-222222222222,,c3f78336-f475-4d29-bf59-0261114066ef,tesla_model_y_robotaxi_2024,software_update,2026-08-21T04:32:37.471399Z,2026-08-21T05:00:37.471399Z,,twin
22222222-2222-2222-2222-222222222222,,a5af28d4-d135-4617-a379-d20cf703d54d,tesla_model_y_robotaxi_2024,sensor_clean,2026-08-21T04:32:37.471399Z,2026-08-21T04:37:37.471399Z,,twin
22222222-2222-2222-2222-222222222222,,8ed8211d-aaa2-4051-b116-8f9f2501fc51,waymo_jaguar_ipace_2024,software_update,2026-08-21T04:32:37.471399Z,2026-08-21T04:48:37.471399Z,,twin
22222222-2222-2222-2222-222222222222,,8ed8211d-aaa2-4051-b116-8f9f2501fc51,waymo_jaguar_ipace_2024,interior_tidy,2026-08-21T04:32:37.471399Z,2026-08-21T04:36:37.471399Z,,twin
22222222-2222-2222-2222-222222222222,,728d5880-36bc-4b47-b535-4544580ec303,tesla_model_y_robotaxi_2024,item_retrieval,2026-08-21T04:32:37.471399Z,2026-08-21T04:36:37.471399Z,,twin
22222222-2222-2222-2222-222222222222,94358f10-7755-46ce-a351-eb4f7ba1aee9,3fc2148f-fe15-42b9-8e9a-619351c746e4,waymo_jaguar_ipace_2024,inspect,,2026-08-21T04:33:45.566184Z,,twin
22222222-2222-2222-2222-222222222222,9e073bef-0b54-4868-931a-8d491e658f1f,32b62034-d7c6-4dbd-b9a4-78e708ec4c1c,waymo_jaguar_ipace_2024,inspect,,2026-08-21T04:33:45.566184Z,,twin
22222222-2222-2222-2222-222222222222,909457af-b93e-491e-a793-e2ed7f8936c6,27be18c4-bd2e-44ac-9eb5-1d1edc2809b7,zoox_robotaxi_2024,inspect,,2026-08-21T04:33:45.566184Z,,twin
22222222-2222-2222-2222-222222222222,6865247b-0ca1-4f06-bee1-9a2a7e9df40e,48ad6e64-7e84-4de3-8c0c-9d3abfaadb8d,waymo_jaguar_ipace_2024,inspect,,2026-08-21T04:33:45.566184Z,,twin
22222222-2222-2222-2222-222222222222,d146b0d3-034b-445f-8630-5e82d4e71fb0,1aacf90d-d4e1-415e-ba09-603c306dffef,zoox_robotaxi_2024,inspect,,2026-08-21T04:33:45.566184Z,,twin
22222222-2222-2222-2222-222222222222,1cc14b7f-d2b3-477e-b069-079ca9f62571,464c07e3-3699-4238-90d6-ea1325d0b36c,tesla_model_y_robotaxi_2024,inspect,,2026-08-21T04:33:45.566184Z,,twin
22222222-2222-2222-2222-222222222222,21b60831-523f-4182-9223-072091eea2b2,4374f6a6-aa2e-4298-8fa2-1b30da90280e,zoox_robotaxi_2024,inspect,,2026-08-21T04:33:45.566184Z,,twin
22222222-2222-2222-2222-222222222222,b228e63a-90a4-45a9-bc17-1171e72e3bea,19ec1471-8525-4d88-801f-4cfee46f5ded,zoox_robotaxi_2024,inspect,,2026-08-21T04:33:45.566184Z,,twin
22222222-2222-2222-2222-222222222222,6d4318c0-3d29-456b-ad33-6e24ff620e49,02f1a60b-27e8-46a3-831b-d9232cc510a0,tesla_model_y_robotaxi_2024,inspect,,2026-08-21T04:33:45.566184Z,,twin
22222222-2222-2222-2222-222222222222,b9e37717-cafb-4e36-a124-a77f667101fc,053b8abd-e2b6-4b19-9bfc-314430947773,waymo_jaguar_ipace_2024,inspect,,2026-08-21T04:33:45.566184Z,,twin
22222222-2222-2222-2222-222222222222,1475970b-9008-4929-825f-78e066ab6722,3b6f1eb7-15f4-48e5-956c-9b261b9fcae1,waymo_jaguar_ipace_2024,inspect,,2026-08-21T04:33:45.566184Z,,twin
22222222-2222-2222-2222-222222222222,2e308e1f-ab85-4203-9684-5b96bdc38eec,02734f04-7f30-40eb-beb2-36e5d401c697,zoox_robotaxi_2024,inspect,,2026-08-21T04:33:45.566184Z,,twin
22222222-2222-2222-2222-222222222222,,8ed8211d-aaa2-4051-b116-8f9f2501fc51,waymo_jaguar_ipace_2024,software_update,2026-08-21T04:34:15.878702Z,2026-08-21T04:50:15.878702Z,,twin
22222222-2222-2222-2222-222222222222,12ab85c2-715f-47ef-a680-b0fdd443b215,19ec1471-8525-4d88-801f-4cfee46f5ded,zoox_robotaxi_2024,charge_l2,2026-08-21T04:34:15.878702Z,2026-08-21T06:34:15.878702Z,,twin
22222222-2222-2222-2222-222222222222,,a5af28d4-d135-4617-a379-d20cf703d54d,tesla_model_y_robotaxi_2024,software_update,2026-08-21T04:34:15.878702Z,2026-08-21T05:05:15.878702Z,,twin
22222222-2222-2222-2222-222222222222,,51766e8e-fe42-436d-b37a-10215bdb6798,waymo_jaguar_ipace_2024,software_update,2026-08-21T04:34:15.878702Z,2026-08-21T05:14:15.878702Z,,twin
22222222-2222-2222-2222-222222222222,164ff30d-4523-484a-a864-a49d01676e20,00d5597b-d714-470c-b86c-95e8f4f600ce,waymo_jaguar_ipace_2024,inspect,,2026-08-21T04:34:15.878702Z,,twin
22222222-2222-2222-2222-222222222222,2e308e1f-ab85-4203-9684-5b96bdc38eec,19b9bcf6-0586-4238-b70e-9ce1d490efe9,zoox_robotaxi_2024,inspect,,2026-08-21T04:34:15.878702Z,,twin
22222222-2222-2222-2222-222222222222,21b60831-523f-4182-9223-072091eea2b2,c433a36d-8782-46b2-b128-3e345bcbd186,waymo_jaguar_ipace_2024,inspect,,2026-08-21T04:34:15.878702Z,,twin
22222222-2222-2222-2222-222222222222,,7026f086-5ec4-485c-ae41-87bee8f181f1,waymo_jaguar_ipace_2024,remote_diagnostics,2026-08-21T04:34:15.878702Z,2026-08-21T04:39:15.878702Z,,twin
22222222-2222-2222-2222-222222222222,,a5af28d4-d135-4617-a379-d20cf703d54d,tesla_model_y_robotaxi_2024,sensor_clean,2026-08-21T04:34:15.878702Z,2026-08-21T04:39:15.878702Z,,twin
22222222-2222-2222-2222-222222222222,,c3f78336-f475-4d29-bf59-0261114066ef,tesla_model_y_robotaxi_2024,software_update,2026-08-21T04:34:15.878702Z,2026-08-21T05:02:15.878702Z,,twin
22222222-2222-2222-2222-222222222222,,7026f086-5ec4-485c-ae41-87bee8f181f1,waymo_jaguar_ipace_2024,software_update,2026-08-21T04:34:15.878702Z,2026-08-21T04:52:15.878702Z,,twin
22222222-2222-2222-2222-222222222222,,8ed8211d-aaa2-4051-b116-8f9f2501fc51,waymo_jaguar_ipace_2024,interior_tidy,2026-08-21T04:34:15.878702Z,2026-08-21T04:38:15.878702Z,,twin
22222222-2222-2222-2222-222222222222,2e308e1f-ab85-4203-9684-5b96bdc38eec,01b10692-0e0e-42c5-9889-f461f60471cf,zoox_robotaxi_2024,inspect,,2026-08-21T04:35:39.028103Z,,twin
22222222-2222-2222-2222-222222222222,21b60831-523f-4182-9223-072091eea2b2,32b62034-d7c6-4dbd-b9a4-78e708ec4c1c,waymo_jaguar_ipace_2024,inspect,,2026-08-21T04:35:39.028103Z,,twin
22222222-2222-2222-2222-222222222222,9e073bef-0b54-4868-931a-8d491e658f1f,19ec1471-8525-4d88-801f-4cfee46f5ded,zoox_robotaxi_2024,inspect,,2026-08-21T04:35:39.028103Z,,twin
22222222-2222-2222-2222-222222222222,1475970b-9008-4929-825f-78e066ab6722,1aacf90d-d4e1-415e-ba09-603c306dffef,zoox_robotaxi_2024,inspect,,2026-08-21T04:35:39.028103Z,,twin
22222222-2222-2222-2222-222222222222,6d4318c0-3d29-456b-ad33-6e24ff620e49,02734f04-7f30-40eb-beb2-36e5d401c697,zoox_robotaxi_2024,inspect,,2026-08-21T04:35:39.028103Z,,twin
22222222-2222-2222-2222-222222222222,94358f10-7755-46ce-a351-eb4f7ba1aee9,27be18c4-bd2e-44ac-9eb5-1d1edc2809b7,zoox_robotaxi_2024,inspect,,2026-08-21T04:35:39.028103Z,,twin
22222222-2222-2222-2222-222222222222,d146b0d3-034b-445f-8630-5e82d4e71fb0,0d13e7d4-4707-44be-a233-8a3e849a23c5,waymo_jaguar_ipace_2024,inspect,,2026-08-21T04:35:39.028103Z,,twin
22222222-2222-2222-2222-222222222222,b228e63a-90a4-45a9-bc17-1171e72e3bea,053b8abd-e2b6-4b19-9bfc-314430947773,waymo_jaguar_ipace_2024,inspect,,2026-08-21T04:35:39.028103Z,,twin
22222222-2222-2222-2222-222222222222,6865247b-0ca1-4f06-bee1-9a2a7e9df40e,4374f6a6-aa2e-4298-8fa2-1b30da90280e,zoox_robotaxi_2024,inspect,,2026-08-21T04:35:39.028103Z,,twin
22222222-2222-2222-2222-222222222222,909457af-b93e-491e-a793-e2ed7f8936c6,14b02ad9-b6f6-4a74-867c-2a6ba9daf8e0,waymo_jaguar_ipace_2024,inspect,,2026-08-21T04:35:39.028103Z,,twin
22222222-2222-2222-2222-222222222222,1cc14b7f-d2b3-477e-b069-079ca9f62571,3fc2148f-fe15-42b9-8e9a-619351c746e4,waymo_jaguar_ipace_2024,inspect,,2026-08-21T04:35:39.028103Z,,twin
22222222-2222-2222-2222-222222222222,b9e37717-cafb-4e36-a124-a77f667101fc,02f1a60b-27e8-46a3-831b-d9232cc510a0,tesla_model_y_robotaxi_2024,inspect,,2026-08-21T04:35:39.028103Z,,twin
22222222-2222-2222-2222-222222222222,,7026f086-5ec4-485c-ae41-87bee8f181f1,waymo_jaguar_ipace_2024,software_update,2026-08-21T04:40:26.979248Z,2026-08-21T05:21:26.979248Z,,twin
22222222-2222-2222-2222-222222222222,,b41ab68e-d488-4102-ba08-502df168a1a1,waymo_jaguar_ipace_2024,software_update,2026-08-21T04:40:26.979248Z,2026-08-21T05:09:26.979248Z,,twin
22222222-2222-2222-2222-222222222222,,51766e8e-fe42-436d-b37a-10215bdb6798,waymo_jaguar_ipace_2024,software_update,2026-08-21T04:40:26.979248Z,2026-08-21T05:01:26.979248Z,,twin
22222222-2222-2222-2222-222222222222,,4cd2b777-e994-41b3-8542-fdf0f5d88189,waymo_jaguar_ipace_2024,remote_diagnostics,2026-08-21T04:40:26.979248Z,2026-08-21T04:45:26.979248Z,,twin
22222222-2222-2222-2222-222222222222,,99860ea8-ecf6-4bb7-8a59-52db6e90e8d9,waymo_jaguar_ipace_2024,software_update,2026-08-21T04:40:26.979248Z,2026-08-21T05:05:26.979248Z,,twin
22222222-2222-2222-2222-222222222222,,5e4b54f6-ba19-4a30-9d26-2a4ed4810d6e,waymo_jaguar_ipace_2024,software_update,2026-08-21T04:40:26.979248Z,2026-08-21T05:08:26.979248Z,,twin
22222222-2222-2222-2222-222222222222,,9240c4c6-422b-4ac5-b65d-321faac569ce,waymo_jaguar_ipace_2024,interior_tidy,2026-08-21T04:40:26.979248Z,2026-08-21T04:44:26.979248Z,,twin
22222222-2222-2222-2222-222222222222,dd614698-d546-4fbd-883c-5f600d1dbf37,964bd583-6d45-459b-8bca-4c415c0993d3,tesla_model_y_robotaxi_2024,charge_l2,2026-08-21T04:40:26.979248Z,2026-08-21T07:40:26.979248Z,,twin
22222222-2222-2222-2222-222222222222,,4cd2b777-e994-41b3-8542-fdf0f5d88189,waymo_jaguar_ipace_2024,software_update,2026-08-21T04:40:26.979248Z,2026-08-21T05:04:26.979248Z,,twin
22222222-2222-2222-2222-222222222222,,661b3e46-d875-466f-bedd-605fd87ac4d7,waymo_jaguar_ipace_2024,software_update,2026-08-21T04:40:26.979248Z,2026-08-21T05:09:26.979248Z,,twin
22222222-2222-2222-2222-222222222222,776aa6c7-455b-45f0-9e08-abfef1fb4664,a5af28d4-d135-4617-a379-d20cf703d54d,tesla_model_y_robotaxi_2024,charge_dcfc,2026-08-21T04:40:26.979248Z,2026-08-21T05:10:26.979248Z,,twin
22222222-2222-2222-2222-222222222222,,b41ab68e-d488-4102-ba08-502df168a1a1,waymo_jaguar_ipace_2024,software_update,2026-08-21T04:42:23.463724Z,2026-08-21T05:11:23.463724Z,,twin
22222222-2222-2222-2222-222222222222,,99860ea8-ecf6-4bb7-8a59-52db6e90e8d9,waymo_jaguar_ipace_2024,software_update,2026-08-21T04:42:23.463724Z,2026-08-21T05:07:23.463724Z,,twin
22222222-2222-2222-2222-222222222222,,4cd2b777-e994-41b3-8542-fdf0f5d88189,waymo_jaguar_ipace_2024,software_update,2026-08-21T04:42:23.463724Z,2026-08-21T05:06:23.463724Z,,twin
22222222-2222-2222-2222-222222222222,,51766e8e-fe42-436d-b37a-10215bdb6798,waymo_jaguar_ipace_2024,software_update,2026-08-21T04:42:23.463724Z,2026-08-21T05:03:23.463724Z,,twin
22222222-2222-2222-2222-222222222222,,661b3e46-d875-466f-bedd-605fd87ac4d7,waymo_jaguar_ipace_2024,software_update,2026-08-21T04:42:23.463724Z,2026-08-21T05:11:23.463724Z,,twin
22222222-2222-2222-2222-222222222222,94358f10-7755-46ce-a351-eb4f7ba1aee9,8ed8211d-aaa2-4051-b116-8f9f2501fc51,waymo_jaguar_ipace_2024,inspect,,2026-08-21T04:42:23.463724Z,,twin
22222222-2222-2222-2222-222222222222,01ac5105-b808-4863-8e01-e534717479f1,02734f04-7f30-40eb-beb2-36e5d401c697,zoox_robotaxi_2024,wash,2026-08-21T04:42:23.463724Z,2026-08-21T04:52:37.871916Z,,twin
22222222-2222-2222-2222-222222222222,,5e4b54f6-ba19-4a30-9d26-2a4ed4810d6e,waymo_jaguar_ipace_2024,software_update,2026-08-21T04:42:23.463724Z,2026-08-21T05:10:23.463724Z,,twin
22222222-2222-2222-2222-222222222222,4ad671cb-0458-400a-83e9-cdc7b08dc3a1,10b4f941-b257-4571-948d-cc7b72d0fb52,tesla_model_y_robotaxi_2024,charge_dcfc,2026-08-21T04:42:23.463724Z,2026-08-21T05:12:23.463724Z,,twin
22222222-2222-2222-2222-222222222222,,7026f086-5ec4-485c-ae41-87bee8f181f1,waymo_jaguar_ipace_2024,software_update,2026-08-21T04:42:23.463724Z,2026-08-21T05:23:23.463724Z,,twin
22222222-2222-2222-2222-222222222222,,4cd2b777-e994-41b3-8542-fdf0f5d88189,waymo_jaguar_ipace_2024,remote_diagnostics,2026-08-21T04:42:23.463724Z,2026-08-21T04:47:23.463724Z,,twin
22222222-2222-2222-2222-222222222222,,c433a36d-8782-46b2-b128-3e345bcbd186,waymo_jaguar_ipace_2024,interior_tidy,2026-08-21T05:02:37.471399Z,2026-08-21T05:07:37.471399Z,,twin
22222222-2222-2222-2222-222222222222,164ff30d-4523-484a-a864-a49d01676e20,00d5597b-d714-470c-b86c-95e8f4f600ce,waymo_jaguar_ipace_2024,inspect,,2026-08-21T05:02:37.471399Z,,twin
22222222-2222-2222-2222-222222222222,1cc14b7f-d2b3-477e-b069-079ca9f62571,1973c5a4-5670-46fa-bbe2-5f6a3a1d0c6a,zoox_robotaxi_2024,inspect,,2026-08-21T05:02:37.471399Z,,twin
22222222-2222-2222-2222-222222222222,2e308e1f-ab85-4203-9684-5b96bdc38eec,14b02ad9-b6f6-4a74-867c-2a6ba9daf8e0,waymo_jaguar_ipace_2024,inspect,,2026-08-21T05:02:37.471399Z,,twin
22222222-2222-2222-2222-222222222222,,5dfd9db9-4262-4a7f-8f7e-055ce7a5e426,tesla_model_y_robotaxi_2024,interior_tidy,2026-08-21T05:02:37.471399Z,2026-08-21T05:06:37.471399Z,,twin
22222222-2222-2222-2222-222222222222,,6bff9287-c9b9-49e3-a94f-36b3543a8b9c,zoox_robotaxi_2024,software_update,2026-08-21T05:02:37.471399Z,2026-08-21T05:32:37.471399Z,,twin
22222222-2222-2222-2222-222222222222,,87b6dc31-cb87-4327-83d5-7ac9ffdf4988,zoox_robotaxi_2024,software_update,2026-08-21T05:02:37.471399Z,2026-08-21T05:31:37.471399Z,,twin
22222222-2222-2222-2222-222222222222,,983002e6-790f-4e92-9722-b034571c7f47,waymo_jaguar_ipace_2024,software_update,2026-08-21T05:02:37.471399Z,2026-08-21T05:22:37.471399Z,,twin
22222222-2222-2222-2222-222222222222,,9e9193b9-e6e9-4f2a-8eaf-bc5dfceec4a2,zoox_robotaxi_2024,software_update,2026-08-21T05:02:37.471399Z,2026-08-21T05:29:37.471399Z,,twin
22222222-2222-2222-2222-222222222222,,9ec6cbc8-535e-4984-8fe2-1ac46abb9e00,waymo_jaguar_ipace_2024,software_update,2026-08-21T05:02:37.471399Z,2026-08-21T05:30:37.471399Z,,twin
22222222-2222-2222-2222-222222222222,,ad5abf3e-30c0-461f-b268-471bbe24986b,zoox_robotaxi_2024,software_update,2026-08-21T05:02:37.471399Z,2026-08-21T05:19:37.471399Z,,twin
22222222-2222-2222-2222-222222222222,,f366ac68-5b23-49e7-8d02-0ade68526c5e,zoox_robotaxi_2024,software_update,2026-08-21T05:02:37.471399Z,2026-08-21T05:23:37.471399Z,,twin
22222222-2222-2222-2222-222222222222,,55a6bddc-f019-4989-a335-81cbde15b44e,zoox_robotaxi_2024,software_update,2026-08-21T05:02:37.471399Z,2026-08-21T05:34:37.471399Z,,twin
22222222-2222-2222-2222-222222222222,,8e00a933-eb0f-4d8e-9a0a-1d5b47ae95ed,zoox_robotaxi_2024,software_update,2026-08-21T05:02:37.471399Z,2026-08-21T05:34:37.471399Z,,twin
22222222-2222-2222-2222-222222222222,,bfc95659-513d-4d55-b665-525b9e9e14e5,waymo_jaguar_ipace_2024,software_update,2026-08-21T05:02:37.471399Z,2026-08-21T05:34:37.471399Z,,twin
22222222-2222-2222-2222-222222222222,,c867df46-fe1c-420c-89cd-39acad72790e,zoox_robotaxi_2024,software_update,2026-08-21T05:02:37.471399Z,2026-08-21T05:38:37.471399Z,,twin
22222222-2222-2222-2222-222222222222,,c97a907b-eb50-49d4-81d2-ed38c1ab2616,zoox_robotaxi_2024,software_update,2026-08-21T05:02:37.471399Z,2026-08-21T05:35:37.471399Z,,twin
22222222-2222-2222-2222-222222222222,,053b8abd-e2b6-4b19-9bfc-314430947773,waymo_jaguar_ipace_2024,generic_service,2026-08-21T05:02:37.471399Z,2026-08-21T05:46:56.428233Z,,twin
22222222-2222-2222-2222-222222222222,,55a6bddc-f019-4989-a335-81cbde15b44e,zoox_robotaxi_2024,software_update,2026-08-21T05:04:15.878702Z,2026-08-21T05:36:15.878702Z,,twin
22222222-2222-2222-2222-222222222222,21b60831-523f-4182-9223-072091eea2b2,19b9bcf6-0586-4238-b70e-9ce1d490efe9,zoox_robotaxi_2024,inspect,,2026-08-21T05:04:15.878702Z,,twin
22222222-2222-2222-2222-222222222222,,053b8abd-e2b6-4b19-9bfc-314430947773,waymo_jaguar_ipace_2024,generic_service,2026-08-21T05:04:15.878702Z,2026-08-21T05:48:34.835536Z,,twin
22222222-2222-2222-2222-222222222222,,03812c6f-407b-4782-858f-c15cdbaf8de7,waymo_jaguar_ipace_2024,generic_service,2026-08-21T05:04:15.878702Z,2026-08-21T05:51:48.515788Z,,twin
22222222-2222-2222-2222-222222222222,164ff30d-4523-484a-a864-a49d01676e20,00d5597b-d714-470c-b86c-95e8f4f600ce,waymo_jaguar_ipace_2024,inspect,,2026-08-21T05:04:15.878702Z,,twin
22222222-2222-2222-2222-222222222222,,bfc95659-513d-4d55-b665-525b9e9e14e5,waymo_jaguar_ipace_2024,software_update,2026-08-21T05:04:15.878702Z,2026-08-21T05:36:15.878702Z,,twin
22222222-2222-2222-2222-222222222222,,c867df46-fe1c-420c-89cd-39acad72790e,zoox_robotaxi_2024,software_update,2026-08-21T05:04:15.878702Z,2026-08-21T05:40:15.878702Z,,twin
22222222-2222-2222-2222-222222222222,,c97a907b-eb50-49d4-81d2-ed38c1ab2616,zoox_robotaxi_2024,software_update,2026-08-21T05:04:15.878702Z,2026-08-21T05:37:15.878702Z,,twin
22222222-2222-2222-2222-222222222222,2e308e1f-ab85-4203-9684-5b96bdc38eec,1973c5a4-5670-46fa-bbe2-5f6a3a1d0c6a,zoox_robotaxi_2024,inspect,,2026-08-21T05:04:15.878702Z,,twin
22222222-2222-2222-2222-222222222222,,8e00a933-eb0f-4d8e-9a0a-1d5b47ae95ed,zoox_robotaxi_2024,software_update,2026-08-21T05:04:15.878702Z,2026-08-21T05:36:15.878702Z,,twin
22222222-2222-2222-2222-222222222222,,983002e6-790f-4e92-9722-b034571c7f47,waymo_jaguar_ipace_2024,software_update,2026-08-21T05:04:15.878702Z,2026-08-21T05:24:15.878702Z,,twin
22222222-2222-2222-2222-222222222222,,87b6dc31-cb87-4327-83d5-7ac9ffdf4988,zoox_robotaxi_2024,software_update,2026-08-21T05:04:15.878702Z,2026-08-21T05:33:15.878702Z,,twin
22222222-2222-2222-2222-222222222222,,f366ac68-5b23-49e7-8d02-0ade68526c5e,zoox_robotaxi_2024,software_update,2026-08-21T05:04:15.878702Z,2026-08-21T05:25:15.878702Z,,twin
22222222-2222-2222-2222-222222222222,,728d5880-36bc-4b47-b535-4544580ec303,tesla_model_y_robotaxi_2024,item_retrieval,2026-08-21T05:04:15.878702Z,2026-08-21T05:08:15.878702Z,,twin
22222222-2222-2222-2222-222222222222,,6bff9287-c9b9-49e3-a94f-36b3543a8b9c,zoox_robotaxi_2024,software_update,2026-08-21T05:04:15.878702Z,2026-08-21T05:34:15.878702Z,,twin
22222222-2222-2222-2222-222222222222,,ad5abf3e-30c0-461f-b268-471bbe24986b,zoox_robotaxi_2024,software_update,2026-08-21T05:04:15.878702Z,2026-08-21T05:21:15.878702Z,,twin
22222222-2222-2222-2222-222222222222,,5dfd9db9-4262-4a7f-8f7e-055ce7a5e426,tesla_model_y_robotaxi_2024,interior_tidy,2026-08-21T05:04:15.878702Z,2026-08-21T05:08:15.878702Z,,twin
22222222-2222-2222-2222-222222222222,,9ec6cbc8-535e-4984-8fe2-1ac46abb9e00,waymo_jaguar_ipace_2024,software_update,2026-08-21T05:04:15.878702Z,2026-08-21T05:32:15.878702Z,,twin
22222222-2222-2222-2222-222222222222,,c433a36d-8782-46b2-b128-3e345bcbd186,waymo_jaguar_ipace_2024,interior_tidy,2026-08-21T05:04:15.878702Z,2026-08-21T05:09:15.878702Z,,twin
22222222-2222-2222-2222-222222222222,,9e9193b9-e6e9-4f2a-8eaf-bc5dfceec4a2,zoox_robotaxi_2024,software_update,2026-08-21T05:04:15.878702Z,2026-08-21T05:31:15.878702Z,,twin
22222222-2222-2222-2222-222222222222,,c8663fd7-b423-4398-9a18-a2ba5310feb7,tesla_model_y_robotaxi_2024,inspect,2026-08-21T05:07:26.979248Z,2026-08-21T05:10:26.979248Z,,twin
22222222-2222-2222-2222-222222222222,,c8663fd7-b423-4398-9a18-a2ba5310feb7,tesla_model_y_robotaxi_2024,inspect,2026-08-21T05:09:23.463724Z,2026-08-21T05:12:23.463724Z,,twin
22222222-2222-2222-2222-222222222222,,f7940696-0800-49d0-9405-e1bae1f790e5,zoox_robotaxi_2024,software_update,2026-08-21T05:10:26.979248Z,2026-08-21T05:30:26.979248Z,,twin
22222222-2222-2222-2222-222222222222,,618e0836-b6e1-459d-9955-38857bf1cbff,waymo_jaguar_ipace_2024,software_update,2026-08-21T05:10:26.979248Z,2026-08-21T05:30:26.979248Z,,twin
22222222-2222-2222-2222-222222222222,,838200a0-b464-4eb0-9cab-faaee1f80b5a,zoox_robotaxi_2024,software_update,2026-08-21T05:10:26.979248Z,2026-08-21T05:36:26.979248Z,,twin
22222222-2222-2222-2222-222222222222,,55a6bddc-f019-4989-a335-81cbde15b44e,zoox_robotaxi_2024,software_update,2026-08-21T05:10:26.979248Z,2026-08-21T05:42:26.979248Z,,twin
22222222-2222-2222-2222-222222222222,,ad5abf3e-30c0-461f-b268-471bbe24986b,zoox_robotaxi_2024,software_update,2026-08-21T05:10:26.979248Z,2026-08-21T05:46:26.979248Z,,twin
22222222-2222-2222-2222-222222222222,,c97a907b-eb50-49d4-81d2-ed38c1ab2616,zoox_robotaxi_2024,software_update,2026-08-21T05:10:26.979248Z,2026-08-21T05:42:26.979248Z,,twin
22222222-2222-2222-2222-222222222222,,c98ef465-ea69-4da9-a0a8-55a9842b570b,zoox_robotaxi_2024,software_update,2026-08-21T05:10:26.979248Z,2026-08-21T05:52:26.979248Z,,twin
22222222-2222-2222-2222-222222222222,,bfc95659-513d-4d55-b665-525b9e9e14e5,waymo_jaguar_ipace_2024,software_update,2026-08-21T05:10:26.979248Z,2026-08-21T05:39:26.979248Z,,twin
22222222-2222-2222-2222-222222222222,,ddf31311-e84f-4ef4-915a-c5ed82ae29ff,waymo_jaguar_ipace_2024,interior_tidy,2026-08-21T05:10:26.979248Z,2026-08-21T05:14:26.979248Z,,twin
22222222-2222-2222-2222-222222222222,,acba173d-89ed-4221-a7f7-52ae57693c67,tesla_model_y_robotaxi_2024,sensor_clean,2026-08-21T05:10:26.979248Z,2026-08-21T05:10:26.979248Z,,twin
22222222-2222-2222-2222-222222222222,,98899633-be7c-42cb-9046-56321fb60f9d,zoox_robotaxi_2024,software_update,2026-08-21T05:10:26.979248Z,2026-08-21T05:33:26.979248Z,,twin
22222222-2222-2222-2222-222222222222,,9ec6cbc8-535e-4984-8fe2-1ac46abb9e00,waymo_jaguar_ipace_2024,software_update,2026-08-21T05:10:26.979248Z,2026-08-21T05:29:26.979248Z,,twin
22222222-2222-2222-2222-222222222222,,c97a907b-eb50-49d4-81d2-ed38c1ab2616,zoox_robotaxi_2024,software_update,2026-08-21T05:12:23.463724Z,2026-08-21T05:44:23.463724Z,,twin
22222222-2222-2222-2222-222222222222,,c98ef465-ea69-4da9-a0a8-55a9842b570b,zoox_robotaxi_2024,software_update,2026-08-21T05:12:23.463724Z,2026-08-21T05:54:23.463724Z,,twin
22222222-2222-2222-2222-222222222222,,838200a0-b464-4eb0-9cab-faaee1f80b5a,zoox_robotaxi_2024,software_update,2026-08-21T05:12:23.463724Z,2026-08-21T05:38:23.463724Z,,twin
22222222-2222-2222-2222-222222222222,,acba173d-89ed-4221-a7f7-52ae57693c67,tesla_model_y_robotaxi_2024,sensor_clean,2026-08-21T05:12:23.463724Z,2026-08-21T05:12:23.463724Z,,twin
22222222-2222-2222-2222-222222222222,,9240c4c6-422b-4ac5-b65d-321faac569ce,waymo_jaguar_ipace_2024,interior_tidy,2026-08-21T05:12:23.463724Z,2026-08-21T05:16:23.463724Z,,twin
22222222-2222-2222-2222-222222222222,,98899633-be7c-42cb-9046-56321fb60f9d,zoox_robotaxi_2024,software_update,2026-08-21T05:12:23.463724Z,2026-08-21T05:35:23.463724Z,,twin
22222222-2222-2222-2222-222222222222,,9ec6cbc8-535e-4984-8fe2-1ac46abb9e00,waymo_jaguar_ipace_2024,software_update,2026-08-21T05:12:23.463724Z,2026-08-21T05:31:23.463724Z,,twin
22222222-2222-2222-2222-222222222222,,bfc95659-513d-4d55-b665-525b9e9e14e5,waymo_jaguar_ipace_2024,software_update,2026-08-21T05:12:23.463724Z,2026-08-21T05:41:23.463724Z,,twin
22222222-2222-2222-2222-222222222222,,ddf31311-e84f-4ef4-915a-c5ed82ae29ff,waymo_jaguar_ipace_2024,interior_tidy,2026-08-21T05:12:23.463724Z,2026-08-21T05:16:23.463724Z,,twin
22222222-2222-2222-2222-222222222222,,f7940696-0800-49d0-9405-e1bae1f790e5,zoox_robotaxi_2024,software_update,2026-08-21T05:12:23.463724Z,2026-08-21T05:32:23.463724Z,,twin
22222222-2222-2222-2222-222222222222,a8c45abd-6f8c-42d4-8707-8023d501411a,10b4f941-b257-4571-948d-cc7b72d0fb52,tesla_model_y_robotaxi_2024,wash,2026-08-21T05:12:23.463724Z,2026-08-21T05:21:08.182937Z,,twin
22222222-2222-2222-2222-222222222222,,55a6bddc-f019-4989-a335-81cbde15b44e,zoox_robotaxi_2024,software_update,2026-08-21T05:12:23.463724Z,2026-08-21T05:44:23.463724Z,,twin
22222222-2222-2222-2222-222222222222,,ad5abf3e-30c0-461f-b268-471bbe24986b,zoox_robotaxi_2024,software_update,2026-08-21T05:12:23.463724Z,2026-08-21T05:48:23.463724Z,,twin
22222222-2222-2222-2222-222222222222,94358f10-7755-46ce-a351-eb4f7ba1aee9,00d5597b-d714-470c-b86c-95e8f4f600ce,waymo_jaguar_ipace_2024,inspect,,2026-08-21T05:12:23.463724Z,,twin
22222222-2222-2222-2222-222222222222,,618e0836-b6e1-459d-9955-38857bf1cbff,waymo_jaguar_ipace_2024,software_update,2026-08-21T05:12:23.463724Z,2026-08-21T05:32:23.463724Z,,twin
22222222-2222-2222-2222-222222222222,6d4318c0-3d29-456b-ad33-6e24ff620e49,10b4f941-b257-4571-948d-cc7b72d0fb52,tesla_model_y_robotaxi_2024,inspect,,2026-08-21T05:32:37.471399Z,,twin
22222222-2222-2222-2222-222222222222,,b00dca0e-3209-478b-ad8b-7984d7b16a8c,zoox_robotaxi_2024,software_update,2026-08-21T05:32:37.471399Z,2026-08-21T06:04:37.471399Z,,twin
22222222-2222-2222-2222-222222222222,164ff30d-4523-484a-a864-a49d01676e20,01b10692-0e0e-42c5-9889-f461f60471cf,zoox_robotaxi_2024,inspect,,2026-08-21T05:32:37.471399Z,,twin
22222222-2222-2222-2222-222222222222,,90c00fd5-03c2-4a5c-acdd-1fbcb709dfb2,tesla_model_y_robotaxi_2024,interior_tidy,2026-08-21T05:32:37.471399Z,2026-08-21T05:36:37.471399Z,,twin
22222222-2222-2222-2222-222222222222,,138f4a23-c5c8-4b89-96a0-c72ebb6aee0c,tesla_model_y_robotaxi_2024,generic_service,2026-08-21T05:32:37.471399Z,2026-08-21T06:14:37.276058Z,,twin
22222222-2222-2222-2222-222222222222,b16776fe-517d-48e3-ba53-e9a5002eb713,0bfd4d59-44f9-4a57-8c06-51bc00a2a6b9,tesla_model_y_robotaxi_2024,charge_l2,2026-08-21T05:32:37.471399Z,2026-08-21T07:02:37.471399Z,,twin
22222222-2222-2222-2222-222222222222,1cc14b7f-d2b3-477e-b069-079ca9f62571,138f4a23-c5c8-4b89-96a0-c72ebb6aee0c,tesla_model_y_robotaxi_2024,inspect,,2026-08-21T05:32:37.471399Z,,twin
22222222-2222-2222-2222-222222222222,,e7c0498e-4f61-474f-8934-8864c090cefd,waymo_jaguar_ipace_2024,software_update,2026-08-21T05:32:37.471399Z,2026-08-21T05:59:37.471399Z,,twin
22222222-2222-2222-2222-222222222222,2e308e1f-ab85-4203-9684-5b96bdc38eec,0d13e7d4-4707-44be-a233-8a3e849a23c5,waymo_jaguar_ipace_2024,inspect,,2026-08-21T05:32:37.471399Z,,twin
22222222-2222-2222-2222-222222222222,,b00dca0e-3209-478b-ad8b-7984d7b16a8c,zoox_robotaxi_2024,interior_tidy,2026-08-21T05:32:37.471399Z,2026-08-21T05:37:37.471399Z,,twin
22222222-2222-2222-2222-222222222222,,b00dca0e-3209-478b-ad8b-7984d7b16a8c,zoox_robotaxi_2024,interior_tidy,2026-08-21T05:34:15.878702Z,2026-08-21T05:39:15.878702Z,,twin
22222222-2222-2222-2222-222222222222,,c98ef465-ea69-4da9-a0a8-55a9842b570b,zoox_robotaxi_2024,interior_tidy,2026-08-21T05:34:15.878702Z,2026-08-21T05:38:15.878702Z,,twin
22222222-2222-2222-2222-222222222222,2e308e1f-ab85-4203-9684-5b96bdc38eec,0d13e7d4-4707-44be-a233-8a3e849a23c5,waymo_jaguar_ipace_2024,inspect,,2026-08-21T05:34:15.878702Z,,twin
22222222-2222-2222-2222-222222222222,,b00dca0e-3209-478b-ad8b-7984d7b16a8c,zoox_robotaxi_2024,software_update,2026-08-21T05:34:15.878702Z,2026-08-21T06:06:15.878702Z,,twin
22222222-2222-2222-2222-222222222222,6d4318c0-3d29-456b-ad33-6e24ff620e49,10b4f941-b257-4571-948d-cc7b72d0fb52,tesla_model_y_robotaxi_2024,inspect,,2026-08-21T05:34:15.878702Z,,twin
22222222-2222-2222-2222-222222222222,,c98ef465-ea69-4da9-a0a8-55a9842b570b,zoox_robotaxi_2024,software_update,2026-08-21T05:34:15.878702Z,2026-08-21T06:07:15.878702Z,,twin
22222222-2222-2222-2222-222222222222,164ff30d-4523-484a-a864-a49d01676e20,01b10692-0e0e-42c5-9889-f461f60471cf,zoox_robotaxi_2024,inspect,,2026-08-21T05:34:15.878702Z,,twin
22222222-2222-2222-2222-222222222222,,90c00fd5-03c2-4a5c-acdd-1fbcb709dfb2,tesla_model_y_robotaxi_2024,interior_tidy,2026-08-21T05:34:15.878702Z,2026-08-21T05:38:15.878702Z,,twin
22222222-2222-2222-2222-222222222222,b16776fe-517d-48e3-ba53-e9a5002eb713,0bfd4d59-44f9-4a57-8c06-51bc00a2a6b9,tesla_model_y_robotaxi_2024,charge_l2,2026-08-21T05:34:15.878702Z,2026-08-21T07:04:15.878702Z,,twin
22222222-2222-2222-2222-222222222222,21b60831-523f-4182-9223-072091eea2b2,138f4a23-c5c8-4b89-96a0-c72ebb6aee0c,tesla_model_y_robotaxi_2024,inspect,,2026-08-21T05:34:15.878702Z,,twin
22222222-2222-2222-2222-222222222222,,e7c0498e-4f61-474f-8934-8864c090cefd,waymo_jaguar_ipace_2024,software_update,2026-08-21T05:34:15.878702Z,2026-08-21T06:01:15.878702Z,,twin
22222222-2222-2222-2222-222222222222,,a5af28d4-d135-4617-a379-d20cf703d54d,tesla_model_y_robotaxi_2024,inspect,2026-08-21T05:37:26.979248Z,2026-08-21T05:40:26.979248Z,,twin
22222222-2222-2222-2222-222222222222,,1c9aff71-a240-4bfe-b55a-d0eaa2ec6116,tesla_model_y_robotaxi_2024,sensor_clean,2026-08-21T05:40:26.979248Z,2026-08-21T05:45:26.979248Z,,twin
22222222-2222-2222-2222-222222222222,,cef7d122-6498-4555-8eba-8a6d51644d74,tesla_model_y_robotaxi_2024,sensor_clean,2026-08-21T05:40:26.979248Z,2026-08-21T05:45:26.979248Z,,twin
22222222-2222-2222-2222-222222222222,,b41ab68e-d488-4102-ba08-502df168a1a1,waymo_jaguar_ipace_2024,interior_tidy,2026-08-21T05:40:26.979248Z,2026-08-21T05:40:26.979248Z,,twin
22222222-2222-2222-2222-222222222222,,8e00a933-eb0f-4d8e-9a0a-1d5b47ae95ed,zoox_robotaxi_2024,software_update,2026-08-21T05:40:26.979248Z,2026-08-21T06:20:26.979248Z,,twin
22222222-2222-2222-2222-222222222222,,6bff9287-c9b9-49e3-a94f-36b3543a8b9c,zoox_robotaxi_2024,software_update,2026-08-21T05:40:26.979248Z,2026-08-21T06:02:26.979248Z,,twin
22222222-2222-2222-2222-222222222222,,78ee0dfd-ba9e-430c-b753-2c589c9183f2,zoox_robotaxi_2024,software_update,2026-08-21T05:40:26.979248Z,2026-08-21T06:03:26.979248Z,,twin
22222222-2222-2222-2222-222222222222,,890bef23-55ab-4001-aceb-538b3633cc73,zoox_robotaxi_2024,software_update,2026-08-21T05:40:26.979248Z,2026-08-21T06:05:26.979248Z,,twin
22222222-2222-2222-2222-222222222222,,87b6dc31-cb87-4327-83d5-7ac9ffdf4988,zoox_robotaxi_2024,software_update,2026-08-21T05:40:26.979248Z,2026-08-21T06:21:26.979248Z,,twin
22222222-2222-2222-2222-222222222222,,695b1879-46d1-4c5b-a76a-a6809490ec65,zoox_robotaxi_2024,software_update,2026-08-21T05:40:26.979248Z,2026-08-21T06:24:26.979248Z,,twin
22222222-2222-2222-2222-222222222222,,b41ab68e-d488-4102-ba08-502df168a1a1,waymo_jaguar_ipace_2024,interior_tidy,2026-08-21T05:42:23.463724Z,2026-08-21T05:42:23.463724Z,,twin
22222222-2222-2222-2222-222222222222,,7026f086-5ec4-485c-ae41-87bee8f181f1,waymo_jaguar_ipace_2024,sensor_clean,2026-08-21T05:42:23.463724Z,2026-08-21T05:42:23.463724Z,,twin
22222222-2222-2222-2222-222222222222,,9240c4c6-422b-4ac5-b65d-321faac569ce,waymo_jaguar_ipace_2024,sensor_clean,2026-08-21T05:42:23.463724Z,2026-08-21T05:42:23.463724Z,,twin
22222222-2222-2222-2222-222222222222,94358f10-7755-46ce-a351-eb4f7ba1aee9,00d5597b-d714-470c-b86c-95e8f4f600ce,waymo_jaguar_ipace_2024,inspect,,2026-08-21T05:42:23.463724Z,,twin
22222222-2222-2222-2222-222222222222,,983002e6-790f-4e92-9722-b034571c7f47,waymo_jaguar_ipace_2024,interior_tidy,2026-08-21T05:42:23.463724Z,2026-08-21T05:45:23.463724Z,,twin
22222222-2222-2222-2222-222222222222,,983002e6-790f-4e92-9722-b034571c7f47,waymo_jaguar_ipace_2024,item_retrieval,2026-08-21T05:42:23.463724Z,2026-08-21T05:46:23.463724Z,,twin
22222222-2222-2222-2222-222222222222,,8d4890b5-dd19-4bf9-b7be-3ef918ff1653,waymo_jaguar_ipace_2024,software_update,2026-08-21T06:02:37.471399Z,2026-08-21T06:40:37.471399Z,,twin
22222222-2222-2222-2222-222222222222,1cc14b7f-d2b3-477e-b069-079ca9f62571,19b9bcf6-0586-4238-b70e-9ce1d490efe9,zoox_robotaxi_2024,inspect,,2026-08-21T06:02:37.471399Z,,twin
22222222-2222-2222-2222-222222222222,,78ee0dfd-ba9e-430c-b753-2c589c9183f2,zoox_robotaxi_2024,software_update,2026-08-21T06:02:37.471399Z,2026-08-21T06:44:37.471399Z,,twin
22222222-2222-2222-2222-222222222222,164ff30d-4523-484a-a864-a49d01676e20,01b10692-0e0e-42c5-9889-f461f60471cf,zoox_robotaxi_2024,inspect,,2026-08-21T06:02:37.471399Z,,twin
22222222-2222-2222-2222-222222222222,,890bef23-55ab-4001-aceb-538b3633cc73,zoox_robotaxi_2024,software_update,2026-08-21T06:02:37.471399Z,2026-08-21T06:24:37.471399Z,,twin
22222222-2222-2222-2222-222222222222,,8d4890b5-dd19-4bf9-b7be-3ef918ff1653,waymo_jaguar_ipace_2024,remote_diagnostics,2026-08-21T06:02:37.471399Z,2026-08-21T06:07:37.471399Z,,twin
22222222-2222-2222-2222-222222222222,,838200a0-b464-4eb0-9cab-faaee1f80b5a,zoox_robotaxi_2024,software_update,2026-08-21T06:02:37.471399Z,2026-08-21T06:41:37.471399Z,,twin
22222222-2222-2222-2222-222222222222,b9e37717-cafb-4e36-a124-a77f667101fc,14b02ad9-b6f6-4a74-867c-2a6ba9daf8e0,waymo_jaguar_ipace_2024,inspect,,2026-08-21T06:02:37.471399Z,,twin
22222222-2222-2222-2222-222222222222,,27be18c4-bd2e-44ac-9eb5-1d1edc2809b7,zoox_robotaxi_2024,generic_service,2026-08-21T06:02:37.471399Z,2026-08-21T06:36:50.018567Z,,twin
22222222-2222-2222-2222-222222222222,909457af-b93e-491e-a793-e2ed7f8936c6,1973c5a4-5670-46fa-bbe2-5f6a3a1d0c6a,zoox_robotaxi_2024,inspect,,2026-08-21T06:02:37.471399Z,,twin
22222222-2222-2222-2222-222222222222,6d4318c0-3d29-456b-ad33-6e24ff620e49,138f4a23-c5c8-4b89-96a0-c72ebb6aee0c,tesla_model_y_robotaxi_2024,inspect,,2026-08-21T06:02:37.471399Z,,twin
22222222-2222-2222-2222-222222222222,,e91eda35-7043-4ba9-8a16-972b2cc07e39,zoox_robotaxi_2024,software_update,2026-08-21T06:02:37.471399Z,2026-08-21T06:39:37.471399Z,,twin
22222222-2222-2222-2222-222222222222,2e308e1f-ab85-4203-9684-5b96bdc38eec,0d13e7d4-4707-44be-a233-8a3e849a23c5,waymo_jaguar_ipace_2024,inspect,,2026-08-21T06:02:37.471399Z,,twin
22222222-2222-2222-2222-222222222222,,c98ef465-ea69-4da9-a0a8-55a9842b570b,zoox_robotaxi_2024,software_update,2026-08-21T06:02:37.471399Z,2026-08-21T06:35:37.471399Z,,twin
22222222-2222-2222-2222-222222222222,,0d13e7d4-4707-44be-a233-8a3e849a23c5,waymo_jaguar_ipace_2024,sensor_clean,2026-08-21T06:02:37.471399Z,2026-08-21T06:02:37.471399Z,,twin
22222222-2222-2222-2222-222222222222,,138f4a23-c5c8-4b89-96a0-c72ebb6aee0c,tesla_model_y_robotaxi_2024,generic_service,2026-08-21T06:04:15.878702Z,2026-08-21T06:34:01.313757Z,,twin
22222222-2222-2222-2222-222222222222,,890bef23-55ab-4001-aceb-538b3633cc73,zoox_robotaxi_2024,software_update,2026-08-21T06:04:15.878702Z,2026-08-21T06:26:15.878702Z,,twin
22222222-2222-2222-2222-222222222222,,8d4890b5-dd19-4bf9-b7be-3ef918ff1653,waymo_jaguar_ipace_2024,remote_diagnostics,2026-08-21T06:04:15.878702Z,2026-08-21T06:09:15.878702Z,,twin
22222222-2222-2222-2222-222222222222,6d4318c0-3d29-456b-ad33-6e24ff620e49,0d13e7d4-4707-44be-a233-8a3e849a23c5,waymo_jaguar_ipace_2024,inspect,,2026-08-21T06:04:15.878702Z,,twin
22222222-2222-2222-2222-222222222222,164ff30d-4523-484a-a864-a49d01676e20,01b10692-0e0e-42c5-9889-f461f60471cf,zoox_robotaxi_2024,inspect,,2026-08-21T06:04:15.878702Z,,twin
22222222-2222-2222-2222-222222222222,2e308e1f-ab85-4203-9684-5b96bdc38eec,02734f04-7f30-40eb-beb2-36e5d401c697,zoox_robotaxi_2024,inspect,,2026-08-21T06:04:15.878702Z,,twin
22222222-2222-2222-2222-222222222222,21b60831-523f-4182-9223-072091eea2b2,138f4a23-c5c8-4b89-96a0-c72ebb6aee0c,tesla_model_y_robotaxi_2024,inspect,,2026-08-21T06:04:15.878702Z,,twin
22222222-2222-2222-2222-222222222222,,78ee0dfd-ba9e-430c-b753-2c589c9183f2,zoox_robotaxi_2024,software_update,2026-08-21T06:04:15.878702Z,2026-08-21T06:46:15.878702Z,,twin
22222222-2222-2222-2222-222222222222,,838200a0-b464-4eb0-9cab-faaee1f80b5a,zoox_robotaxi_2024,software_update,2026-08-21T06:04:15.878702Z,2026-08-21T06:43:15.878702Z,,twin
22222222-2222-2222-2222-222222222222,,8d4890b5-dd19-4bf9-b7be-3ef918ff1653,waymo_jaguar_ipace_2024,software_update,2026-08-21T06:04:15.878702Z,2026-08-21T06:42:15.878702Z,,twin
22222222-2222-2222-2222-222222222222,,e91eda35-7043-4ba9-8a16-972b2cc07e39,zoox_robotaxi_2024,software_update,2026-08-21T06:04:15.878702Z,2026-08-21T06:41:15.878702Z,,twin
22222222-2222-2222-2222-222222222222,,27be18c4-bd2e-44ac-9eb5-1d1edc2809b7,zoox_robotaxi_2024,generic_service,2026-08-21T06:04:15.878702Z,2026-08-21T06:38:28.425870Z,,twin
22222222-2222-2222-2222-222222222222,,10b4f941-b257-4571-948d-cc7b72d0fb52,tesla_model_y_robotaxi_2024,inspect,2026-08-21T06:09:23.463724Z,2026-08-21T06:12:23.463724Z,,twin
22222222-2222-2222-2222-222222222222,,f366ac68-5b23-49e7-8d02-0ade68526c5e,zoox_robotaxi_2024,software_update,2026-08-21T06:10:26.979248Z,2026-08-21T06:51:26.979248Z,,twin
22222222-2222-2222-2222-222222222222,,983002e6-790f-4e92-9722-b034571c7f47,waymo_jaguar_ipace_2024,interior_tidy,2026-08-21T06:10:26.979248Z,2026-08-21T06:13:26.979248Z,,twin
22222222-2222-2222-2222-222222222222,,b00dca0e-3209-478b-ad8b-7984d7b16a8c,zoox_robotaxi_2024,software_update,2026-08-21T06:10:26.979248Z,2026-08-21T06:38:26.979248Z,,twin
22222222-2222-2222-2222-222222222222,,e91eda35-7043-4ba9-8a16-972b2cc07e39,zoox_robotaxi_2024,software_update,2026-08-21T06:10:26.979248Z,2026-08-21T06:48:26.979248Z,,twin
22222222-2222-2222-2222-222222222222,,983002e6-790f-4e92-9722-b034571c7f47,waymo_jaguar_ipace_2024,item_retrieval,2026-08-21T06:10:26.979248Z,2026-08-21T06:14:26.979248Z,,twin
22222222-2222-2222-2222-222222222222,,9926e267-5f69-4b21-b3ab-b4b3239c1b3b,zoox_robotaxi_2024,software_update,2026-08-21T06:10:26.979248Z,2026-08-21T06:36:26.979248Z,,twin
22222222-2222-2222-2222-222222222222,,9e9193b9-e6e9-4f2a-8eaf-bc5dfceec4a2,zoox_robotaxi_2024,software_update,2026-08-21T06:10:26.979248Z,2026-08-21T06:37:26.979248Z,,twin
22222222-2222-2222-2222-222222222222,,f72a1d21-3532-40ca-a69e-8ef5a4be38a0,zoox_robotaxi_2024,software_update,2026-08-21T06:10:26.979248Z,2026-08-21T06:27:26.979248Z,,twin
22222222-2222-2222-2222-222222222222,94358f10-7755-46ce-a351-eb4f7ba1aee9,053b8abd-e2b6-4b19-9bfc-314430947773,waymo_jaguar_ipace_2024,inspect,,2026-08-21T06:12:23.463724Z,,twin
22222222-2222-2222-2222-222222222222,,f366ac68-5b23-49e7-8d02-0ade68526c5e,zoox_robotaxi_2024,software_update,2026-08-21T06:12:23.463724Z,2026-08-21T06:53:23.463724Z,,twin
22222222-2222-2222-2222-222222222222,,8e00a933-eb0f-4d8e-9a0a-1d5b47ae95ed,zoox_robotaxi_2024,software_update,2026-08-21T06:12:23.463724Z,2026-08-21T06:52:23.463724Z,,twin
22222222-2222-2222-2222-222222222222,,87b6dc31-cb87-4327-83d5-7ac9ffdf4988,zoox_robotaxi_2024,software_update,2026-08-21T06:12:23.463724Z,2026-08-21T06:53:23.463724Z,,twin
22222222-2222-2222-2222-222222222222,,695b1879-46d1-4c5b-a76a-a6809490ec65,zoox_robotaxi_2024,software_update,2026-08-21T06:12:23.463724Z,2026-08-21T06:56:23.463724Z,,twin
22222222-2222-2222-2222-222222222222,,f72a1d21-3532-40ca-a69e-8ef5a4be38a0,zoox_robotaxi_2024,software_update,2026-08-21T06:12:23.463724Z,2026-08-21T06:29:23.463724Z,,twin
22222222-2222-2222-2222-222222222222,,b00dca0e-3209-478b-ad8b-7984d7b16a8c,zoox_robotaxi_2024,software_update,2026-08-21T06:12:23.463724Z,2026-08-21T06:40:23.463724Z,,twin
22222222-2222-2222-2222-222222222222,,9e9193b9-e6e9-4f2a-8eaf-bc5dfceec4a2,zoox_robotaxi_2024,software_update,2026-08-21T06:12:23.463724Z,2026-08-21T06:39:23.463724Z,,twin
22222222-2222-2222-2222-222222222222,,8d4890b5-dd19-4bf9-b7be-3ef918ff1653,waymo_jaguar_ipace_2024,sensor_clean,2026-08-21T06:12:23.463724Z,2026-08-21T06:17:23.463724Z,,twin
22222222-2222-2222-2222-222222222222,,6bff9287-c9b9-49e3-a94f-36b3543a8b9c,zoox_robotaxi_2024,software_update,2026-08-21T06:12:23.463724Z,2026-08-21T06:34:23.463724Z,,twin
22222222-2222-2222-2222-222222222222,,1c9aff71-a240-4bfe-b55a-d0eaa2ec6116,tesla_model_y_robotaxi_2024,sensor_clean,2026-08-21T06:12:23.463724Z,2026-08-21T06:17:23.463724Z,,twin
22222222-2222-2222-2222-222222222222,b228e63a-90a4-45a9-bc17-1171e72e3bea,01b10692-0e0e-42c5-9889-f461f60471cf,zoox_robotaxi_2024,inspect,,2026-08-21T06:12:23.463724Z,,twin
22222222-2222-2222-2222-222222222222,,c5a58859-4282-42de-b596-0a4f433e05f1,tesla_model_y_robotaxi_2024,inspect,2026-08-21T06:29:37.471399Z,2026-08-21T06:32:37.471399Z,,twin
22222222-2222-2222-2222-222222222222,1cc14b7f-d2b3-477e-b069-079ca9f62571,2be09ec0-e78a-4cd8-9f80-fceeb1c33e71,tesla_model_y_robotaxi_2024,inspect,,2026-08-21T06:32:37.471399Z,,twin
22222222-2222-2222-2222-222222222222,9e073bef-0b54-4868-931a-8d491e658f1f,27be18c4-bd2e-44ac-9eb5-1d1edc2809b7,zoox_robotaxi_2024,inspect,,2026-08-21T06:32:37.471399Z,,twin
22222222-2222-2222-2222-222222222222,909457af-b93e-491e-a793-e2ed7f8936c6,2547bf99-05c5-4055-9daa-c9e2a99da11d,tesla_model_y_robotaxi_2024,inspect,,2026-08-21T06:32:37.471399Z,,twin
22222222-2222-2222-2222-222222222222,,03812c6f-407b-4782-858f-c15cdbaf8de7,waymo_jaguar_ipace_2024,generic_service,2026-08-21T06:32:37.471399Z,2026-08-21T07:05:05.784305Z,,twin
22222222-2222-2222-2222-222222222222,b228e63a-90a4-45a9-bc17-1171e72e3bea,25061aa9-5a61-481b-acee-0aa08dd7066f,tesla_model_y_robotaxi_2024,inspect,,2026-08-21T06:32:37.471399Z,,twin
22222222-2222-2222-2222-222222222222,b9e37717-cafb-4e36-a124-a77f667101fc,1ea6a5d7-862d-44cc-a387-86cea6bc4fe4,tesla_model_y_robotaxi_2024,inspect,,2026-08-21T06:32:37.471399Z,,twin
22222222-2222-2222-2222-222222222222,2e308e1f-ab85-4203-9684-5b96bdc38eec,1c9aff71-a240-4bfe-b55a-d0eaa2ec6116,tesla_model_y_robotaxi_2024,inspect,,2026-08-21T06:32:37.471399Z,,twin
22222222-2222-2222-2222-222222222222,4f598f7a-899f-43a2-900e-06e8d7d94962,19ec1471-8525-4d88-801f-4cfee46f5ded,zoox_robotaxi_2024,wash,2026-08-21T06:32:37.471399Z,2026-08-21T06:42:35.250029Z,,twin
22222222-2222-2222-2222-222222222222,164ff30d-4523-484a-a864-a49d01676e20,1aacf90d-d4e1-415e-ba09-603c306dffef,zoox_robotaxi_2024,inspect,,2026-08-21T06:32:37.471399Z,,twin
22222222-2222-2222-2222-222222222222,,4992b1fa-fc81-445e-a203-657094d89f18,waymo_jaguar_ipace_2024,software_update,2026-08-21T06:32:37.471399Z,2026-08-21T07:13:37.471399Z,,twin
22222222-2222-2222-2222-222222222222,2e308e1f-ab85-4203-9684-5b96bdc38eec,14b02ad9-b6f6-4a74-867c-2a6ba9daf8e0,waymo_jaguar_ipace_2024,inspect,,2026-08-21T06:34:15.878702Z,,twin
22222222-2222-2222-2222-222222222222,,4992b1fa-fc81-445e-a203-657094d89f18,waymo_jaguar_ipace_2024,software_update,2026-08-21T06:34:15.878702Z,2026-08-21T07:15:15.878702Z,,twin
22222222-2222-2222-2222-222222222222,,02734f04-7f30-40eb-beb2-36e5d401c697,zoox_robotaxi_2024,generic_service,2026-08-21T06:34:15.878702Z,2026-08-21T07:23:41.693507Z,,twin
22222222-2222-2222-2222-222222222222,4f598f7a-899f-43a2-900e-06e8d7d94962,19ec1471-8525-4d88-801f-4cfee46f5ded,zoox_robotaxi_2024,wash,2026-08-21T06:34:15.878702Z,2026-08-21T06:44:13.657332Z,,twin
22222222-2222-2222-2222-222222222222,164ff30d-4523-484a-a864-a49d01676e20,02734f04-7f30-40eb-beb2-36e5d401c697,zoox_robotaxi_2024,inspect,,2026-08-21T06:34:15.878702Z,,twin
22222222-2222-2222-2222-222222222222,21b60831-523f-4182-9223-072091eea2b2,1aacf90d-d4e1-415e-ba09-603c306dffef,zoox_robotaxi_2024,inspect,,2026-08-21T06:34:15.878702Z,,twin
22222222-2222-2222-2222-222222222222,6d4318c0-3d29-456b-ad33-6e24ff620e49,1973c5a4-5670-46fa-bbe2-5f6a3a1d0c6a,zoox_robotaxi_2024,inspect,,2026-08-21T06:34:15.878702Z,,twin
22222222-2222-2222-2222-222222222222,6865247b-0ca1-4f06-bee1-9a2a7e9df40e,4f558f2c-7f46-4c12-8a13-351371d828b6,waymo_jaguar_ipace_2024,inspect,,2026-08-21T06:34:15.878702Z,,twin
22222222-2222-2222-2222-222222222222,,0d13e7d4-4707-44be-a233-8a3e849a23c5,waymo_jaguar_ipace_2024,sensor_clean,2026-08-21T06:34:15.878702Z,2026-08-21T06:34:15.878702Z,,twin
22222222-2222-2222-2222-222222222222,,9ec6cbc8-535e-4984-8fe2-1ac46abb9e00,waymo_jaguar_ipace_2024,sensor_clean,2026-08-21T06:40:26.979248Z,2026-08-21T06:45:26.979248Z,,twin
22222222-2222-2222-2222-222222222222,,8d4890b5-dd19-4bf9-b7be-3ef918ff1653,waymo_jaguar_ipace_2024,sensor_clean,2026-08-21T06:40:26.979248Z,2026-08-21T06:45:26.979248Z,,twin
22222222-2222-2222-2222-222222222222,,7026f086-5ec4-485c-ae41-87bee8f181f1,waymo_jaguar_ipace_2024,sensor_clean,2026-08-21T06:40:26.979248Z,2026-08-21T06:40:26.979248Z,,twin
22222222-2222-2222-2222-222222222222,2e308e1f-ab85-4203-9684-5b96bdc38eec,00d5597b-d714-470c-b86c-95e8f4f600ce,waymo_jaguar_ipace_2024,inspect,,2026-08-21T06:40:26.979248Z,,twin
22222222-2222-2222-2222-222222222222,94358f10-7755-46ce-a351-eb4f7ba1aee9,053b8abd-e2b6-4b19-9bfc-314430947773,waymo_jaguar_ipace_2024,inspect,,2026-08-21T06:42:23.463724Z,,twin
22222222-2222-2222-2222-222222222222,b228e63a-90a4-45a9-bc17-1171e72e3bea,01b10692-0e0e-42c5-9889-f461f60471cf,zoox_robotaxi_2024,inspect,,2026-08-21T06:42:23.463724Z,,twin
22222222-2222-2222-2222-222222222222,01ac5105-b808-4863-8e01-e534717479f1,03812c6f-407b-4782-858f-c15cdbaf8de7,waymo_jaguar_ipace_2024,wash,2026-08-21T06:42:23.463724Z,2026-08-21T06:52:33.985256Z,,twin
22222222-2222-2222-2222-222222222222,,f2cc320b-7543-47cf-a66d-37acee233f1b,tesla_model_y_robotaxi_2024,inspect,2026-08-21T06:59:37.471399Z,2026-08-21T07:02:37.471399Z,,twin
22222222-2222-2222-2222-222222222222,1475970b-9008-4929-825f-78e066ab6722,5dfd9db9-4262-4a7f-8f7e-055ce7a5e426,tesla_model_y_robotaxi_2024,inspect,,2026-08-21T07:02:37.471399Z,,twin
22222222-2222-2222-2222-222222222222,,4f558f2c-7f46-4c12-8a13-351371d828b6,waymo_jaguar_ipace_2024,interior_tidy,2026-08-21T07:02:37.471399Z,2026-08-21T07:06:37.471399Z,,twin
22222222-2222-2222-2222-222222222222,164ff30d-4523-484a-a864-a49d01676e20,1aacf90d-d4e1-415e-ba09-603c306dffef,zoox_robotaxi_2024,inspect,,2026-08-21T07:02:37.471399Z,,twin
22222222-2222-2222-2222-222222222222,2e308e1f-ab85-4203-9684-5b96bdc38eec,1c9aff71-a240-4bfe-b55a-d0eaa2ec6116,tesla_model_y_robotaxi_2024,inspect,,2026-08-21T07:02:37.471399Z,,twin
22222222-2222-2222-2222-222222222222,b9e37717-cafb-4e36-a124-a77f667101fc,1ea6a5d7-862d-44cc-a387-86cea6bc4fe4,tesla_model_y_robotaxi_2024,inspect,,2026-08-21T07:02:37.471399Z,,twin
22222222-2222-2222-2222-222222222222,b228e63a-90a4-45a9-bc17-1171e72e3bea,25061aa9-5a61-481b-acee-0aa08dd7066f,tesla_model_y_robotaxi_2024,inspect,,2026-08-21T07:02:37.471399Z,,twin
22222222-2222-2222-2222-222222222222,909457af-b93e-491e-a793-e2ed7f8936c6,2547bf99-05c5-4055-9daa-c9e2a99da11d,tesla_model_y_robotaxi_2024,inspect,,2026-08-21T07:02:37.471399Z,,twin
22222222-2222-2222-2222-222222222222,1cc14b7f-d2b3-477e-b069-079ca9f62571,2be09ec0-e78a-4cd8-9f80-fceeb1c33e71,tesla_model_y_robotaxi_2024,inspect,,2026-08-21T07:02:37.471399Z,,twin
22222222-2222-2222-2222-222222222222,,9926e267-5f69-4b21-b3ab-b4b3239c1b3b,zoox_robotaxi_2024,software_update,2026-08-21T07:02:37.471399Z,2026-08-21T07:34:37.471399Z,,twin
22222222-2222-2222-2222-222222222222,01ac5105-b808-4863-8e01-e534717479f1,0bfd4d59-44f9-4a57-8c06-51bc00a2a6b9,tesla_model_y_robotaxi_2024,wash,2026-08-21T07:02:37.471399Z,2026-08-21T07:12:21.226656Z,,twin
22222222-2222-2222-2222-222222222222,,053b8abd-e2b6-4b19-9bfc-314430947773,waymo_jaguar_ipace_2024,generic_service,2026-08-21T07:02:37.471399Z,2026-08-21T07:51:33.028432Z,,twin
22222222-2222-2222-2222-222222222222,,618e0836-b6e1-459d-9955-38857bf1cbff,waymo_jaguar_ipace_2024,software_update,2026-08-21T07:02:37.471399Z,2026-08-21T07:36:37.471399Z,,twin
22222222-2222-2222-2222-222222222222,,c98ef465-ea69-4da9-a0a8-55a9842b570b,zoox_robotaxi_2024,interior_tidy,2026-08-21T07:02:37.471399Z,2026-08-21T07:06:37.471399Z,,twin
22222222-2222-2222-2222-222222222222,2e308e1f-ab85-4203-9684-5b96bdc38eec,14b02ad9-b6f6-4a74-867c-2a6ba9daf8e0,waymo_jaguar_ipace_2024,inspect,,2026-08-21T07:04:15.878702Z,,twin
22222222-2222-2222-2222-222222222222,4f598f7a-899f-43a2-900e-06e8d7d94962,0bfd4d59-44f9-4a57-8c06-51bc00a2a6b9,tesla_model_y_robotaxi_2024,wash,2026-08-21T07:04:15.878702Z,2026-08-21T07:13:59.633959Z,,twin
22222222-2222-2222-2222-222222222222,6865247b-0ca1-4f06-bee1-9a2a7e9df40e,1ea6a5d7-862d-44cc-a387-86cea6bc4fe4,tesla_model_y_robotaxi_2024,inspect,,2026-08-21T07:04:15.878702Z,,twin
22222222-2222-2222-2222-222222222222,21b60831-523f-4182-9223-072091eea2b2,1c9aff71-a240-4bfe-b55a-d0eaa2ec6116,tesla_model_y_robotaxi_2024,inspect,,2026-08-21T07:04:15.878702Z,,twin
22222222-2222-2222-2222-222222222222,9e073bef-0b54-4868-931a-8d491e658f1f,5dfd9db9-4262-4a7f-8f7e-055ce7a5e426,tesla_model_y_robotaxi_2024,inspect,,2026-08-21T07:04:15.878702Z,,twin
22222222-2222-2222-2222-222222222222,6d4318c0-3d29-456b-ad33-6e24ff620e49,1aacf90d-d4e1-415e-ba09-603c306dffef,zoox_robotaxi_2024,inspect,,2026-08-21T07:04:15.878702Z,,twin
22222222-2222-2222-2222-222222222222,164ff30d-4523-484a-a864-a49d01676e20,02f1a60b-27e8-46a3-831b-d9232cc510a0,tesla_model_y_robotaxi_2024,inspect,,2026-08-21T07:04:15.878702Z,,twin
22222222-2222-2222-2222-222222222222,,03812c6f-407b-4782-858f-c15cdbaf8de7,waymo_jaguar_ipace_2024,generic_service,2026-08-21T07:04:15.878702Z,2026-08-21T07:42:39.121839Z,,twin
22222222-2222-2222-2222-222222222222,2e308e1f-ab85-4203-9684-5b96bdc38eec,00d5597b-d714-470c-b86c-95e8f4f600ce,waymo_jaguar_ipace_2024,inspect,,2026-08-21T07:10:26.979248Z,,twin
22222222-2222-2222-2222-222222222222,,f7940696-0800-49d0-9405-e1bae1f790e5,zoox_robotaxi_2024,sensor_clean,2026-08-21T07:10:26.979248Z,2026-08-21T07:15:26.979248Z,,twin
22222222-2222-2222-2222-222222222222,b228e63a-90a4-45a9-bc17-1171e72e3bea,0d13e7d4-4707-44be-a233-8a3e849a23c5,waymo_jaguar_ipace_2024,inspect,,2026-08-21T07:12:23.463724Z,,twin
22222222-2222-2222-2222-222222222222,,02734f04-7f30-40eb-beb2-36e5d401c697,zoox_robotaxi_2024,generic_service,2026-08-21T07:12:23.463724Z,2026-08-21T07:40:39.416692Z,,twin
22222222-2222-2222-2222-222222222222,,e91eda35-7043-4ba9-8a16-972b2cc07e39,zoox_robotaxi_2024,software_update,2026-08-21T07:12:23.463724Z,2026-08-21T07:52:23.463724Z,,twin
22222222-2222-2222-2222-222222222222,,cef7d122-6498-4555-8eba-8a6d51644d74,tesla_model_y_robotaxi_2024,sensor_clean,2026-08-21T07:12:23.463724Z,2026-08-21T07:17:23.463724Z,,twin
22222222-2222-2222-2222-222222222222,94358f10-7755-46ce-a351-eb4f7ba1aee9,10b4f941-b257-4571-948d-cc7b72d0fb52,tesla_model_y_robotaxi_2024,inspect,,2026-08-21T07:12:23.463724Z,,twin
22222222-2222-2222-2222-222222222222,,ba70312c-6d2b-4c96-92a9-86c31ca2ca63,tesla_model_y_robotaxi_2024,inspect,2026-08-21T07:29:37.471399Z,2026-08-21T07:32:37.471399Z,,twin
22222222-2222-2222-2222-222222222222,,acba173d-89ed-4221-a7f7-52ae57693c67,tesla_model_y_robotaxi_2024,inspect,2026-08-21T07:29:37.471399Z,2026-08-21T07:32:37.471399Z,,twin
22222222-2222-2222-2222-222222222222,6d4318c0-3d29-456b-ad33-6e24ff620e49,3e88b963-abb9-415c-9637-fa8002b0074d,waymo_jaguar_ipace_2024,inspect,,2026-08-21T07:32:37.471399Z,,twin
22222222-2222-2222-2222-222222222222,,cef7d122-6498-4555-8eba-8a6d51644d74,tesla_model_y_robotaxi_2024,interior_tidy,2026-08-21T07:32:37.471399Z,2026-08-21T07:35:37.471399Z,,twin
22222222-2222-2222-2222-222222222222,b9e37717-cafb-4e36-a124-a77f667101fc,3fc2148f-fe15-42b9-8e9a-619351c746e4,waymo_jaguar_ipace_2024,inspect,,2026-08-21T07:32:37.471399Z,,twin
22222222-2222-2222-2222-222222222222,b228e63a-90a4-45a9-bc17-1171e72e3bea,4992b1fa-fc81-445e-a203-657094d89f18,waymo_jaguar_ipace_2024,inspect,,2026-08-21T07:32:37.471399Z,,twin
22222222-2222-2222-2222-222222222222,909457af-b93e-491e-a793-e2ed7f8936c6,4cd2b777-e994-41b3-8542-fdf0f5d88189,waymo_jaguar_ipace_2024,inspect,,2026-08-21T07:32:37.471399Z,,twin
22222222-2222-2222-2222-222222222222,1475970b-9008-4929-825f-78e066ab6722,4f558f2c-7f46-4c12-8a13-351371d828b6,waymo_jaguar_ipace_2024,inspect,,2026-08-21T07:32:37.471399Z,,twin
22222222-2222-2222-2222-222222222222,1cc14b7f-d2b3-477e-b069-079ca9f62571,53e3dc12-2d7e-4d7b-8dbf-79a5eeef13ce,tesla_model_y_robotaxi_2024,inspect,,2026-08-21T07:32:37.471399Z,,twin
22222222-2222-2222-2222-222222222222,,138f4a23-c5c8-4b89-96a0-c72ebb6aee0c,tesla_model_y_robotaxi_2024,generic_service,2026-08-21T07:32:37.471399Z,2026-08-21T08:19:07.405707Z,,twin
22222222-2222-2222-2222-222222222222,94358f10-7755-46ce-a351-eb4f7ba1aee9,9240c4c6-422b-4ac5-b65d-321faac569ce,waymo_jaguar_ipace_2024,inspect,,2026-08-21T07:32:37.471399Z,,twin
22222222-2222-2222-2222-222222222222,,cef7d122-6498-4555-8eba-8a6d51644d74,tesla_model_y_robotaxi_2024,software_update,2026-08-21T07:32:37.471399Z,2026-08-21T07:47:37.471399Z,,twin
22222222-2222-2222-2222-222222222222,,8d4890b5-dd19-4bf9-b7be-3ef918ff1653,waymo_jaguar_ipace_2024,sensor_clean,2026-08-21T07:32:37.471399Z,2026-08-21T07:37:37.471399Z,,twin
22222222-2222-2222-2222-222222222222,164ff30d-4523-484a-a864-a49d01676e20,32a91a14-aac6-4c58-924e-e61a6766978b,waymo_jaguar_ipace_2024,inspect,,2026-08-21T07:32:37.471399Z,,twin
22222222-2222-2222-2222-222222222222,2e308e1f-ab85-4203-9684-5b96bdc38eec,32b62034-d7c6-4dbd-b9a4-78e708ec4c1c,waymo_jaguar_ipace_2024,inspect,,2026-08-21T07:32:37.471399Z,,twin
22222222-2222-2222-2222-222222222222,6d4318c0-3d29-456b-ad33-6e24ff620e49,1ea6a5d7-862d-44cc-a387-86cea6bc4fe4,tesla_model_y_robotaxi_2024,inspect,,2026-08-21T07:34:15.878702Z,,twin
22222222-2222-2222-2222-222222222222,,053b8abd-e2b6-4b19-9bfc-314430947773,waymo_jaguar_ipace_2024,generic_service,2026-08-21T07:34:15.878702Z,2026-08-21T08:15:51.546188Z,,twin
22222222-2222-2222-2222-222222222222,9e073bef-0b54-4868-931a-8d491e658f1f,25061aa9-5a61-481b-acee-0aa08dd7066f,tesla_model_y_robotaxi_2024,inspect,,2026-08-21T07:34:15.878702Z,,twin
22222222-2222-2222-2222-222222222222,21b60831-523f-4182-9223-072091eea2b2,2547bf99-05c5-4055-9daa-c9e2a99da11d,tesla_model_y_robotaxi_2024,inspect,,2026-08-21T07:34:15.878702Z,,twin
22222222-2222-2222-2222-222222222222,6865247b-0ca1-4f06-bee1-9a2a7e9df40e,2be09ec0-e78a-4cd8-9f80-fceeb1c33e71,tesla_model_y_robotaxi_2024,inspect,,2026-08-21T07:34:15.878702Z,,twin
22222222-2222-2222-2222-222222222222,2e308e1f-ab85-4203-9684-5b96bdc38eec,1c9aff71-a240-4bfe-b55a-d0eaa2ec6116,tesla_model_y_robotaxi_2024,inspect,,2026-08-21T07:34:15.878702Z,,twin
22222222-2222-2222-2222-222222222222,164ff30d-4523-484a-a864-a49d01676e20,02f1a60b-27e8-46a3-831b-d9232cc510a0,tesla_model_y_robotaxi_2024,inspect,,2026-08-21T07:34:15.878702Z,,twin
22222222-2222-2222-2222-222222222222,,8d4890b5-dd19-4bf9-b7be-3ef918ff1653,waymo_jaguar_ipace_2024,sensor_clean,2026-08-21T07:34:15.878702Z,2026-08-21T07:39:15.878702Z,,twin
22222222-2222-2222-2222-222222222222,,cef7d122-6498-4555-8eba-8a6d51644d74,tesla_model_y_robotaxi_2024,interior_tidy,2026-08-21T07:34:15.878702Z,2026-08-21T07:37:15.878702Z,,twin
22222222-2222-2222-2222-222222222222,,cef7d122-6498-4555-8eba-8a6d51644d74,tesla_model_y_robotaxi_2024,software_update,2026-08-21T07:34:15.878702Z,2026-08-21T07:49:15.878702Z,,twin
22222222-2222-2222-2222-222222222222,,c3f78336-f475-4d29-bf59-0261114066ef,tesla_model_y_robotaxi_2024,interior_tidy,2026-08-21T07:40:26.979248Z,2026-08-21T07:44:26.979248Z,,twin
22222222-2222-2222-2222-222222222222,2e308e1f-ab85-4203-9684-5b96bdc38eec,01b10692-0e0e-42c5-9889-f461f60471cf,zoox_robotaxi_2024,inspect,,2026-08-21T07:40:26.979248Z,,twin
22222222-2222-2222-2222-222222222222,b228e63a-90a4-45a9-bc17-1171e72e3bea,0d13e7d4-4707-44be-a233-8a3e849a23c5,waymo_jaguar_ipace_2024,inspect,,2026-08-21T07:42:23.463724Z,,twin
22222222-2222-2222-2222-222222222222,,9ec6cbc8-535e-4984-8fe2-1ac46abb9e00,waymo_jaguar_ipace_2024,sensor_clean,2026-08-21T07:42:23.463724Z,2026-08-21T07:47:23.463724Z,,twin
22222222-2222-2222-2222-222222222222,94358f10-7755-46ce-a351-eb4f7ba1aee9,1520dd3c-3658-4cd5-ad83-8c73c35e97c9,tesla_model_y_robotaxi_2024,inspect,,2026-08-21T07:42:23.463724Z,,twin
22222222-2222-2222-2222-222222222222,909457af-b93e-491e-a793-e2ed7f8936c6,6e5c4806-1191-4b8b-b750-d38231213a1b,tesla_model_y_robotaxi_2024,inspect,2026-08-21T07:59:37.471399Z,2026-08-21T08:02:37.471399Z,,twin
22222222-2222-2222-2222-222222222222,2e308e1f-ab85-4203-9684-5b96bdc38eec,32a91a14-aac6-4c58-924e-e61a6766978b,waymo_jaguar_ipace_2024,inspect,,2026-08-21T08:02:37.471399Z,,twin
22222222-2222-2222-2222-222222222222,6d4318c0-3d29-456b-ad33-6e24ff620e49,32b62034-d7c6-4dbd-b9a4-78e708ec4c1c,waymo_jaguar_ipace_2024,inspect,,2026-08-21T08:02:37.471399Z,,twin
22222222-2222-2222-2222-222222222222,b9e37717-cafb-4e36-a124-a77f667101fc,3e88b963-abb9-415c-9637-fa8002b0074d,waymo_jaguar_ipace_2024,inspect,,2026-08-21T08:02:37.471399Z,,twin
22222222-2222-2222-2222-222222222222,94358f10-7755-46ce-a351-eb4f7ba1aee9,5b8524d6-260b-448c-a9ae-9e18e9cada45,waymo_jaguar_ipace_2024,inspect,,2026-08-21T08:02:37.471399Z,,twin
22222222-2222-2222-2222-222222222222,909457af-b93e-491e-a793-e2ed7f8936c6,4cd2b777-e994-41b3-8542-fdf0f5d88189,waymo_jaguar_ipace_2024,inspect,,2026-08-21T08:02:37.471399Z,,twin
22222222-2222-2222-2222-222222222222,9e073bef-0b54-4868-931a-8d491e658f1f,4f558f2c-7f46-4c12-8a13-351371d828b6,waymo_jaguar_ipace_2024,inspect,,2026-08-21T08:02:37.471399Z,,twin
22222222-2222-2222-2222-222222222222,b228e63a-90a4-45a9-bc17-1171e72e3bea,3fc2148f-fe15-42b9-8e9a-619351c746e4,waymo_jaguar_ipace_2024,inspect,,2026-08-21T08:02:37.471399Z,,twin
22222222-2222-2222-2222-222222222222,,6860a969-bb88-416f-a3bf-545884f04aa8,waymo_jaguar_ipace_2024,interior_tidy,2026-08-21T08:02:37.471399Z,2026-08-21T08:06:37.471399Z,,twin
22222222-2222-2222-2222-222222222222,d919a33c-e940-45f0-8d22-ed71859c0fc9,2879307e-1fde-41ca-9309-d0aa11357436,waymo_jaguar_ipace_2024,charge_l2,2026-08-21T08:02:37.471399Z,2026-08-21T10:02:37.471399Z,,twin
22222222-2222-2222-2222-222222222222,,27be18c4-bd2e-44ac-9eb5-1d1edc2809b7,zoox_robotaxi_2024,generic_service,2026-08-21T08:02:37.471399Z,2026-08-21T08:34:03.787003Z,,twin
22222222-2222-2222-2222-222222222222,1475970b-9008-4929-825f-78e066ab6722,55a6bddc-f019-4989-a335-81cbde15b44e,zoox_robotaxi_2024,inspect,,2026-08-21T08:02:37.471399Z,,twin
22222222-2222-2222-2222-222222222222,164ff30d-4523-484a-a864-a49d01676e20,27be18c4-bd2e-44ac-9eb5-1d1edc2809b7,zoox_robotaxi_2024,inspect,,2026-08-21T08:02:37.471399Z,,twin
22222222-2222-2222-2222-222222222222,1cc14b7f-d2b3-477e-b069-079ca9f62571,5dfd9db9-4262-4a7f-8f7e-055ce7a5e426,tesla_model_y_robotaxi_2024,inspect,,2026-08-21T08:02:37.471399Z,,twin
22222222-2222-2222-2222-222222222222,6865247b-0ca1-4f06-bee1-9a2a7e9df40e,4f558f2c-7f46-4c12-8a13-351371d828b6,waymo_jaguar_ipace_2024,inspect,,2026-08-21T08:04:15.878702Z,,twin
22222222-2222-2222-2222-222222222222,d146b0d3-034b-445f-8630-5e82d4e71fb0,2be09ec0-e78a-4cd8-9f80-fceeb1c33e71,tesla_model_y_robotaxi_2024,inspect,,2026-08-21T08:04:15.878702Z,,twin
22222222-2222-2222-2222-222222222222,b228e63a-90a4-45a9-bc17-1171e72e3bea,27be18c4-bd2e-44ac-9eb5-1d1edc2809b7,zoox_robotaxi_2024,inspect,,2026-08-21T08:04:15.878702Z,,twin
22222222-2222-2222-2222-222222222222,1475970b-9008-4929-825f-78e066ab6722,3e88b963-abb9-415c-9637-fa8002b0074d,waymo_jaguar_ipace_2024,inspect,,2026-08-21T08:04:15.878702Z,,twin
22222222-2222-2222-2222-222222222222,94358f10-7755-46ce-a351-eb4f7ba1aee9,3fc2148f-fe15-42b9-8e9a-619351c746e4,waymo_jaguar_ipace_2024,inspect,,2026-08-21T08:04:15.878702Z,,twin
22222222-2222-2222-2222-222222222222,2e308e1f-ab85-4203-9684-5b96bdc38eec,25061aa9-5a61-481b-acee-0aa08dd7066f,tesla_model_y_robotaxi_2024,inspect,,2026-08-21T08:04:15.878702Z,,twin
22222222-2222-2222-2222-222222222222,909457af-b93e-491e-a793-e2ed7f8936c6,32a91a14-aac6-4c58-924e-e61a6766978b,waymo_jaguar_ipace_2024,inspect,,2026-08-21T08:04:15.878702Z,,twin
22222222-2222-2222-2222-222222222222,6d4318c0-3d29-456b-ad33-6e24ff620e49,2547bf99-05c5-4055-9daa-c9e2a99da11d,tesla_model_y_robotaxi_2024,inspect,,2026-08-21T08:04:15.878702Z,,twin
22222222-2222-2222-2222-222222222222,,138f4a23-c5c8-4b89-96a0-c72ebb6aee0c,tesla_model_y_robotaxi_2024,generic_service,2026-08-21T08:04:15.878702Z,2026-08-21T08:49:32.526544Z,,twin
22222222-2222-2222-2222-222222222222,dd614698-d546-4fbd-883c-5f600d1dbf37,7026f086-5ec4-485c-ae41-87bee8f181f1,waymo_jaguar_ipace_2024,charge_l2,2026-08-21T08:04:15.878702Z,2026-08-21T10:34:15.878702Z,,twin
22222222-2222-2222-2222-222222222222,164ff30d-4523-484a-a864-a49d01676e20,19ec1471-8525-4d88-801f-4cfee46f5ded,zoox_robotaxi_2024,inspect,,2026-08-21T08:04:15.878702Z,,twin
22222222-2222-2222-2222-222222222222,9e073bef-0b54-4868-931a-8d491e658f1f,32b62034-d7c6-4dbd-b9a4-78e708ec4c1c,waymo_jaguar_ipace_2024,inspect,,2026-08-21T08:04:15.878702Z,,twin
22222222-2222-2222-2222-222222222222,21b60831-523f-4182-9223-072091eea2b2,4cd2b777-e994-41b3-8542-fdf0f5d88189,waymo_jaguar_ipace_2024,inspect,,2026-08-21T08:04:15.878702Z,,twin
22222222-2222-2222-2222-222222222222,d919a33c-e940-45f0-8d22-ed71859c0fc9,2879307e-1fde-41ca-9309-d0aa11357436,waymo_jaguar_ipace_2024,charge_l2,2026-08-21T08:04:15.878702Z,2026-08-21T10:04:15.878702Z,,twin
22222222-2222-2222-2222-222222222222,,964bd583-6d45-459b-8bca-4c415c0993d3,tesla_model_y_robotaxi_2024,inspect,2026-08-21T08:07:26.979248Z,2026-08-21T08:10:26.979248Z,,twin
22222222-2222-2222-2222-222222222222,,cef7d122-6498-4555-8eba-8a6d51644d74,tesla_model_y_robotaxi_2024,inspect,2026-08-21T08:09:23.463724Z,2026-08-21T08:12:23.463724Z,,twin
22222222-2222-2222-2222-222222222222,2e308e1f-ab85-4203-9684-5b96bdc38eec,01b10692-0e0e-42c5-9889-f461f60471cf,zoox_robotaxi_2024,inspect,,2026-08-21T08:10:26.979248Z,,twin
22222222-2222-2222-2222-222222222222,b228e63a-90a4-45a9-bc17-1171e72e3bea,02734f04-7f30-40eb-beb2-36e5d401c697,zoox_robotaxi_2024,inspect,,2026-08-21T08:10:26.979248Z,,twin
22222222-2222-2222-2222-222222222222,,890bef23-55ab-4001-aceb-538b3633cc73,zoox_robotaxi_2024,sensor_clean,2026-08-21T08:10:26.979248Z,2026-08-21T08:15:26.979248Z,,twin
22222222-2222-2222-2222-222222222222,,890bef23-55ab-4001-aceb-538b3633cc73,zoox_robotaxi_2024,interior_tidy,2026-08-21T08:10:26.979248Z,2026-08-21T08:13:26.979248Z,,twin
22222222-2222-2222-2222-222222222222,94358f10-7755-46ce-a351-eb4f7ba1aee9,19b9bcf6-0586-4238-b70e-9ce1d490efe9,zoox_robotaxi_2024,inspect,,2026-08-21T08:12:23.463724Z,,twin
22222222-2222-2222-2222-222222222222,,9926e267-5f69-4b21-b3ab-b4b3239c1b3b,zoox_robotaxi_2024,software_update,2026-08-21T08:12:23.463724Z,2026-08-21T08:31:23.463724Z,,twin
22222222-2222-2222-2222-222222222222,b228e63a-90a4-45a9-bc17-1171e72e3bea,1520dd3c-3658-4cd5-ad83-8c73c35e97c9,tesla_model_y_robotaxi_2024,inspect,,2026-08-21T08:12:23.463724Z,,twin
22222222-2222-2222-2222-222222222222,9e073bef-0b54-4868-931a-8d491e658f1f,5dfd9db9-4262-4a7f-8f7e-055ce7a5e426,tesla_model_y_robotaxi_2024,inspect,,2026-08-21T08:12:23.463724Z,,twin
22222222-2222-2222-2222-222222222222,164ff30d-4523-484a-a864-a49d01676e20,053b8abd-e2b6-4b19-9bfc-314430947773,waymo_jaguar_ipace_2024,inspect,2026-08-21T08:29:37.471399Z,2026-08-21T08:32:37.471399Z,,twin
22222222-2222-2222-2222-222222222222,6d4318c0-3d29-456b-ad33-6e24ff620e49,48ad6e64-7e84-4de3-8c0c-9d3abfaadb8d,waymo_jaguar_ipace_2024,inspect,2026-08-21T08:29:37.471399Z,2026-08-21T08:32:37.471399Z,,twin
22222222-2222-2222-2222-222222222222,164ff30d-4523-484a-a864-a49d01676e20,03812c6f-407b-4782-858f-c15cdbaf8de7,waymo_jaguar_ipace_2024,inspect,2026-08-21T08:31:15.878702Z,2026-08-21T08:34:15.878702Z,,twin
22222222-2222-2222-2222-222222222222,,6bff9287-c9b9-49e3-a94f-36b3543a8b9c,zoox_robotaxi_2024,interior_tidy,2026-08-21T08:32:37.471399Z,2026-08-21T08:37:37.471399Z,,twin
22222222-2222-2222-2222-222222222222,1475970b-9008-4929-825f-78e066ab6722,890bef23-55ab-4001-aceb-538b3633cc73,zoox_robotaxi_2024,inspect,,2026-08-21T08:32:37.471399Z,,twin
22222222-2222-2222-2222-222222222222,94358f10-7755-46ce-a351-eb4f7ba1aee9,8d4890b5-dd19-4bf9-b7be-3ef918ff1653,waymo_jaguar_ipace_2024,inspect,,2026-08-21T08:32:37.471399Z,,twin
22222222-2222-2222-2222-222222222222,b9e37717-cafb-4e36-a124-a77f667101fc,6860a969-bb88-416f-a3bf-545884f04aa8,waymo_jaguar_ipace_2024,inspect,,2026-08-21T08:32:37.471399Z,,twin
22222222-2222-2222-2222-222222222222,2e308e1f-ab85-4203-9684-5b96bdc38eec,55a6bddc-f019-4989-a335-81cbde15b44e,zoox_robotaxi_2024,inspect,,2026-08-21T08:32:37.471399Z,,twin
22222222-2222-2222-2222-222222222222,164ff30d-4523-484a-a864-a49d01676e20,0bfd4d59-44f9-4a57-8c06-51bc00a2a6b9,tesla_model_y_robotaxi_2024,inspect,,2026-08-21T08:32:37.471399Z,,twin
22222222-2222-2222-2222-222222222222,9e073bef-0b54-4868-931a-8d491e658f1f,838200a0-b464-4eb0-9cab-faaee1f80b5a,zoox_robotaxi_2024,inspect,,2026-08-21T08:32:37.471399Z,,twin
22222222-2222-2222-2222-222222222222,,03812c6f-407b-4782-858f-c15cdbaf8de7,waymo_jaguar_ipace_2024,generic_service,2026-08-21T08:32:37.471399Z,2026-08-21T09:04:28.376063Z,,twin
22222222-2222-2222-2222-222222222222,6d4318c0-3d29-456b-ad33-6e24ff620e49,618e0836-b6e1-459d-9955-38857bf1cbff,waymo_jaguar_ipace_2024,inspect,,2026-08-21T08:32:37.471399Z,,twin
22222222-2222-2222-2222-222222222222,b228e63a-90a4-45a9-bc17-1171e72e3bea,6bff9287-c9b9-49e3-a94f-36b3543a8b9c,zoox_robotaxi_2024,inspect,,2026-08-21T08:32:37.471399Z,,twin
22222222-2222-2222-2222-222222222222,1cc14b7f-d2b3-477e-b069-079ca9f62571,8e00a933-eb0f-4d8e-9a0a-1d5b47ae95ed,zoox_robotaxi_2024,inspect,,2026-08-21T08:32:37.471399Z,,twin
22222222-2222-2222-2222-222222222222,b9e37717-cafb-4e36-a124-a77f667101fc,32a91a14-aac6-4c58-924e-e61a6766978b,waymo_jaguar_ipace_2024,inspect,,2026-08-21T08:34:15.878702Z,,twin
22222222-2222-2222-2222-222222222222,1cc14b7f-d2b3-477e-b069-079ca9f62571,5dfd9db9-4262-4a7f-8f7e-055ce7a5e426,tesla_model_y_robotaxi_2024,inspect,,2026-08-21T08:34:15.878702Z,,twin
22222222-2222-2222-2222-222222222222,b228e63a-90a4-45a9-bc17-1171e72e3bea,32b62034-d7c6-4dbd-b9a4-78e708ec4c1c,waymo_jaguar_ipace_2024,inspect,,2026-08-21T08:34:15.878702Z,,twin
22222222-2222-2222-2222-222222222222,9e073bef-0b54-4868-931a-8d491e658f1f,4cd2b777-e994-41b3-8542-fdf0f5d88189,waymo_jaguar_ipace_2024,inspect,,2026-08-21T08:34:15.878702Z,,twin
22222222-2222-2222-2222-222222222222,d146b0d3-034b-445f-8630-5e82d4e71fb0,3e88b963-abb9-415c-9637-fa8002b0074d,waymo_jaguar_ipace_2024,inspect,,2026-08-21T08:34:15.878702Z,,twin
22222222-2222-2222-2222-222222222222,164ff30d-4523-484a-a864-a49d01676e20,0bfd4d59-44f9-4a57-8c06-51bc00a2a6b9,tesla_model_y_robotaxi_2024,inspect,,2026-08-21T08:34:15.878702Z,,twin
22222222-2222-2222-2222-222222222222,21b60831-523f-4182-9223-072091eea2b2,5b8524d6-260b-448c-a9ae-9e18e9cada45,waymo_jaguar_ipace_2024,inspect,,2026-08-21T08:34:15.878702Z,,twin
22222222-2222-2222-2222-222222222222,6d4318c0-3d29-456b-ad33-6e24ff620e49,27be18c4-bd2e-44ac-9eb5-1d1edc2809b7,zoox_robotaxi_2024,inspect,,2026-08-21T08:34:15.878702Z,,twin
22222222-2222-2222-2222-222222222222,909457af-b93e-491e-a793-e2ed7f8936c6,3fc2148f-fe15-42b9-8e9a-619351c746e4,waymo_jaguar_ipace_2024,inspect,,2026-08-21T08:34:15.878702Z,,twin
22222222-2222-2222-2222-222222222222,6865247b-0ca1-4f06-bee1-9a2a7e9df40e,6860a969-bb88-416f-a3bf-545884f04aa8,waymo_jaguar_ipace_2024,inspect,,2026-08-21T08:34:15.878702Z,,twin
22222222-2222-2222-2222-222222222222,2e308e1f-ab85-4203-9684-5b96bdc38eec,19ec1471-8525-4d88-801f-4cfee46f5ded,zoox_robotaxi_2024,inspect,,2026-08-21T08:34:15.878702Z,,twin
22222222-2222-2222-2222-222222222222,,19ec1471-8525-4d88-801f-4cfee46f5ded,zoox_robotaxi_2024,generic_service,2026-08-21T08:34:15.878702Z,2026-08-21T09:07:59.236916Z,,twin
22222222-2222-2222-2222-222222222222,1475970b-9008-4929-825f-78e066ab6722,53e3dc12-2d7e-4d7b-8dbf-79a5eeef13ce,tesla_model_y_robotaxi_2024,inspect,,2026-08-21T08:34:15.878702Z,,twin
22222222-2222-2222-2222-222222222222,94358f10-7755-46ce-a351-eb4f7ba1aee9,55a6bddc-f019-4989-a335-81cbde15b44e,zoox_robotaxi_2024,inspect,,2026-08-21T08:34:15.878702Z,,twin
22222222-2222-2222-2222-222222222222,,4f558f2c-7f46-4c12-8a13-351371d828b6,waymo_jaguar_ipace_2024,inspect,2026-08-21T08:37:26.979248Z,2026-08-21T08:40:26.979248Z,,twin
22222222-2222-2222-2222-222222222222,b228e63a-90a4-45a9-bc17-1171e72e3bea,0d13e7d4-4707-44be-a233-8a3e849a23c5,waymo_jaguar_ipace_2024,inspect,,2026-08-21T08:40:26.979248Z,,twin
22222222-2222-2222-2222-222222222222,2e308e1f-ab85-4203-9684-5b96bdc38eec,053b8abd-e2b6-4b19-9bfc-314430947773,waymo_jaguar_ipace_2024,inspect,,2026-08-21T08:40:26.979248Z,,twin
22222222-2222-2222-2222-222222222222,9e073bef-0b54-4868-931a-8d491e658f1f,1973c5a4-5670-46fa-bbe2-5f6a3a1d0c6a,zoox_robotaxi_2024,inspect,,2026-08-21T08:42:23.463724Z,,twin
22222222-2222-2222-2222-222222222222,b228e63a-90a4-45a9-bc17-1171e72e3bea,02734f04-7f30-40eb-beb2-36e5d401c697,zoox_robotaxi_2024,inspect,,2026-08-21T08:42:23.463724Z,,twin
22222222-2222-2222-2222-222222222222,94358f10-7755-46ce-a351-eb4f7ba1aee9,19b9bcf6-0586-4238-b70e-9ce1d490efe9,zoox_robotaxi_2024,inspect,,2026-08-21T08:42:23.463724Z,,twin
22222222-2222-2222-2222-222222222222,2e308e1f-ab85-4203-9684-5b96bdc38eec,053b8abd-e2b6-4b19-9bfc-314430947773,waymo_jaguar_ipace_2024,inspect,2026-08-21T09:01:15.878702Z,2026-08-21T09:04:15.878702Z,,twin
22222222-2222-2222-2222-222222222222,909457af-b93e-491e-a793-e2ed7f8936c6,78ee0dfd-ba9e-430c-b753-2c589c9183f2,zoox_robotaxi_2024,inspect,,2026-08-21T09:02:37.471399Z,,twin
22222222-2222-2222-2222-222222222222,2e308e1f-ab85-4203-9684-5b96bdc38eec,0bfd4d59-44f9-4a57-8c06-51bc00a2a6b9,tesla_model_y_robotaxi_2024,inspect,,2026-08-21T09:02:37.471399Z,,twin
22222222-2222-2222-2222-222222222222,,0bfd4d59-44f9-4a57-8c06-51bc00a2a6b9,tesla_model_y_robotaxi_2024,generic_service,2026-08-21T09:02:37.471399Z,2026-08-21T09:53:07.027879Z,,twin
22222222-2222-2222-2222-222222222222,b228e63a-90a4-45a9-bc17-1171e72e3bea,6e5c4806-1191-4b8b-b750-d38231213a1b,tesla_model_y_robotaxi_2024,inspect,,2026-08-21T09:02:37.471399Z,,twin
22222222-2222-2222-2222-222222222222,1475970b-9008-4929-825f-78e066ab6722,8d4890b5-dd19-4bf9-b7be-3ef918ff1653,waymo_jaguar_ipace_2024,inspect,,2026-08-21T09:02:37.471399Z,,twin
22222222-2222-2222-2222-222222222222,9e073bef-0b54-4868-931a-8d491e658f1f,838200a0-b464-4eb0-9cab-faaee1f80b5a,zoox_robotaxi_2024,inspect,,2026-08-21T09:02:37.471399Z,,twin
22222222-2222-2222-2222-222222222222,b9e37717-cafb-4e36-a124-a77f667101fc,6bff9287-c9b9-49e3-a94f-36b3543a8b9c,zoox_robotaxi_2024,inspect,,2026-08-21T09:02:37.471399Z,,twin
22222222-2222-2222-2222-222222222222,94358f10-7755-46ce-a351-eb4f7ba1aee9,8e00a933-eb0f-4d8e-9a0a-1d5b47ae95ed,zoox_robotaxi_2024,inspect,,2026-08-21T09:02:37.471399Z,,twin
22222222-2222-2222-2222-222222222222,1cc14b7f-d2b3-477e-b069-079ca9f62571,983002e6-790f-4e92-9722-b034571c7f47,waymo_jaguar_ipace_2024,inspect,,2026-08-21T09:02:37.471399Z,,twin
22222222-2222-2222-2222-222222222222,1475970b-9008-4929-825f-78e066ab6722,8e00a933-eb0f-4d8e-9a0a-1d5b47ae95ed,zoox_robotaxi_2024,inspect,,2026-08-21T09:04:15.878702Z,,twin
22222222-2222-2222-2222-222222222222,d146b0d3-034b-445f-8630-5e82d4e71fb0,87b6dc31-cb87-4327-83d5-7ac9ffdf4988,zoox_robotaxi_2024,inspect,,2026-08-21T09:04:15.878702Z,,twin
22222222-2222-2222-2222-222222222222,2e308e1f-ab85-4203-9684-5b96bdc38eec,55a6bddc-f019-4989-a335-81cbde15b44e,zoox_robotaxi_2024,inspect,,2026-08-21T09:04:15.878702Z,,twin
22222222-2222-2222-2222-222222222222,6865247b-0ca1-4f06-bee1-9a2a7e9df40e,9ec6cbc8-535e-4984-8fe2-1ac46abb9e00,waymo_jaguar_ipace_2024,inspect,,2026-08-21T09:04:15.878702Z,,twin
22222222-2222-2222-2222-222222222222,b228e63a-90a4-45a9-bc17-1171e72e3bea,838200a0-b464-4eb0-9cab-faaee1f80b5a,zoox_robotaxi_2024,inspect,,2026-08-21T09:04:15.878702Z,,twin
22222222-2222-2222-2222-222222222222,9e073bef-0b54-4868-931a-8d491e658f1f,8d4890b5-dd19-4bf9-b7be-3ef918ff1653,waymo_jaguar_ipace_2024,inspect,,2026-08-21T09:04:15.878702Z,,twin
22222222-2222-2222-2222-222222222222,94358f10-7755-46ce-a351-eb4f7ba1aee9,9240c4c6-422b-4ac5-b65d-321faac569ce,waymo_jaguar_ipace_2024,inspect,,2026-08-21T09:04:15.878702Z,,twin
22222222-2222-2222-2222-222222222222,b9e37717-cafb-4e36-a124-a77f667101fc,78ee0dfd-ba9e-430c-b753-2c589c9183f2,zoox_robotaxi_2024,inspect,,2026-08-21T09:04:15.878702Z,,twin
22222222-2222-2222-2222-222222222222,909457af-b93e-491e-a793-e2ed7f8936c6,890bef23-55ab-4001-aceb-538b3633cc73,zoox_robotaxi_2024,inspect,,2026-08-21T09:04:15.878702Z,,twin
22222222-2222-2222-2222-222222222222,21b60831-523f-4182-9223-072091eea2b2,983002e6-790f-4e92-9722-b034571c7f47,waymo_jaguar_ipace_2024,inspect,,2026-08-21T09:04:15.878702Z,,twin
22222222-2222-2222-2222-222222222222,,27be18c4-bd2e-44ac-9eb5-1d1edc2809b7,zoox_robotaxi_2024,generic_service,2026-08-21T09:04:15.878702Z,2026-08-21T09:49:50.517740Z,,twin
22222222-2222-2222-2222-222222222222,6d4318c0-3d29-456b-ad33-6e24ff620e49,6bff9287-c9b9-49e3-a94f-36b3543a8b9c,zoox_robotaxi_2024,inspect,,2026-08-21T09:04:15.878702Z,,twin
22222222-2222-2222-2222-222222222222,1cc14b7f-d2b3-477e-b069-079ca9f62571,9e9193b9-e6e9-4f2a-8eaf-bc5dfceec4a2,zoox_robotaxi_2024,inspect,,2026-08-21T09:04:15.878702Z,,twin
22222222-2222-2222-2222-222222222222,9e073bef-0b54-4868-931a-8d491e658f1f,9ec6cbc8-535e-4984-8fe2-1ac46abb9e00,waymo_jaguar_ipace_2024,inspect,,2026-08-21T09:32:37.471399Z,,twin
22222222-2222-2222-2222-222222222222,2e308e1f-ab85-4203-9684-5b96bdc38eec,48ad6e64-7e84-4de3-8c0c-9d3abfaadb8d,waymo_jaguar_ipace_2024,inspect,,2026-08-21T09:32:37.471399Z,,twin
22222222-2222-2222-2222-222222222222,6d4318c0-3d29-456b-ad33-6e24ff620e49,78ee0dfd-ba9e-430c-b753-2c589c9183f2,zoox_robotaxi_2024,inspect,,2026-08-21T09:32:37.471399Z,,twin
22222222-2222-2222-2222-222222222222,b228e63a-90a4-45a9-bc17-1171e72e3bea,983002e6-790f-4e92-9722-b034571c7f47,waymo_jaguar_ipace_2024,inspect,,2026-08-21T09:32:37.471399Z,,twin
22222222-2222-2222-2222-222222222222,164ff30d-4523-484a-a864-a49d01676e20,053b8abd-e2b6-4b19-9bfc-314430947773,waymo_jaguar_ipace_2024,inspect,,2026-08-21T09:32:37.471399Z,,twin
22222222-2222-2222-2222-222222222222,b9e37717-cafb-4e36-a124-a77f667101fc,87b6dc31-cb87-4327-83d5-7ac9ffdf4988,zoox_robotaxi_2024,inspect,,2026-08-21T09:32:37.471399Z,,twin
22222222-2222-2222-2222-222222222222,909457af-b93e-491e-a793-e2ed7f8936c6,9e9193b9-e6e9-4f2a-8eaf-bc5dfceec4a2,zoox_robotaxi_2024,inspect,,2026-08-21T09:32:37.471399Z,,twin
22222222-2222-2222-2222-222222222222,1475970b-9008-4929-825f-78e066ab6722,acba173d-89ed-4221-a7f7-52ae57693c67,tesla_model_y_robotaxi_2024,inspect,,2026-08-21T09:32:37.471399Z,,twin
22222222-2222-2222-2222-222222222222,94358f10-7755-46ce-a351-eb4f7ba1aee9,ad5abf3e-30c0-461f-b268-471bbe24986b,zoox_robotaxi_2024,inspect,,2026-08-21T09:32:37.471399Z,,twin
22222222-2222-2222-2222-222222222222,1cc14b7f-d2b3-477e-b069-079ca9f62571,ba70312c-6d2b-4c96-92a9-86c31ca2ca63,tesla_model_y_robotaxi_2024,inspect,,2026-08-21T09:32:37.471399Z,,twin
22222222-2222-2222-2222-222222222222,,02734f04-7f30-40eb-beb2-36e5d401c697,zoox_robotaxi_2024,generic_service,2026-08-21T09:32:37.471399Z,2026-08-21T10:11:33.343780Z,,twin
22222222-2222-2222-2222-222222222222,1cc14b7f-d2b3-477e-b069-079ca9f62571,9e9193b9-e6e9-4f2a-8eaf-bc5dfceec4a2,zoox_robotaxi_2024,inspect,,2026-08-21T09:34:15.878702Z,,twin
22222222-2222-2222-2222-222222222222,,02734f04-7f30-40eb-beb2-36e5d401c697,zoox_robotaxi_2024,generic_service,2026-08-21T09:34:15.878702Z,2026-08-21T10:13:11.751083Z,,twin
22222222-2222-2222-2222-222222222222,909457af-b93e-491e-a793-e2ed7f8936c6,87b6dc31-cb87-4327-83d5-7ac9ffdf4988,zoox_robotaxi_2024,inspect,,2026-08-21T09:34:15.878702Z,,twin
22222222-2222-2222-2222-222222222222,164ff30d-4523-484a-a864-a49d01676e20,03812c6f-407b-4782-858f-c15cdbaf8de7,waymo_jaguar_ipace_2024,inspect,,2026-08-21T09:34:15.878702Z,,twin
22222222-2222-2222-2222-222222222222,b228e63a-90a4-45a9-bc17-1171e72e3bea,78ee0dfd-ba9e-430c-b753-2c589c9183f2,zoox_robotaxi_2024,inspect,,2026-08-21T09:34:15.878702Z,,twin
22222222-2222-2222-2222-222222222222,1475970b-9008-4929-825f-78e066ab6722,8d4890b5-dd19-4bf9-b7be-3ef918ff1653,waymo_jaguar_ipace_2024,inspect,,2026-08-21T09:34:15.878702Z,,twin
22222222-2222-2222-2222-222222222222,b9e37717-cafb-4e36-a124-a77f667101fc,6bff9287-c9b9-49e3-a94f-36b3543a8b9c,zoox_robotaxi_2024,inspect,,2026-08-21T09:34:15.878702Z,,twin
22222222-2222-2222-2222-222222222222,6d4318c0-3d29-456b-ad33-6e24ff620e49,0bfd4d59-44f9-4a57-8c06-51bc00a2a6b9,tesla_model_y_robotaxi_2024,inspect,,2026-08-21T09:34:15.878702Z,,twin
22222222-2222-2222-2222-222222222222,94358f10-7755-46ce-a351-eb4f7ba1aee9,8e00a933-eb0f-4d8e-9a0a-1d5b47ae95ed,zoox_robotaxi_2024,inspect,,2026-08-21T09:34:15.878702Z,,twin
22222222-2222-2222-2222-222222222222,9e073bef-0b54-4868-931a-8d491e658f1f,890bef23-55ab-4001-aceb-538b3633cc73,zoox_robotaxi_2024,inspect,,2026-08-21T09:34:15.878702Z,,twin
22222222-2222-2222-2222-222222222222,6865247b-0ca1-4f06-bee1-9a2a7e9df40e,ad5abf3e-30c0-461f-b268-471bbe24986b,zoox_robotaxi_2024,inspect,,2026-08-21T09:34:15.878702Z,,twin
22222222-2222-2222-2222-222222222222,21b60831-523f-4182-9223-072091eea2b2,983002e6-790f-4e92-9722-b034571c7f47,waymo_jaguar_ipace_2024,inspect,,2026-08-21T09:34:15.878702Z,,twin
22222222-2222-2222-2222-222222222222,d146b0d3-034b-445f-8630-5e82d4e71fb0,838200a0-b464-4eb0-9cab-faaee1f80b5a,zoox_robotaxi_2024,inspect,,2026-08-21T09:34:15.878702Z,,twin
22222222-2222-2222-2222-222222222222,2e308e1f-ab85-4203-9684-5b96bdc38eec,03812c6f-407b-4782-858f-c15cdbaf8de7,waymo_jaguar_ipace_2024,inspect,2026-08-21T09:59:37.471399Z,2026-08-21T10:02:37.471399Z,,twin
22222222-2222-2222-2222-222222222222,164ff30d-4523-484a-a864-a49d01676e20,02734f04-7f30-40eb-beb2-36e5d401c697,zoox_robotaxi_2024,inspect,,2026-08-21T10:02:37.471399Z,,twin
22222222-2222-2222-2222-222222222222,b9e37717-cafb-4e36-a124-a77f667101fc,ad5abf3e-30c0-461f-b268-471bbe24986b,zoox_robotaxi_2024,inspect,,2026-08-21T10:02:37.471399Z,,twin
22222222-2222-2222-2222-222222222222,94358f10-7755-46ce-a351-eb4f7ba1aee9,c97a907b-eb50-49d4-81d2-ed38c1ab2616,zoox_robotaxi_2024,inspect,,2026-08-21T10:02:37.471399Z,,twin
22222222-2222-2222-2222-222222222222,b228e63a-90a4-45a9-bc17-1171e72e3bea,bfc95659-513d-4d55-b665-525b9e9e14e5,waymo_jaguar_ipace_2024,inspect,,2026-08-21T10:02:37.471399Z,,twin
22222222-2222-2222-2222-222222222222,6d4318c0-3d29-456b-ad33-6e24ff620e49,9e9193b9-e6e9-4f2a-8eaf-bc5dfceec4a2,zoox_robotaxi_2024,inspect,,2026-08-21T10:02:37.471399Z,,twin
22222222-2222-2222-2222-222222222222,909457af-b93e-491e-a793-e2ed7f8936c6,c1b40f85-c4e3-40c7-afba-d1aec9ed876b,waymo_jaguar_ipace_2024,inspect,,2026-08-21T10:02:37.471399Z,,twin
22222222-2222-2222-2222-222222222222,9e073bef-0b54-4868-931a-8d491e658f1f,c5a58859-4282-42de-b596-0a4f433e05f1,tesla_model_y_robotaxi_2024,inspect,,2026-08-21T10:02:37.471399Z,,twin
22222222-2222-2222-2222-222222222222,1475970b-9008-4929-825f-78e066ab6722,c867df46-fe1c-420c-89cd-39acad72790e,zoox_robotaxi_2024,inspect,,2026-08-21T10:02:37.471399Z,,twin
22222222-2222-2222-2222-222222222222,01ac5105-b808-4863-8e01-e534717479f1,2879307e-1fde-41ca-9309-d0aa11357436,waymo_jaguar_ipace_2024,wash,2026-08-21T10:02:37.471399Z,2026-08-21T10:13:09.485341Z,,twin
22222222-2222-2222-2222-222222222222,2e308e1f-ab85-4203-9684-5b96bdc38eec,87b6dc31-cb87-4327-83d5-7ac9ffdf4988,zoox_robotaxi_2024,inspect,,2026-08-21T10:02:37.471399Z,,twin
22222222-2222-2222-2222-222222222222,1cc14b7f-d2b3-477e-b069-079ca9f62571,e91eda35-7043-4ba9-8a16-972b2cc07e39,zoox_robotaxi_2024,inspect,,2026-08-21T10:02:37.471399Z,,twin
22222222-2222-2222-2222-222222222222,6d4318c0-3d29-456b-ad33-6e24ff620e49,bfc95659-513d-4d55-b665-525b9e9e14e5,waymo_jaguar_ipace_2024,inspect,,2026-08-21T10:04:15.878702Z,,twin
22222222-2222-2222-2222-222222222222,b228e63a-90a4-45a9-bc17-1171e72e3bea,c867df46-fe1c-420c-89cd-39acad72790e,zoox_robotaxi_2024,inspect,,2026-08-21T10:04:15.878702Z,,twin
22222222-2222-2222-2222-222222222222,164ff30d-4523-484a-a864-a49d01676e20,053b8abd-e2b6-4b19-9bfc-314430947773,waymo_jaguar_ipace_2024,inspect,,2026-08-21T10:04:15.878702Z,,twin
22222222-2222-2222-2222-222222222222,b9e37717-cafb-4e36-a124-a77f667101fc,c1b40f85-c4e3-40c7-afba-d1aec9ed876b,waymo_jaguar_ipace_2024,inspect,,2026-08-21T10:04:15.878702Z,,twin
22222222-2222-2222-2222-222222222222,2e308e1f-ab85-4203-9684-5b96bdc38eec,ad5abf3e-30c0-461f-b268-471bbe24986b,zoox_robotaxi_2024,inspect,,2026-08-21T10:04:15.878702Z,,twin
22222222-2222-2222-2222-222222222222,d146b0d3-034b-445f-8630-5e82d4e71fb0,c97a907b-eb50-49d4-81d2-ed38c1ab2616,zoox_robotaxi_2024,inspect,,2026-08-21T10:04:15.878702Z,,twin
22222222-2222-2222-2222-222222222222,9e073bef-0b54-4868-931a-8d491e658f1f,f366ac68-5b23-49e7-8d02-0ade68526c5e,zoox_robotaxi_2024,inspect,,2026-08-21T10:04:15.878702Z,,twin
22222222-2222-2222-2222-222222222222,909457af-b93e-491e-a793-e2ed7f8936c6,e91eda35-7043-4ba9-8a16-972b2cc07e39,zoox_robotaxi_2024,inspect,,2026-08-21T10:04:15.878702Z,,twin
22222222-2222-2222-2222-222222222222,,618e0836-b6e1-459d-9955-38857bf1cbff,waymo_jaguar_ipace_2024,software_update,2026-08-21T10:04:15.878702Z,2026-08-21T10:20:15.878702Z,,twin
22222222-2222-2222-2222-222222222222,01ac5105-b808-4863-8e01-e534717479f1,2879307e-1fde-41ca-9309-d0aa11357436,waymo_jaguar_ipace_2024,wash,2026-08-21T10:04:15.878702Z,2026-08-21T10:14:47.892644Z,,twin
22222222-2222-2222-2222-222222222222,b9e37717-cafb-4e36-a124-a77f667101fc,c1b40f85-c4e3-40c7-afba-d1aec9ed876b,waymo_jaguar_ipace_2024,inspect,,2026-08-21T10:32:37.471399Z,,twin
22222222-2222-2222-2222-222222222222,6d4318c0-3d29-456b-ad33-6e24ff620e49,bfc95659-513d-4d55-b665-525b9e9e14e5,waymo_jaguar_ipace_2024,inspect,,2026-08-21T10:32:37.471399Z,,twin
22222222-2222-2222-2222-222222222222,b228e63a-90a4-45a9-bc17-1171e72e3bea,c97a907b-eb50-49d4-81d2-ed38c1ab2616,zoox_robotaxi_2024,inspect,,2026-08-21T10:32:37.471399Z,,twin
22222222-2222-2222-2222-222222222222,909457af-b93e-491e-a793-e2ed7f8936c6,e91eda35-7043-4ba9-8a16-972b2cc07e39,zoox_robotaxi_2024,inspect,,2026-08-21T10:32:37.471399Z,,twin
22222222-2222-2222-2222-222222222222,9e073bef-0b54-4868-931a-8d491e658f1f,f2cc320b-7543-47cf-a66d-37acee233f1b,tesla_model_y_robotaxi_2024,inspect,,2026-08-21T10:32:37.471399Z,,twin
22222222-2222-2222-2222-222222222222,1475970b-9008-4929-825f-78e066ab6722,f366ac68-5b23-49e7-8d02-0ade68526c5e,zoox_robotaxi_2024,inspect,,2026-08-21T10:32:37.471399Z,,twin
22222222-2222-2222-2222-222222222222,164ff30d-4523-484a-a864-a49d01676e20,c1b40f85-c4e3-40c7-afba-d1aec9ed876b,waymo_jaguar_ipace_2024,inspect,,2026-08-21T10:34:15.878702Z,,twin
22222222-2222-2222-2222-222222222222,2e308e1f-ab85-4203-9684-5b96bdc38eec,c97a907b-eb50-49d4-81d2-ed38c1ab2616,zoox_robotaxi_2024,inspect,,2026-08-21T10:34:15.878702Z,,twin
22222222-2222-2222-2222-222222222222,b9e37717-cafb-4e36-a124-a77f667101fc,e91eda35-7043-4ba9-8a16-972b2cc07e39,zoox_robotaxi_2024,inspect,,2026-08-21T10:34:15.878702Z,,twin
22222222-2222-2222-2222-222222222222,b228e63a-90a4-45a9-bc17-1171e72e3bea,f366ac68-5b23-49e7-8d02-0ade68526c5e,zoox_robotaxi_2024,inspect,,2026-08-21T10:34:15.878702Z,,twin
22222222-2222-2222-2222-222222222222,6d4318c0-3d29-456b-ad33-6e24ff620e49,c98ef465-ea69-4da9-a0a8-55a9842b570b,zoox_robotaxi_2024,inspect,,2026-08-21T10:34:15.878702Z,,twin
22222222-2222-2222-2222-222222222222,,7026f086-5ec4-485c-ae41-87bee8f181f1,waymo_jaguar_ipace_2024,remote_diagnostics,2026-08-23T02:00:00Z,2026-08-23T02:05:00Z,,twin
22222222-2222-2222-2222-222222222222,,c1b40f85-c4e3-40c7-afba-d1aec9ed876b,waymo_jaguar_ipace_2024,interior_tidy,2026-08-23T02:30:00Z,2026-08-23T02:35:00Z,,twin
22222222-2222-2222-2222-222222222222,736962b1-f58c-4165-9657-89dfea75616d,7026f086-5ec4-485c-ae41-87bee8f181f1,waymo_jaguar_ipace_2024,charge_dcfc,2026-08-23T02:30:00Z,2026-08-23T05:00:00Z,,twin
22222222-2222-2222-2222-222222222222,,c1b40f85-c4e3-40c7-afba-d1aec9ed876b,waymo_jaguar_ipace_2024,remote_diagnostics,2026-08-23T02:30:00Z,2026-08-23T02:35:00Z,,twin
22222222-2222-2222-2222-222222222222,,cef7d122-6498-4555-8eba-8a6d51644d74,tesla_model_y_robotaxi_2024,remote_diagnostics,2026-08-23T02:30:00Z,2026-08-23T02:35:00Z,,twin
22222222-2222-2222-2222-222222222222,,e7c0498e-4f61-474f-8934-8864c090cefd,waymo_jaguar_ipace_2024,interior_tidy,2026-08-23T02:30:00Z,2026-08-23T02:34:00Z,,twin
22222222-2222-2222-2222-222222222222,,983002e6-790f-4e92-9722-b034571c7f47,waymo_jaguar_ipace_2024,sensor_clean,2026-08-23T03:00:00Z,2026-08-23T03:05:00Z,,twin
22222222-2222-2222-2222-222222222222,73613486-152b-4229-bb10-8546a912c416,9ec6cbc8-535e-4984-8fe2-1ac46abb9e00,waymo_jaguar_ipace_2024,charge_dcfc,2026-08-23T03:00:00Z,2026-08-23T05:30:00Z,,twin
22222222-2222-2222-2222-222222222222,45014fff-d85b-4949-aa6c-3026179489fb,a6e9c009-82e7-4c32-b9be-d3feaad294ca,waymo_jaguar_ipace_2024,charge_dcfc,2026-08-23T03:00:00Z,2026-08-23T05:30:00Z,,twin
22222222-2222-2222-2222-222222222222,,f1776816-85e4-4ed0-8890-fe115c1c9f73,waymo_jaguar_ipace_2024,interior_tidy,2026-08-23T03:00:00Z,2026-08-23T03:00:00Z,,twin
22222222-2222-2222-2222-222222222222,4dae9406-659d-43c2-8214-235b33927887,99860ea8-ecf6-4bb7-8a59-52db6e90e8d9,waymo_jaguar_ipace_2024,charge_dcfc,2026-08-23T03:00:00Z,2026-08-23T06:30:00Z,,twin
22222222-2222-2222-2222-222222222222,,c8663fd7-b423-4398-9a18-a2ba5310feb7,tesla_model_y_robotaxi_2024,sensor_clean,2026-08-23T03:00:00Z,2026-08-23T03:05:00Z,,twin
22222222-2222-2222-2222-222222222222,,c98ef465-ea69-4da9-a0a8-55a9842b570b,zoox_robotaxi_2024,interior_tidy,2026-08-23T03:00:00Z,2026-08-23T03:04:00Z,,twin
22222222-2222-2222-2222-222222222222,c7bdcf59-9b04-496b-a15d-878b647a169e,a5af28d4-d135-4617-a379-d20cf703d54d,tesla_model_y_robotaxi_2024,charge_dcfc,2026-08-23T03:00:00Z,2026-08-23T03:30:00Z,,twin
22222222-2222-2222-2222-222222222222,4ad671cb-0458-400a-83e9-cdc7b08dc3a1,acba173d-89ed-4221-a7f7-52ae57693c67,tesla_model_y_robotaxi_2024,charge_dcfc,2026-08-23T03:00:00Z,2026-08-23T03:30:00Z,,twin
22222222-2222-2222-2222-222222222222,a21eb17c-d3e0-48b5-a239-d3686a90ed6d,bfc95659-513d-4d55-b665-525b9e9e14e5,waymo_jaguar_ipace_2024,charge_l2,2026-08-23T03:00:00Z,2026-08-23T06:00:00Z,,twin
22222222-2222-2222-2222-222222222222,d919a33c-e940-45f0-8d22-ed71859c0fc9,c97a907b-eb50-49d4-81d2-ed38c1ab2616,zoox_robotaxi_2024,charge_l2,2026-08-23T03:00:00Z,2026-08-23T06:30:00Z,,twin
22222222-2222-2222-2222-222222222222,ed83a9d8-cac4-4730-968a-3e82d690e4b8,9926e267-5f69-4b21-b3ab-b4b3239c1b3b,zoox_robotaxi_2024,charge_dcfc,2026-08-23T03:00:00Z,2026-08-23T04:00:00Z,,twin
22222222-2222-2222-2222-222222222222,776aa6c7-455b-45f0-9e08-abfef1fb4664,9e9193b9-e6e9-4f2a-8eaf-bc5dfceec4a2,zoox_robotaxi_2024,charge_dcfc,2026-08-23T03:00:00Z,2026-08-23T04:00:00Z,,twin
22222222-2222-2222-2222-222222222222,0ff0cf1f-e220-4533-af9b-ca9e8fb1e0ba,f366ac68-5b23-49e7-8d02-0ade68526c5e,zoox_robotaxi_2024,charge_l2,2026-08-23T03:00:00Z,2026-08-23T06:30:00Z,,twin
22222222-2222-2222-2222-222222222222,78abfbd8-acd0-45a7-8828-2bc413107ac0,f7940696-0800-49d0-9405-e1bae1f790e5,zoox_robotaxi_2024,charge_l2,2026-08-23T03:00:00Z,2026-08-23T06:00:00Z,,twin
22222222-2222-2222-2222-222222222222,f28cb8d2-ed25-48c6-b1ee-3c27935c3b38,ddf31311-e84f-4ef4-915a-c5ed82ae29ff,waymo_jaguar_ipace_2024,charge_l2,2026-08-23T03:00:00Z,2026-08-23T08:00:00Z,,twin
22222222-2222-2222-2222-222222222222,4ca3cf39-84cb-4071-b42a-5aa33c469e26,f72a1d21-3532-40ca-a69e-8ef5a4be38a0,zoox_robotaxi_2024,charge_l2,2026-08-23T03:00:00Z,2026-08-23T07:00:00Z,,twin
22222222-2222-2222-2222-222222222222,,1c9aff71-a240-4bfe-b55a-d0eaa2ec6116,tesla_model_y_robotaxi_2024,item_retrieval,2026-08-23T03:30:00Z,2026-08-23T03:34:00Z,,twin
22222222-2222-2222-2222-222222222222,,5dfd9db9-4262-4a7f-8f7e-055ce7a5e426,tesla_model_y_robotaxi_2024,item_retrieval,2026-08-23T03:30:00Z,2026-08-23T03:34:00Z,,twin
22222222-2222-2222-2222-222222222222,cc7ae2ac-6bee-4785-86d1-514ffaabe0f7,ad5abf3e-30c0-461f-b268-471bbe24986b,zoox_robotaxi_2024,charge_l2,2026-08-23T03:30:00Z,2026-08-23T04:00:00Z,,twin
22222222-2222-2222-2222-222222222222,4f598f7a-899f-43a2-900e-06e8d7d94962,a5af28d4-d135-4617-a379-d20cf703d54d,tesla_model_y_robotaxi_2024,wash,2026-08-23T03:30:00Z,2026-08-23T03:38:57.971053Z,,twin
22222222-2222-2222-2222-222222222222,4f598f7a-899f-43a2-900e-06e8d7d94962,acba173d-89ed-4221-a7f7-52ae57693c67,tesla_model_y_robotaxi_2024,wash,2026-08-23T03:30:00Z,2026-08-23T03:39:44.842865Z,,twin
22222222-2222-2222-2222-222222222222,4fc1e9ee-b803-4dad-8dae-36e4c338c5ed,c98ef465-ea69-4da9-a0a8-55a9842b570b,zoox_robotaxi_2024,charge_l2,2026-08-23T03:30:00Z,2026-08-23T05:00:00Z,,twin
22222222-2222-2222-2222-222222222222,a1c28ab4-3559-4600-88e0-d5a342f3a866,f1776816-85e4-4ed0-8890-fe115c1c9f73,waymo_jaguar_ipace_2024,charge_l2,2026-08-23T03:30:00Z,2026-08-23T07:30:00Z,,twin
22222222-2222-2222-2222-222222222222,29ad2490-5436-49f9-aae2-0ca17cda9666,c867df46-fe1c-420c-89cd-39acad72790e,zoox_robotaxi_2024,charge_l2,2026-08-23T03:30:00Z,2026-08-23T07:00:00Z,,twin
22222222-2222-2222-2222-222222222222,5f623ba3-0c95-4a8b-99a7-b5b969fff917,c1b40f85-c4e3-40c7-afba-d1aec9ed876b,waymo_jaguar_ipace_2024,charge_l2,2026-08-23T03:30:00Z,2026-08-23T07:00:00Z,,twin
22222222-2222-2222-2222-222222222222,a5199732-2f16-442a-9219-d1302ceb167a,b00dca0e-3209-478b-ad8b-7984d7b16a8c,zoox_robotaxi_2024,charge_l2,2026-08-23T03:30:00Z,2026-08-23T06:00:00Z,,twin
22222222-2222-2222-2222-222222222222,d55efb15-72d9-46e3-86dc-965b39280cdb,b6e8b116-0650-4d3b-b4d7-d78bd454f7e0,tesla_model_y_robotaxi_2024,charge_l2,2026-08-23T03:30:00Z,2026-08-23T06:00:00Z,,twin
22222222-2222-2222-2222-222222222222,8a724be5-134d-42e0-a80e-6db9a64b95ac,c5a58859-4282-42de-b596-0a4f433e05f1,tesla_model_y_robotaxi_2024,charge_l2,2026-08-23T03:30:00Z,2026-08-23T06:00:00Z,,twin
22222222-2222-2222-2222-222222222222,b16776fe-517d-48e3-ba53-e9a5002eb713,e7c0498e-4f61-474f-8934-8864c090cefd,waymo_jaguar_ipace_2024,charge_l2,2026-08-23T03:30:00Z,2026-08-23T06:30:00Z,,twin
22222222-2222-2222-2222-222222222222,32189066-f7a8-44e4-b552-e6316a52c2f0,cef7d122-6498-4555-8eba-8a6d51644d74,tesla_model_y_robotaxi_2024,charge_l2,2026-08-23T03:30:00Z,2026-08-23T06:30:00Z,,twin
22222222-2222-2222-2222-222222222222,01ac5105-b808-4863-8e01-e534717479f1,9926e267-5f69-4b21-b3ab-b4b3239c1b3b,zoox_robotaxi_2024,wash,2026-08-23T04:00:00Z,2026-08-23T04:08:29.737244Z,,twin
22222222-2222-2222-2222-222222222222,,acba173d-89ed-4221-a7f7-52ae57693c67,tesla_model_y_robotaxi_2024,generic_service,2026-08-23T04:00:00Z,2026-08-23T04:34:11.381989Z,,twin
22222222-2222-2222-2222-222222222222,6c785405-8134-4e36-b532-58ba45d73c3d,32b62034-d7c6-4dbd-b9a4-78e708ec4c1c,waymo_jaguar_ipace_2024,charge_l2,2026-08-23T04:00:00Z,2026-08-23T08:00:00Z,,twin
22222222-2222-2222-2222-222222222222,,0b8d2e11-fac3-40f3-883e-1d37cb7e6da5,waymo_jaguar_ipace_2024,remote_diagnostics,2026-08-23T04:00:00Z,2026-08-23T04:05:00Z,,twin
22222222-2222-2222-2222-222222222222,3cd188f3-005b-49b8-ad81-2ef70681ae06,0bfd4d59-44f9-4a57-8c06-51bc00a2a6b9,tesla_model_y_robotaxi_2024,charge_l2,2026-08-23T04:00:00Z,2026-08-23T07:00:00Z,,twin
22222222-2222-2222-2222-222222222222,906cbfff-0c6f-47a6-a9da-7ec9af323221,983002e6-790f-4e92-9722-b034571c7f47,waymo_jaguar_ipace_2024,charge_dcfc,2026-08-23T04:00:00Z,2026-08-23T05:30:00Z,,twin
22222222-2222-2222-2222-222222222222,a75bf1a9-3f2e-4ea0-894f-3aac949c763e,ba70312c-6d2b-4c96-92a9-86c31ca2ca63,tesla_model_y_robotaxi_2024,charge_l2,2026-08-23T04:00:00Z,2026-08-23T07:00:00Z,,twin
22222222-2222-2222-2222-222222222222,,a5af28d4-d135-4617-a379-d20cf703d54d,tesla_model_y_robotaxi_2024,generic_service,2026-08-23T04:00:00Z,2026-08-23T04:33:19.121093Z,,twin
22222222-2222-2222-2222-222222222222,01ac5105-b808-4863-8e01-e534717479f1,9e9193b9-e6e9-4f2a-8eaf-bc5dfceec4a2,zoox_robotaxi_2024,wash,2026-08-23T04:00:00Z,2026-08-23T04:09:55.399877Z,,twin
22222222-2222-2222-2222-222222222222,b228e63a-90a4-45a9-bc17-1171e72e3bea,2be09ec0-e78a-4cd8-9f80-fceeb1c33e71,tesla_model_y_robotaxi_2024,inspect,,2026-08-23T04:30:00Z,,twin
22222222-2222-2222-2222-222222222222,fc5d1dab-13fb-4dab-8cc9-6ac0a335b8f2,ad5abf3e-30c0-461f-b268-471bbe24986b,zoox_robotaxi_2024,charge_dcfc,2026-08-23T04:30:00Z,2026-08-23T06:00:00Z,,twin
22222222-2222-2222-2222-222222222222,12ab85c2-715f-47ef-a680-b0fdd443b215,4ce2666e-66b5-4053-9b4c-c8ad06a46557,tesla_model_y_robotaxi_2024,charge_l2,2026-08-23T04:30:00Z,2026-08-23T08:00:00Z,,twin
22222222-2222-2222-2222-222222222222,3c95bb32-ec34-4c18-b09f-9f98753f533f,1c9aff71-a240-4bfe-b55a-d0eaa2ec6116,tesla_model_y_robotaxi_2024,charge_l2,2026-08-23T04:30:00Z,2026-08-23T08:00:00Z,,twin
22222222-2222-2222-2222-222222222222,,4cd2b777-e994-41b3-8542-fdf0f5d88189,waymo_jaguar_ipace_2024,remote_diagnostics,2026-08-23T04:30:00Z,2026-08-23T04:35:00Z,,twin
22222222-2222-2222-2222-222222222222,21b60831-523f-4182-9223-072091eea2b2,1ea6a5d7-862d-44cc-a387-86cea6bc4fe4,tesla_model_y_robotaxi_2024,inspect,,2026-08-23T04:30:00Z,,twin
22222222-2222-2222-2222-222222222222,94358f10-7755-46ce-a351-eb4f7ba1aee9,0b8d2e11-fac3-40f3-883e-1d37cb7e6da5,waymo_jaguar_ipace_2024,inspect,,2026-08-23T04:30:00Z,,twin
22222222-2222-2222-2222-222222222222,,4992b1fa-fc81-445e-a203-657094d89f18,waymo_jaguar_ipace_2024,interior_tidy,2026-08-23T04:30:00Z,2026-08-23T04:30:00Z,,twin
22222222-2222-2222-2222-222222222222,,14b02ad9-b6f6-4a74-867c-2a6ba9daf8e0,waymo_jaguar_ipace_2024,interior_tidy,2026-08-23T04:30:00Z,2026-08-23T04:34:00Z,,twin
22222222-2222-2222-2222-222222222222,2e308e1f-ab85-4203-9684-5b96bdc38eec,3fc2148f-fe15-42b9-8e9a-619351c746e4,waymo_jaguar_ipace_2024,inspect,,2026-08-23T04:30:00Z,,twin
22222222-2222-2222-2222-222222222222,6865247b-0ca1-4f06-bee1-9a2a7e9df40e,4a35c33f-b875-4cc6-a54d-85060633b711,waymo_jaguar_ipace_2024,inspect,,2026-08-23T05:00:00Z,,twin
22222222-2222-2222-2222-222222222222,6d4318c0-3d29-456b-ad33-6e24ff620e49,6860a969-bb88-416f-a3bf-545884f04aa8,waymo_jaguar_ipace_2024,inspect,,2026-08-23T05:00:00Z,,twin
22222222-2222-2222-2222-222222222222,,00d5597b-d714-470c-b86c-95e8f4f600ce,waymo_jaguar_ipace_2024,interior_tidy,2026-08-23T05:00:00Z,2026-08-23T05:03:00Z,,twin
22222222-2222-2222-2222-222222222222,67daf51e-8956-460c-abf2-ed756e3d4dfb,6e5c4806-1191-4b8b-b750-d38231213a1b,tesla_model_y_robotaxi_2024,charge_l2,2026-08-23T05:00:00Z,2026-08-23T08:00:00Z,,twin
22222222-2222-2222-2222-222222222222,,9926e267-5f69-4b21-b3ab-b4b3239c1b3b,zoox_robotaxi_2024,generic_service,2026-08-23T05:00:00Z,2026-08-23T05:36:34.676696Z,,twin
22222222-2222-2222-2222-222222222222,891e775f-7239-4a0d-aeba-077c2eab0181,3e88b963-abb9-415c-9637-fa8002b0074d,waymo_jaguar_ipace_2024,charge_l2,2026-08-23T05:00:00Z,2026-08-23T06:00:00Z,,twin
22222222-2222-2222-2222-222222222222,,9e9193b9-e6e9-4f2a-8eaf-bc5dfceec4a2,zoox_robotaxi_2024,generic_service,2026-08-23T05:00:00Z,2026-08-23T05:46:00.693297Z,,twin
22222222-2222-2222-2222-222222222222,b228e63a-90a4-45a9-bc17-1171e72e3bea,1ea6a5d7-862d-44cc-a387-86cea6bc4fe4,tesla_model_y_robotaxi_2024,inspect,,2026-08-23T05:00:00Z,,twin
22222222-2222-2222-2222-222222222222,21b60831-523f-4182-9223-072091eea2b2,2be09ec0-e78a-4cd8-9f80-fceeb1c33e71,tesla_model_y_robotaxi_2024,inspect,,2026-08-23T05:00:00Z,,twin
22222222-2222-2222-2222-222222222222,d146b0d3-034b-445f-8630-5e82d4e71fb0,3b6f1eb7-15f4-48e5-956c-9b261b9fcae1,waymo_jaguar_ipace_2024,inspect,,2026-08-23T05:00:00Z,,twin
22222222-2222-2222-2222-222222222222,1cc14b7f-d2b3-477e-b069-079ca9f62571,4732bf55-398f-4430-bc4c-0d14d4b89e2e,waymo_jaguar_ipace_2024,inspect,,2026-08-23T05:00:00Z,,twin
22222222-2222-2222-2222-222222222222,1475970b-9008-4929-825f-78e066ab6722,53e3dc12-2d7e-4d7b-8dbf-79a5eeef13ce,tesla_model_y_robotaxi_2024,inspect,,2026-08-23T05:00:00Z,,twin
22222222-2222-2222-2222-222222222222,,7026f086-5ec4-485c-ae41-87bee8f181f1,waymo_jaguar_ipace_2024,inspect,2026-08-23T05:27:00Z,2026-08-23T05:30:00Z,,twin
22222222-2222-2222-2222-222222222222,1cc14b7f-d2b3-477e-b069-079ca9f62571,3fc2148f-fe15-42b9-8e9a-619351c746e4,waymo_jaguar_ipace_2024,inspect,,2026-08-23T05:30:00Z,,twin
22222222-2222-2222-2222-222222222222,b228e63a-90a4-45a9-bc17-1171e72e3bea,138f4a23-c5c8-4b89-96a0-c72ebb6aee0c,tesla_model_y_robotaxi_2024,inspect,,2026-08-23T05:30:00Z,,twin
22222222-2222-2222-2222-222222222222,21b60831-523f-4182-9223-072091eea2b2,36ff94e5-663b-408d-bebc-3d56508d4996,tesla_model_y_robotaxi_2024,inspect,,2026-08-23T05:30:00Z,,twin
22222222-2222-2222-2222-222222222222,6865247b-0ca1-4f06-bee1-9a2a7e9df40e,464c07e3-3699-4238-90d6-ea1325d0b36c,tesla_model_y_robotaxi_2024,inspect,,2026-08-23T05:30:00Z,,twin
22222222-2222-2222-2222-222222222222,01ac5105-b808-4863-8e01-e534717479f1,9ec6cbc8-535e-4984-8fe2-1ac46abb9e00,waymo_jaguar_ipace_2024,wash,2026-08-23T05:30:00Z,2026-08-23T05:36:32.801952Z,,twin
22222222-2222-2222-2222-222222222222,01ac5105-b808-4863-8e01-e534717479f1,983002e6-790f-4e92-9722-b034571c7f47,waymo_jaguar_ipace_2024,wash,2026-08-23T05:30:00Z,2026-08-23T05:37:20.695097Z,,twin
22222222-2222-2222-2222-222222222222,,f366ac68-5b23-49e7-8d02-0ade68526c5e,zoox_robotaxi_2024,interior_tidy,2026-08-23T05:30:00Z,2026-08-23T05:35:00Z,,twin
22222222-2222-2222-2222-222222222222,,c97a907b-eb50-49d4-81d2-ed38c1ab2616,zoox_robotaxi_2024,sensor_clean,2026-08-23T05:30:00Z,2026-08-23T05:35:00Z,,twin
22222222-2222-2222-2222-222222222222,,bfc95659-513d-4d55-b665-525b9e9e14e5,waymo_jaguar_ipace_2024,item_retrieval,2026-08-23T05:30:00Z,2026-08-23T05:34:00Z,,twin
22222222-2222-2222-2222-222222222222,1475970b-9008-4929-825f-78e066ab6722,2879307e-1fde-41ca-9309-d0aa11357436,waymo_jaguar_ipace_2024,inspect,,2026-08-23T05:30:00Z,,twin
22222222-2222-2222-2222-222222222222,b9e37717-cafb-4e36-a124-a77f667101fc,0d13e7d4-4707-44be-a233-8a3e849a23c5,waymo_jaguar_ipace_2024,inspect,,2026-08-23T05:30:00Z,,twin
22222222-2222-2222-2222-222222222222,2e308e1f-ab85-4203-9684-5b96bdc38eec,053b8abd-e2b6-4b19-9bfc-314430947773,waymo_jaguar_ipace_2024,inspect,,2026-08-23T05:30:00Z,,twin
22222222-2222-2222-2222-222222222222,94358f10-7755-46ce-a351-eb4f7ba1aee9,5b8524d6-260b-448c-a9ae-9e18e9cada45,waymo_jaguar_ipace_2024,inspect,,2026-08-23T06:00:00Z,,twin
22222222-2222-2222-2222-222222222222,1475970b-9008-4929-825f-78e066ab6722,4cd2b777-e994-41b3-8542-fdf0f5d88189,waymo_jaguar_ipace_2024,inspect,,2026-08-23T06:00:00Z,,twin
22222222-2222-2222-2222-222222222222,4f598f7a-899f-43a2-900e-06e8d7d94962,ad5abf3e-30c0-461f-b268-471bbe24986b,zoox_robotaxi_2024,wash,2026-08-23T06:00:00Z,2026-08-23T06:07:05.564256Z,,twin
22222222-2222-2222-2222-222222222222,1cc14b7f-d2b3-477e-b069-079ca9f62571,618e0836-b6e1-459d-9955-38857bf1cbff,waymo_jaguar_ipace_2024,inspect,,2026-08-23T06:00:00Z,,twin
22222222-2222-2222-2222-222222222222,,2879307e-1fde-41ca-9309-d0aa11357436,waymo_jaguar_ipace_2024,interior_tidy,2026-08-23T06:00:00Z,2026-08-23T06:04:00Z,,twin
22222222-2222-2222-2222-222222222222,6865247b-0ca1-4f06-bee1-9a2a7e9df40e,64710503-d52c-42ae-bddf-53aec572c4d9,waymo_jaguar_ipace_2024,inspect,,2026-08-23T06:00:00Z,,twin
22222222-2222-2222-2222-222222222222,2e308e1f-ab85-4203-9684-5b96bdc38eec,138f4a23-c5c8-4b89-96a0-c72ebb6aee0c,tesla_model_y_robotaxi_2024,inspect,,2026-08-23T06:00:00Z,,twin
22222222-2222-2222-2222-222222222222,c7bdcf59-9b04-496b-a15d-878b647a169e,14b02ad9-b6f6-4a74-867c-2a6ba9daf8e0,waymo_jaguar_ipace_2024,charge_dcfc,2026-08-23T06:00:00Z,2026-08-23T08:00:00Z,,twin
22222222-2222-2222-2222-222222222222,,a5af28d4-d135-4617-a379-d20cf703d54d,tesla_model_y_robotaxi_2024,generic_service,2026-08-23T06:00:00Z,2026-08-23T06:44:36.408071Z,,twin
22222222-2222-2222-2222-222222222222,,acba173d-89ed-4221-a7f7-52ae57693c67,tesla_model_y_robotaxi_2024,generic_service,2026-08-23T06:00:00Z,2026-08-23T06:34:08.865248Z,,twin
22222222-2222-2222-2222-222222222222,01ac5105-b808-4863-8e01-e534717479f1,b6e8b116-0650-4d3b-b4d7-d78bd454f7e0,tesla_model_y_robotaxi_2024,wash,2026-08-23T06:00:00Z,2026-08-23T06:08:00Z,,twin
22222222-2222-2222-2222-222222222222,01ac5105-b808-4863-8e01-e534717479f1,a6e9c009-82e7-4c32-b9be-d3feaad294ca,waymo_jaguar_ipace_2024,wash,2026-08-23T06:00:00Z,2026-08-23T06:11:09.738579Z,,twin
22222222-2222-2222-2222-222222222222,b9e37717-cafb-4e36-a124-a77f667101fc,36ff94e5-663b-408d-bebc-3d56508d4996,tesla_model_y_robotaxi_2024,inspect,,2026-08-23T06:00:00Z,,twin
22222222-2222-2222-2222-222222222222,b228e63a-90a4-45a9-bc17-1171e72e3bea,464c07e3-3699-4238-90d6-ea1325d0b36c,tesla_model_y_robotaxi_2024,inspect,,2026-08-23T06:00:00Z,,twin
22222222-2222-2222-2222-222222222222,ed83a9d8-cac4-4730-968a-3e82d690e4b8,c98ef465-ea69-4da9-a0a8-55a9842b570b,zoox_robotaxi_2024,charge_dcfc,2026-08-23T06:00:00Z,2026-08-23T07:30:00Z,,twin
22222222-2222-2222-2222-222222222222,21b60831-523f-4182-9223-072091eea2b2,5e4b54f6-ba19-4a30-9d26-2a4ed4810d6e,waymo_jaguar_ipace_2024,inspect,,2026-08-23T06:00:00Z,,twin
22222222-2222-2222-2222-222222222222,,b00dca0e-3209-478b-ad8b-7984d7b16a8c,zoox_robotaxi_2024,inspect,2026-08-23T06:27:00Z,2026-08-23T06:30:00Z,,twin
22222222-2222-2222-2222-222222222222,,f7940696-0800-49d0-9405-e1bae1f790e5,zoox_robotaxi_2024,inspect,2026-08-23T06:27:00Z,2026-08-23T06:30:00Z,,twin
22222222-2222-2222-2222-222222222222,909457af-b93e-491e-a793-e2ed7f8936c6,5e4b54f6-ba19-4a30-9d26-2a4ed4810d6e,waymo_jaguar_ipace_2024,inspect,,2026-08-23T06:30:00Z,,twin
22222222-2222-2222-2222-222222222222,164ff30d-4523-484a-a864-a49d01676e20,10b4f941-b257-4571-948d-cc7b72d0fb52,tesla_model_y_robotaxi_2024,inspect,,2026-08-23T06:30:00Z,,twin
22222222-2222-2222-2222-222222222222,b9e37717-cafb-4e36-a124-a77f667101fc,45c66200-75cd-4f06-a41f-6534e1c311aa,zoox_robotaxi_2024,inspect,,2026-08-23T06:30:00Z,,twin
22222222-2222-2222-2222-222222222222,21b60831-523f-4182-9223-072091eea2b2,6bff9287-c9b9-49e3-a94f-36b3543a8b9c,zoox_robotaxi_2024,inspect,,2026-08-23T06:30:00Z,,twin
22222222-2222-2222-2222-222222222222,2e308e1f-ab85-4203-9684-5b96bdc38eec,1973c5a4-5670-46fa-bbe2-5f6a3a1d0c6a,zoox_robotaxi_2024,inspect,,2026-08-23T06:30:00Z,,twin
22222222-2222-2222-2222-222222222222,b228e63a-90a4-45a9-bc17-1171e72e3bea,4cd2b777-e994-41b3-8542-fdf0f5d88189,waymo_jaguar_ipace_2024,inspect,,2026-08-23T06:30:00Z,,twin
22222222-2222-2222-2222-222222222222,1475970b-9008-4929-825f-78e066ab6722,64710503-d52c-42ae-bddf-53aec572c4d9,waymo_jaguar_ipace_2024,inspect,,2026-08-23T06:30:00Z,,twin
22222222-2222-2222-2222-222222222222,94358f10-7755-46ce-a351-eb4f7ba1aee9,695b1879-46d1-4c5b-a76a-a6809490ec65,zoox_robotaxi_2024,inspect,,2026-08-23T06:30:00Z,,twin
22222222-2222-2222-2222-222222222222,6d4318c0-3d29-456b-ad33-6e24ff620e49,1aacf90d-d4e1-415e-ba09-603c306dffef,zoox_robotaxi_2024,inspect,,2026-08-23T06:30:00Z,,twin
22222222-2222-2222-2222-222222222222,9e073bef-0b54-4868-931a-8d491e658f1f,618e0836-b6e1-459d-9955-38857bf1cbff,waymo_jaguar_ipace_2024,inspect,,2026-08-23T06:30:00Z,,twin
22222222-2222-2222-2222-222222222222,d146b0d3-034b-445f-8630-5e82d4e71fb0,5b8524d6-260b-448c-a9ae-9e18e9cada45,waymo_jaguar_ipace_2024,inspect,,2026-08-23T06:30:00Z,,twin
22222222-2222-2222-2222-222222222222,6865247b-0ca1-4f06-bee1-9a2a7e9df40e,890bef23-55ab-4001-aceb-538b3633cc73,zoox_robotaxi_2024,inspect,,2026-08-23T06:30:00Z,,twin
22222222-2222-2222-2222-222222222222,736962b1-f58c-4165-9657-89dfea75616d,970832d1-8185-4eb5-8d10-c1cbe44c9283,waymo_jaguar_ipace_2024,charge_dcfc,2026-08-23T06:30:00Z,2026-08-23T07:00:00Z,,twin
22222222-2222-2222-2222-222222222222,,c5a58859-4282-42de-b596-0a4f433e05f1,tesla_model_y_robotaxi_2024,interior_tidy,2026-08-23T06:30:00Z,2026-08-23T06:30:00Z,,twin
22222222-2222-2222-2222-222222222222,4f598f7a-899f-43a2-900e-06e8d7d94962,bfc95659-513d-4d55-b665-525b9e9e14e5,waymo_jaguar_ipace_2024,wash,2026-08-23T06:30:00Z,2026-08-23T06:41:26.133328Z,,twin
22222222-2222-2222-2222-222222222222,01ac5105-b808-4863-8e01-e534717479f1,c5a58859-4282-42de-b596-0a4f433e05f1,tesla_model_y_robotaxi_2024,wash,2026-08-23T06:30:00Z,2026-08-23T06:40:23.484854Z,,twin
22222222-2222-2222-2222-222222222222,,e7c0498e-4f61-474f-8934-8864c090cefd,waymo_jaguar_ipace_2024,inspect,2026-08-23T06:57:00Z,2026-08-23T07:00:00Z,,twin
22222222-2222-2222-2222-222222222222,,f366ac68-5b23-49e7-8d02-0ade68526c5e,zoox_robotaxi_2024,inspect,2026-08-23T06:57:00Z,2026-08-23T07:00:00Z,,twin
22222222-2222-2222-2222-222222222222,,c97a907b-eb50-49d4-81d2-ed38c1ab2616,zoox_robotaxi_2024,inspect,2026-08-23T06:57:00Z,2026-08-23T07:00:00Z,,twin
22222222-2222-2222-2222-222222222222,9e073bef-0b54-4868-931a-8d491e658f1f,87b6dc31-cb87-4327-83d5-7ac9ffdf4988,zoox_robotaxi_2024,inspect,,2026-08-23T07:00:00Z,,twin
22222222-2222-2222-2222-222222222222,6865247b-0ca1-4f06-bee1-9a2a7e9df40e,90c00fd5-03c2-4a5c-acdd-1fbcb709dfb2,tesla_model_y_robotaxi_2024,inspect,,2026-08-23T07:00:00Z,,twin
22222222-2222-2222-2222-222222222222,1475970b-9008-4929-825f-78e066ab6722,890bef23-55ab-4001-aceb-538b3633cc73,zoox_robotaxi_2024,inspect,,2026-08-23T07:00:00Z,,twin
22222222-2222-2222-2222-222222222222,909457af-b93e-491e-a793-e2ed7f8936c6,6bff9287-c9b9-49e3-a94f-36b3543a8b9c,zoox_robotaxi_2024,inspect,,2026-08-23T07:00:00Z,,twin
22222222-2222-2222-2222-222222222222,,10b4f941-b257-4571-948d-cc7b72d0fb52,tesla_model_y_robotaxi_2024,item_retrieval,2026-08-23T07:00:00Z,2026-08-23T07:04:00Z,,twin
22222222-2222-2222-2222-222222222222,6d4318c0-3d29-456b-ad33-6e24ff620e49,10b4f941-b257-4571-948d-cc7b72d0fb52,tesla_model_y_robotaxi_2024,inspect,,2026-08-23T07:00:00Z,,twin
22222222-2222-2222-2222-222222222222,,524312ab-2416-46fd-aebb-34d785ef7da6,waymo_jaguar_ipace_2024,interior_tidy,2026-08-23T07:00:00Z,2026-08-23T07:04:00Z,,twin
22222222-2222-2222-2222-222222222222,,c8663fd7-b423-4398-9a18-a2ba5310feb7,tesla_model_y_robotaxi_2024,interior_tidy,2026-08-23T07:00:00Z,2026-08-23T07:04:00Z,,twin
22222222-2222-2222-2222-222222222222,,9e9193b9-e6e9-4f2a-8eaf-bc5dfceec4a2,zoox_robotaxi_2024,generic_service,2026-08-23T07:00:00Z,2026-08-23T07:44:44.679350Z,,twin
22222222-2222-2222-2222-222222222222,b9e37717-cafb-4e36-a124-a77f667101fc,1aacf90d-d4e1-415e-ba09-603c306dffef,zoox_robotaxi_2024,inspect,,2026-08-23T07:00:00Z,,twin
22222222-2222-2222-2222-222222222222,d146b0d3-034b-445f-8630-5e82d4e71fb0,55a6bddc-f019-4989-a335-81cbde15b44e,zoox_robotaxi_2024,inspect,,2026-08-23T07:00:00Z,,twin
22222222-2222-2222-2222-222222222222,2e308e1f-ab85-4203-9684-5b96bdc38eec,0b8d2e11-fac3-40f3-883e-1d37cb7e6da5,waymo_jaguar_ipace_2024,inspect,,2026-08-23T07:00:00Z,,twin
22222222-2222-2222-2222-222222222222,a8c45abd-6f8c-42d4-8707-8023d501411a,cef7d122-6498-4555-8eba-8a6d51644d74,tesla_model_y_robotaxi_2024,wash,2026-08-23T07:00:00Z,2026-08-23T07:08:10.241035Z,,twin
22222222-2222-2222-2222-222222222222,,983002e6-790f-4e92-9722-b034571c7f47,waymo_jaguar_ipace_2024,generic_service,2026-08-23T07:00:00Z,2026-08-23T07:31:15.222305Z,,twin
22222222-2222-2222-2222-222222222222,21b60831-523f-4182-9223-072091eea2b2,8e00a933-eb0f-4d8e-9a0a-1d5b47ae95ed,zoox_robotaxi_2024,inspect,,2026-08-23T07:00:00Z,,twin
22222222-2222-2222-2222-222222222222,,cef7d122-6498-4555-8eba-8a6d51644d74,tesla_model_y_robotaxi_2024,interior_tidy,2026-08-23T07:00:00Z,2026-08-23T07:04:00Z,,twin
22222222-2222-2222-2222-222222222222,94358f10-7755-46ce-a351-eb4f7ba1aee9,8d4890b5-dd19-4bf9-b7be-3ef918ff1653,waymo_jaguar_ipace_2024,inspect,,2026-08-23T07:00:00Z,,twin
22222222-2222-2222-2222-222222222222,b228e63a-90a4-45a9-bc17-1171e72e3bea,45c66200-75cd-4f06-a41f-6534e1c311aa,zoox_robotaxi_2024,inspect,,2026-08-23T07:00:00Z,,twin
22222222-2222-2222-2222-222222222222,01ac5105-b808-4863-8e01-e534717479f1,99860ea8-ecf6-4bb7-8a59-52db6e90e8d9,waymo_jaguar_ipace_2024,wash,2026-08-23T07:00:00Z,2026-08-23T07:07:50.793184Z,,twin
22222222-2222-2222-2222-222222222222,164ff30d-4523-484a-a864-a49d01676e20,03812c6f-407b-4782-858f-c15cdbaf8de7,waymo_jaguar_ipace_2024,inspect,,2026-08-23T07:00:00Z,,twin
22222222-2222-2222-2222-222222222222,,c867df46-fe1c-420c-89cd-39acad72790e,zoox_robotaxi_2024,inspect,2026-08-23T07:27:00Z,2026-08-23T07:30:00Z,,twin
22222222-2222-2222-2222-222222222222,,c1b40f85-c4e3-40c7-afba-d1aec9ed876b,waymo_jaguar_ipace_2024,inspect,2026-08-23T07:27:00Z,2026-08-23T07:30:00Z,,twin
22222222-2222-2222-2222-222222222222,,ba70312c-6d2b-4c96-92a9-86c31ca2ca63,tesla_model_y_robotaxi_2024,inspect,2026-08-23T07:27:00Z,2026-08-23T07:30:00Z,,twin
22222222-2222-2222-2222-222222222222,,970832d1-8185-4eb5-8d10-c1cbe44c9283,waymo_jaguar_ipace_2024,inspect,2026-08-23T07:27:00Z,2026-08-23T07:30:00Z,,twin
22222222-2222-2222-2222-222222222222,2e308e1f-ab85-4203-9684-5b96bdc38eec,19ec1471-8525-4d88-801f-4cfee46f5ded,zoox_robotaxi_2024,inspect,,2026-08-23T07:30:00Z,,twin
22222222-2222-2222-2222-222222222222,,3fc2148f-fe15-42b9-8e9a-619351c746e4,waymo_jaguar_ipace_2024,sensor_clean,2026-08-23T07:30:00Z,2026-08-23T07:30:00Z,,twin
22222222-2222-2222-2222-222222222222,6865247b-0ca1-4f06-bee1-9a2a7e9df40e,b6e8b116-0650-4d3b-b4d7-d78bd454f7e0,tesla_model_y_robotaxi_2024,inspect,,2026-08-23T07:30:00Z,,twin
22222222-2222-2222-2222-222222222222,94358f10-7755-46ce-a351-eb4f7ba1aee9,9ec6cbc8-535e-4984-8fe2-1ac46abb9e00,waymo_jaguar_ipace_2024,inspect,,2026-08-23T07:30:00Z,,twin
22222222-2222-2222-2222-222222222222,6d4318c0-3d29-456b-ad33-6e24ff620e49,27be18c4-bd2e-44ac-9eb5-1d1edc2809b7,zoox_robotaxi_2024,inspect,,2026-08-23T07:30:00Z,,twin
22222222-2222-2222-2222-222222222222,21b60831-523f-4182-9223-072091eea2b2,a6e9c009-82e7-4c32-b9be-d3feaad294ca,waymo_jaguar_ipace_2024,inspect,,2026-08-23T07:30:00Z,,twin
22222222-2222-2222-2222-222222222222,1cc14b7f-d2b3-477e-b069-079ca9f62571,b00dca0e-3209-478b-ad8b-7984d7b16a8c,zoox_robotaxi_2024,inspect,,2026-08-23T07:30:00Z,,twin
22222222-2222-2222-2222-222222222222,909457af-b93e-491e-a793-e2ed7f8936c6,9240c4c6-422b-4ac5-b65d-321faac569ce,waymo_jaguar_ipace_2024,inspect,,2026-08-23T07:30:00Z,,twin
22222222-2222-2222-2222-222222222222,9e073bef-0b54-4868-931a-8d491e658f1f,964bd583-6d45-459b-8bca-4c415c0993d3,tesla_model_y_robotaxi_2024,inspect,,2026-08-23T07:30:00Z,,twin
22222222-2222-2222-2222-222222222222,164ff30d-4523-484a-a864-a49d01676e20,0d13e7d4-4707-44be-a233-8a3e849a23c5,waymo_jaguar_ipace_2024,inspect,,2026-08-23T07:30:00Z,,twin
22222222-2222-2222-2222-222222222222,d146b0d3-034b-445f-8630-5e82d4e71fb0,8ed8211d-aaa2-4051-b116-8f9f2501fc51,waymo_jaguar_ipace_2024,inspect,,2026-08-23T07:30:00Z,,twin
22222222-2222-2222-2222-222222222222,1475970b-9008-4929-825f-78e066ab6722,9926e267-5f69-4b21-b3ab-b4b3239c1b3b,zoox_robotaxi_2024,inspect,,2026-08-23T07:30:00Z,,twin
22222222-2222-2222-2222-222222222222,b228e63a-90a4-45a9-bc17-1171e72e3bea,8e00a933-eb0f-4d8e-9a0a-1d5b47ae95ed,zoox_robotaxi_2024,inspect,,2026-08-23T07:30:00Z,,twin
22222222-2222-2222-2222-222222222222,b9e37717-cafb-4e36-a124-a77f667101fc,55a6bddc-f019-4989-a335-81cbde15b44e,zoox_robotaxi_2024,inspect,,2026-08-23T07:30:00Z,,twin
22222222-2222-2222-2222-222222222222,,10b4f941-b257-4571-948d-cc7b72d0fb52,tesla_model_y_robotaxi_2024,interior_tidy,2026-08-23T07:30:00Z,2026-08-23T07:35:00Z,,twin
22222222-2222-2222-2222-222222222222,,6860a969-bb88-416f-a3bf-545884f04aa8,waymo_jaguar_ipace_2024,interior_tidy,2026-08-23T07:30:00Z,2026-08-23T07:34:00Z,,twin
22222222-2222-2222-2222-222222222222,45014fff-d85b-4949-aa6c-3026179489fb,053b8abd-e2b6-4b19-9bfc-314430947773,waymo_jaguar_ipace_2024,charge_dcfc,2026-08-23T07:30:00Z,2026-08-23T08:00:00Z,,twin
22222222-2222-2222-2222-222222222222,fc5d1dab-13fb-4dab-8cc9-6ac0a335b8f2,90c00fd5-03c2-4a5c-acdd-1fbcb709dfb2,tesla_model_y_robotaxi_2024,charge_dcfc,2026-08-23T07:30:00Z,2026-08-23T08:00:00Z,,twin
22222222-2222-2222-2222-222222222222,a8c45abd-6f8c-42d4-8707-8023d501411a,c98ef465-ea69-4da9-a0a8-55a9842b570b,zoox_robotaxi_2024,wash,2026-08-23T07:30:00Z,2026-08-23T07:40:29.806624Z,,twin
22222222-2222-2222-2222-222222222222,4f598f7a-899f-43a2-900e-06e8d7d94962,f72a1d21-3532-40ca-a69e-8ef5a4be38a0,zoox_robotaxi_2024,wash,2026-08-23T07:30:00Z,2026-08-23T07:39:50.526059Z,,twin
22222222-2222-2222-2222-222222222222,,f1776816-85e4-4ed0-8890-fe115c1c9f73,waymo_jaguar_ipace_2024,inspect,2026-08-23T07:57:00Z,2026-08-23T08:00:00Z,,twin
22222222-2222-2222-2222-222222222222,909457af-b93e-491e-a793-e2ed7f8936c6,99860ea8-ecf6-4bb7-8a59-52db6e90e8d9,waymo_jaguar_ipace_2024,inspect,2026-08-23T07:57:00Z,2026-08-23T08:00:00Z,,twin
22222222-2222-2222-2222-222222222222,164ff30d-4523-484a-a864-a49d01676e20,02734f04-7f30-40eb-beb2-36e5d401c697,zoox_robotaxi_2024,inspect,,2026-08-23T08:00:00Z,,twin
22222222-2222-2222-2222-222222222222,1cc14b7f-d2b3-477e-b069-079ca9f62571,ad5abf3e-30c0-461f-b268-471bbe24986b,zoox_robotaxi_2024,inspect,,2026-08-23T08:00:00Z,,twin
22222222-2222-2222-2222-222222222222,d146b0d3-034b-445f-8630-5e82d4e71fb0,964bd583-6d45-459b-8bca-4c415c0993d3,tesla_model_y_robotaxi_2024,inspect,,2026-08-23T08:00:00Z,,twin
22222222-2222-2222-2222-222222222222,94358f10-7755-46ce-a351-eb4f7ba1aee9,a6e9c009-82e7-4c32-b9be-d3feaad294ca,waymo_jaguar_ipace_2024,inspect,,2026-08-23T08:00:00Z,,twin
22222222-2222-2222-2222-222222222222,1475970b-9008-4929-825f-78e066ab6722,a5af28d4-d135-4617-a379-d20cf703d54d,tesla_model_y_robotaxi_2024,inspect,,2026-08-23T08:00:00Z,,twin
22222222-2222-2222-2222-222222222222,9e073bef-0b54-4868-931a-8d491e658f1f,9ec6cbc8-535e-4984-8fe2-1ac46abb9e00,waymo_jaguar_ipace_2024,inspect,,2026-08-23T08:00:00Z,,twin
22222222-2222-2222-2222-222222222222,21b60831-523f-4182-9223-072091eea2b2,acba173d-89ed-4221-a7f7-52ae57693c67,tesla_model_y_robotaxi_2024,inspect,,2026-08-23T08:00:00Z,,twin
22222222-2222-2222-2222-222222222222,b228e63a-90a4-45a9-bc17-1171e72e3bea,9240c4c6-422b-4ac5-b65d-321faac569ce,waymo_jaguar_ipace_2024,inspect,,2026-08-23T08:00:00Z,,twin
22222222-2222-2222-2222-222222222222,b9e37717-cafb-4e36-a124-a77f667101fc,8ed8211d-aaa2-4051-b116-8f9f2501fc51,waymo_jaguar_ipace_2024,inspect,,2026-08-23T08:00:00Z,,twin
22222222-2222-2222-2222-222222222222,909457af-b93e-491e-a793-e2ed7f8936c6,9926e267-5f69-4b21-b3ab-b4b3239c1b3b,zoox_robotaxi_2024,inspect,,2026-08-23T08:00:00Z,,twin
22222222-2222-2222-2222-222222222222,2e308e1f-ab85-4203-9684-5b96bdc38eec,51766e8e-fe42-436d-b37a-10215bdb6798,waymo_jaguar_ipace_2024,inspect,,2026-08-23T08:00:00Z,,twin
22222222-2222-2222-2222-222222222222,6865247b-0ca1-4f06-bee1-9a2a7e9df40e,b6e8b116-0650-4d3b-b4d7-d78bd454f7e0,tesla_model_y_robotaxi_2024,inspect,,2026-08-23T08:00:00Z,,twin
22222222-2222-2222-2222-222222222222,6d4318c0-3d29-456b-ad33-6e24ff620e49,838200a0-b464-4eb0-9cab-faaee1f80b5a,zoox_robotaxi_2024,inspect,,2026-08-23T08:00:00Z,,twin
